"CLINGEN DOSAGE SENSITIVITY CURATIONS (FULL)","","","","","","",""
"FILE CREATED: 2026-07-13","","","","","","",""
"WEBPAGE: https://search.clinicalgenome.org/kb/gene-dosage","","","","","","",""
"+++++++++++","+++++++++","++++++","++++++","++++++++++++++++++","+++++++++++++++++","+++++++++++++","++++"
"GENE/REGION","HGNC/ISCA","GRCh37","GRCh38","HAPLOINSUFFICIENCY","TRIPLOSENSITIVITY","ONLINE REPORT","DATE"
"+++++++++++","+++++++++","++++++","++++++","++++++++++++++++++","+++++++++++++++++","+++++++++++++","++++"
"A4GALT","HGNC:18149","chr22:43088127-43117307","chr22:42692121-42721301","Gene Associated with Autosomal Recessive Phenotype","No Evidence for Triplosensitivity","https://search.clinicalgenome.org/kb/gene-dosage/HGNC:18149","2014-12-11T15:51:23+00:00"
"AAGAB","HGNC:25662","chr15:67493005-67547536","chr15:67200667-67255198","Sufficient Evidence for Haploinsufficiency","No Evidence for Triplosensitivity","https://search.clinicalgenome.org/kb/gene-dosage/HGNC:25662","2013-02-28T20:17:25+00:00"
"AARS1","HGNC:20","chr16:70286201-70323409","chr16:70252298-70289506","No Evidence for Haploinsufficiency","No Evidence for Triplosensitivity","https://search.clinicalgenome.org/kb/gene-dosage/HGNC:20","2018-01-11T20:05:45+00:00"
"AARS2","HGNC:21022","chr6:44266468-44281084","chr6:44298731-44313347","Gene Associated with Autosomal Recessive Phenotype","Not yet evaluated","https://search.clinicalgenome.org/kb/gene-dosage/HGNC:21022","2025-06-27T13:19:05+00:00"
"AASS","HGNC:17366","chr7:121713603-121784303","chr7:122073549-122144249","Gene Associated with Autosomal Recessive Phenotype","No Evidence for Triplosensitivity","https://search.clinicalgenome.org/kb/gene-dosage/HGNC:17366","2025-10-08T15:56:37+00:00"
"ABAT","HGNC:23","chr16:8768474-8878427","chr16:8674617-8784570","Gene Associated with Autosomal Recessive Phenotype","Not yet evaluated","https://search.clinicalgenome.org/kb/gene-dosage/HGNC:23","2016-08-22T17:45:36+00:00"
"ABCB11","HGNC:42","chr2:169777291-169887834","chr2:168915390-169031324","Gene Associated with Autosomal Recessive Phenotype","No Evidence for Triplosensitivity","https://search.clinicalgenome.org/kb/gene-dosage/HGNC:42","2020-07-08T16:37:14+00:00"
"ABCB4","HGNC:45","chr7:87031012-87104996","chr7:87365896-87476027","Sufficient Evidence for Haploinsufficiency","No Evidence for Triplosensitivity","https://search.clinicalgenome.org/kb/gene-dosage/HGNC:45","2024-04-16T16:20:06+00:00"
"ABCC8","HGNC:59","chr11:17414045-17498392","chr11:17392498-17476845","Gene Associated with Autosomal Recessive Phenotype","No Evidence for Triplosensitivity","https://search.clinicalgenome.org/kb/gene-dosage/HGNC:59","2012-02-24T14:52:51+00:00"
"ABCD1","HGNC:61","chrX:152990311-153010209","chrX:153724856-153744755","Sufficient Evidence for Haploinsufficiency","No Evidence for Triplosensitivity","https://search.clinicalgenome.org/kb/gene-dosage/HGNC:61","2020-12-02T17:18:11+00:00"
"ABCG5","HGNC:13886","chr2:44039611-44065978","chr2:43806211-43839231","Gene Associated with Autosomal Recessive Phenotype","No Evidence for Triplosensitivity","https://search.clinicalgenome.org/kb/gene-dosage/HGNC:13886","2025-09-29T00:15:41+00:00"
"ABCG8","HGNC:13887","chr2:44066110-44110127","chr2:43838971-43882988","Gene Associated with Autosomal Recessive Phenotype","No Evidence for Triplosensitivity","https://search.clinicalgenome.org/kb/gene-dosage/HGNC:13887","2025-02-03T18:56:29+00:00"
"ABHD12","HGNC:15868","chr20:25275379-25371471","chr20:25294743-25390835","Gene Associated with Autosomal Recessive Phenotype","Not yet evaluated","https://search.clinicalgenome.org/kb/gene-dosage/HGNC:15868","2025-07-18T20:25:42+00:00"
"ABR","HGNC:81","chr17:906759-1133016","chr17:1003519-1229722","No Evidence for Haploinsufficiency","No Evidence for Triplosensitivity","https://search.clinicalgenome.org/kb/gene-dosage/HGNC:81","2012-09-05T14:36:50+00:00"
"ABRAXAS1","HGNC:25829","chr4:84380670-84406253","chr4:83459517-83485100","No Evidence for Haploinsufficiency","No Evidence for Triplosensitivity","https://search.clinicalgenome.org/kb/gene-dosage/HGNC:25829","2023-07-18T21:33:08+00:00"
"ACAD8","HGNC:87","chr11:134123462-134135749","chr11:134253568-134265855","Gene Associated with Autosomal Recessive Phenotype","No Evidence for Triplosensitivity","https://search.clinicalgenome.org/kb/gene-dosage/HGNC:87","2026-03-27T15:17:41+00:00"
"ACADM","HGNC:89","chr1:76190394-76229364","chr1:75724709-75763679","Gene Associated with Autosomal Recessive Phenotype","No Evidence for Triplosensitivity","https://search.clinicalgenome.org/kb/gene-dosage/HGNC:89","2016-08-22T16:04:53+00:00"
"ACADSB","HGNC:91","chr10:124768522-124817806","chr10:123009006-123058290","Gene Associated with Autosomal Recessive Phenotype","Not yet evaluated","https://search.clinicalgenome.org/kb/gene-dosage/HGNC:91","2016-08-22T17:45:39+00:00"
"ACADVL","HGNC:92","chr17:7120444-7128585","chr17:7217125-7225266","Gene Associated with Autosomal Recessive Phenotype","No Evidence for Triplosensitivity","https://search.clinicalgenome.org/kb/gene-dosage/HGNC:92","2025-09-26T15:42:04+00:00"
"ACD","HGNC:25070","chr16:67691415-67694163","chr16:67657512-67660260","No Evidence for Haploinsufficiency","No Evidence for Triplosensitivity","https://search.clinicalgenome.org/kb/gene-dosage/HGNC:25070","2025-04-24T15:25:55+00:00"
"ACOX1","HGNC:119","chr17:73937588-73975247","chr17:75941507-75979166","Gene Associated with Autosomal Recessive Phenotype","No Evidence for Triplosensitivity","https://search.clinicalgenome.org/kb/gene-dosage/HGNC:119","2025-12-12T15:41:26+00:00"
"ACP5","HGNC:124","chr19:11685475-11689790","chr19:11574660-11578975","Gene Associated with Autosomal Recessive Phenotype","No Evidence for Triplosensitivity","https://search.clinicalgenome.org/kb/gene-dosage/HGNC:124","2016-08-22T17:45:40+00:00"
"ACSF3","HGNC:27288","chr16:89160260-89222641","chr16:89093852-89156233","Gene Associated with Autosomal Recessive Phenotype","No Evidence for Triplosensitivity","https://search.clinicalgenome.org/kb/gene-dosage/HGNC:27288","2025-10-24T15:15:08+00:00"
"ACSL4","HGNC:3571","chrX:108884564-108976486","chrX:109641335-109733257","Little Evidence for Haploinsufficiency","No Evidence for Triplosensitivity","https://search.clinicalgenome.org/kb/gene-dosage/HGNC:3571","2025-06-10T16:33:26+00:00"
"ACTA2","HGNC:130","chr10:90694831-90751154","chr10:88935074-88991337","Little Evidence for Haploinsufficiency","No Evidence for Triplosensitivity","https://search.clinicalgenome.org/kb/gene-dosage/HGNC:130","2022-09-28T17:20:42+00:00"
"ACTB","HGNC:132","chr7:5566779-5570232","chr7:5527148-5530601","No Evidence for Haploinsufficiency","No Evidence for Triplosensitivity","https://search.clinicalgenome.org/kb/gene-dosage/HGNC:132","2022-02-08T17:17:21+00:00"
"ACTC1","HGNC:143","chr15:35082431-35087750","chr15:34790230-34795549","Little Evidence for Haploinsufficiency","No Evidence for Triplosensitivity","https://search.clinicalgenome.org/kb/gene-dosage/HGNC:143","2024-09-10T16:57:33+00:00"
"ACTL6B","HGNC:160","chr7:100240720-100254071","chr7:100643097-100656448","Gene Associated with Autosomal Recessive Phenotype","Not yet evaluated","https://search.clinicalgenome.org/kb/gene-dosage/HGNC:160","2022-11-23T17:22:31+00:00"
"ACVRL1","HGNC:175","chr12:52301288-52317145","chr12:51906944-51923361","Sufficient Evidence for Haploinsufficiency","No Evidence for Triplosensitivity","https://search.clinicalgenome.org/kb/gene-dosage/HGNC:175","2025-02-11T17:43:39+00:00"
"ADA2","HGNC:1839","chr22:17659680-17702738","chr22:17178790-17221848","Gene Associated with Autosomal Recessive Phenotype","No Evidence for Triplosensitivity","https://search.clinicalgenome.org/kb/gene-dosage/HGNC:1839","2025-10-24T15:24:06+00:00"
"ADAM9","HGNC:216","chr8:38854492-38962780","chr8:38996973-39105261","Gene Associated with Autosomal Recessive Phenotype","No Evidence for Triplosensitivity","https://search.clinicalgenome.org/kb/gene-dosage/HGNC:216","2026-03-27T15:21:39+00:00"
"ADAMTS13","HGNC:1366","chr9:136279457-136324508","chr9:133414337-133459386","Gene Associated with Autosomal Recessive Phenotype","Not yet evaluated","https://search.clinicalgenome.org/kb/gene-dosage/HGNC:1366","2016-08-22T17:45:42+00:00"
"ADAMTS17","HGNC:17109","chr15:100511642-100882180","chr15:99971437-100341975","Gene Associated with Autosomal Recessive Phenotype","No Evidence for Triplosensitivity","https://search.clinicalgenome.org/kb/gene-dosage/HGNC:17109","2016-08-22T17:45:43+00:00"
"ADAMTS18","HGNC:17110","chr16:77316025-77468931","chr16:77282128-77435034","Gene Associated with Autosomal Recessive Phenotype","No Evidence for Triplosensitivity","https://search.clinicalgenome.org/kb/gene-dosage/HGNC:17110","2016-08-22T17:45:43+00:00"
"ADAMTS2","HGNC:218","chr5:178537854-178772462","chr5:179110853-179345461","Gene Associated with Autosomal Recessive Phenotype","No Evidence for Triplosensitivity","https://search.clinicalgenome.org/kb/gene-dosage/HGNC:218","2016-08-22T17:45:44+00:00"
"ADAMTSL2","HGNC:14631","chr9:136397286-136440641","chr9:133532164-133575519","Gene Associated with Autosomal Recessive Phenotype","No Evidence for Triplosensitivity","https://search.clinicalgenome.org/kb/gene-dosage/HGNC:14631","2016-08-22T17:45:45+00:00"
"ADGRG1","HGNC:4512","chr16:57653650-57699479","chr16:57619738-57665567","Gene Associated with Autosomal Recessive Phenotype","No Evidence for Triplosensitivity","https://search.clinicalgenome.org/kb/gene-dosage/HGNC:4512","2025-10-24T15:31:17+00:00"
"ADGRV1","HGNC:17416","chr5:89854614-90460254","chr5:90558797-91164437","Gene Associated with Autosomal Recessive Phenotype","No Evidence for Triplosensitivity","https://search.clinicalgenome.org/kb/gene-dosage/HGNC:17416","2021-08-23T16:03:40+00:00"
"ADNP","HGNC:15766","chr20:49505455-49547974","chr20:50888918-50931437","Sufficient Evidence for Haploinsufficiency","No Evidence for Triplosensitivity","https://search.clinicalgenome.org/kb/gene-dosage/HGNC:15766","2017-11-22T17:55:30+00:00"
"ADSL","HGNC:291","chr22:40742504-40783531","chr22:40346500-40387527","Gene Associated with Autosomal Recessive Phenotype","No Evidence for Triplosensitivity","https://search.clinicalgenome.org/kb/gene-dosage/HGNC:291","2015-11-06T04:36:44+00:00"
"AFF2","HGNC:3776","chrX:147582137-148082193","chrX:148500617-149000663","Sufficient Evidence for Haploinsufficiency","No Evidence for Triplosensitivity","https://search.clinicalgenome.org/kb/gene-dosage/HGNC:3776","2020-12-08T17:30:05+00:00"
"AGA","HGNC:318","chr4:178351928-178363591","chr4:177430774-177442437","Gene Associated with Autosomal Recessive Phenotype","No Evidence for Triplosensitivity","https://search.clinicalgenome.org/kb/gene-dosage/HGNC:318","2026-02-05T20:48:09+00:00"
"AGAP2","HGNC:16921","chr12:58117544-58135944","chr12:57723761-57742161","No Evidence for Haploinsufficiency","No Evidence for Triplosensitivity","https://search.clinicalgenome.org/kb/gene-dosage/HGNC:16921","2025-02-26T17:31:24+00:00"
"AGK","HGNC:21869","chr7:141251210-141355044","chr7:141551410-141655244","Gene Associated with Autosomal Recessive Phenotype","No Evidence for Triplosensitivity","https://search.clinicalgenome.org/kb/gene-dosage/HGNC:21869","2025-09-26T15:14:44+00:00"
"AGO4","HGNC:18424","chr1:36273237-36323491","chr1:35807636-35857890","No Evidence for Haploinsufficiency","No Evidence for Triplosensitivity","https://search.clinicalgenome.org/kb/gene-dosage/HGNC:18424","2024-10-08T16:59:32+00:00"
"AGPAT2","HGNC:325","chr9:139567595-139581909","chr9:136673143-136687457","Gene Associated with Autosomal Recessive Phenotype","No Evidence for Triplosensitivity","https://search.clinicalgenome.org/kb/gene-dosage/HGNC:325","2016-08-22T17:45:46+00:00"
"AGRN","HGNC:329","chr1:955500-991496","chr1:1020120-1056116","Gene Associated with Autosomal Recessive Phenotype","No Evidence for Triplosensitivity","https://search.clinicalgenome.org/kb/gene-dosage/HGNC:329","2016-08-22T17:45:47+00:00"
"AGT","HGNC:333","chr1:230838269-230881329","chr1:230702523-230745583","Gene Associated with Autosomal Recessive Phenotype","No Evidence for Triplosensitivity","https://search.clinicalgenome.org/kb/gene-dosage/HGNC:333","2014-11-13T15:04:16+00:00"
"AGTR2","HGNC:338","chrX:115301997-115306227","chrX:116170744-116174974","No Evidence for Haploinsufficiency","No Evidence for Triplosensitivity","https://search.clinicalgenome.org/kb/gene-dosage/HGNC:338","2012-05-10T13:30:11+00:00"
"AGXT","HGNC:341","chr2:241808241-241819917","chr2:240868824-240880500","Gene Associated with Autosomal Recessive Phenotype","Not yet evaluated","https://search.clinicalgenome.org/kb/gene-dosage/HGNC:341","2016-08-22T17:45:48+00:00"
"AHCY","HGNC:343","chr20:32868074-32899608","chr20:34231981-34311836","Gene Associated with Autosomal Recessive Phenotype","No Evidence for Triplosensitivity","https://search.clinicalgenome.org/kb/gene-dosage/HGNC:343","2016-06-08T14:14:30+00:00"
"AHDC1","HGNC:25230","chr1:27860756-27930655","chr1:27534245-27604227","Sufficient Evidence for Haploinsufficiency","No Evidence for Triplosensitivity","https://search.clinicalgenome.org/kb/gene-dosage/HGNC:25230","2018-02-28T17:31:33+00:00"
"AHI1","HGNC:21575","chr6:135604670-135818878","chr6:135283532-135497740","Gene Associated with Autosomal Recessive Phenotype","No Evidence for Triplosensitivity","https://search.clinicalgenome.org/kb/gene-dosage/HGNC:21575","2025-09-26T15:29:08+00:00"
"AICDA","HGNC:13203","chr12:8754766-8765455","chr12:8602170-8612859","Gene Associated with Autosomal Recessive Phenotype","Not yet evaluated","https://search.clinicalgenome.org/kb/gene-dosage/HGNC:13203","2016-08-22T17:45:48+00:00"
"AIFM1","HGNC:8768","chrX:129263337-129299815","chrX:130129362-130165841","No Evidence for Haploinsufficiency","No Evidence for Triplosensitivity","https://search.clinicalgenome.org/kb/gene-dosage/HGNC:8768","2025-04-23T16:53:19+00:00"
"AIMP1","HGNC:10648","chr4:107236701-107270613","chr4:106315544-106349456","Gene Associated with Autosomal Recessive Phenotype","No Evidence for Triplosensitivity","https://search.clinicalgenome.org/kb/gene-dosage/HGNC:10648","2016-08-22T17:45:49+00:00"
"AKT1","HGNC:391","chr14:105235686-105262085","chr14:104769349-104795748","No Evidence for Haploinsufficiency","No Evidence for Triplosensitivity","https://search.clinicalgenome.org/kb/gene-dosage/HGNC:391","2022-01-25T18:10:51+00:00"
"AKT2","HGNC:392","chr19:40736224-40791252","chr19:40230317-40285345","No Evidence for Haploinsufficiency","No Evidence for Triplosensitivity","https://search.clinicalgenome.org/kb/gene-dosage/HGNC:392","2015-05-07T13:10:30+00:00"
"AKT3","HGNC:393","chr1:243651535-244014381","chr1:243488233-243851079","Little Evidence for Haploinsufficiency","No Evidence for Triplosensitivity","https://search.clinicalgenome.org/kb/gene-dosage/HGNC:393","2023-05-09T16:50:48+00:00"
"ALAD","HGNC:395","chr9:116148592-116163564","chr9:113386312-113401284","Gene Associated with Autosomal Recessive Phenotype","Not yet evaluated","https://search.clinicalgenome.org/kb/gene-dosage/HGNC:395","2016-08-22T17:45:50+00:00"
"ALDH1A3","HGNC:409","chr15:101420036-101456831","chr15:100879831-100916626","Gene Associated with Autosomal Recessive Phenotype","No Evidence for Triplosensitivity","https://search.clinicalgenome.org/kb/gene-dosage/HGNC:409","2016-08-22T17:45:51+00:00"
"ALDH3A2","HGNC:403","chr17:19551449-19580909","chr17:19648136-19677596","Gene Associated with Autosomal Recessive Phenotype","Not yet evaluated","https://search.clinicalgenome.org/kb/gene-dosage/HGNC:403","2016-08-22T17:45:52+00:00"
"ALDH4A1","HGNC:406","chr1:19197924-19229049","chr1:18871430-18902555","Gene Associated with Autosomal Recessive Phenotype","No Evidence for Triplosensitivity","https://search.clinicalgenome.org/kb/gene-dosage/HGNC:406","2025-11-21T16:23:07+00:00"
"ALDH5A1","HGNC:408","chr6:24495197-24537435","chr6:24494969-24537207","Gene Associated with Autosomal Recessive Phenotype","No Evidence for Triplosensitivity","https://search.clinicalgenome.org/kb/gene-dosage/HGNC:408","2016-08-22T17:45:53+00:00"
"ALDOA","HGNC:414","chr16:30075600-30081741","chr16:30064279-30070420","Gene Associated with Autosomal Recessive Phenotype","Not yet evaluated","https://search.clinicalgenome.org/kb/gene-dosage/HGNC:414","2016-08-22T17:45:54+00:00"
"ALG1","HGNC:18294","chr16:5121844-5137380","chr16:5071843-5087379","Gene Associated with Autosomal Recessive Phenotype","Not yet evaluated","https://search.clinicalgenome.org/kb/gene-dosage/HGNC:18294","2016-08-22T17:45:54+00:00"
"ALG12","HGNC:19358","chr22:50293877-50312086","chr22:49859311-49918438","Gene Associated with Autosomal Recessive Phenotype","No Evidence for Triplosensitivity","https://search.clinicalgenome.org/kb/gene-dosage/HGNC:19358","2016-08-22T17:45:55+00:00"
"ALG13","HGNC:30881","chrX:110924398-111003877","chrX:111681170-111760649","Little Evidence for Haploinsufficiency","No Evidence for Triplosensitivity","https://search.clinicalgenome.org/kb/gene-dosage/HGNC:30881","2025-04-23T16:39:23+00:00"
"ALG2","HGNC:23159","chr9:101978707-101984224","chr9:99216425-99221942","Gene Associated with Autosomal Recessive Phenotype","Not yet evaluated","https://search.clinicalgenome.org/kb/gene-dosage/HGNC:23159","2016-08-22T17:45:56+00:00"
"ALG6","HGNC:23157","chr1:63833298-63904224","chr1:63367627-63438553","Gene Associated with Autosomal Recessive Phenotype","Not yet evaluated","https://search.clinicalgenome.org/kb/gene-dosage/HGNC:23157","2016-08-22T17:45:57+00:00"
"ALK","HGNC:427","chr2:29415640-30144452","chr2:29192774-29921586","No Evidence for Haploinsufficiency","No Evidence for Triplosensitivity","https://search.clinicalgenome.org/kb/gene-dosage/HGNC:427","2025-06-23T20:06:55+00:00"
"ALMS1","HGNC:428","chr2:73612886-73837046","chr2:73385758-73609919","Gene Associated with Autosomal Recessive Phenotype","No Evidence for Triplosensitivity","https://search.clinicalgenome.org/kb/gene-dosage/HGNC:428","2016-08-22T17:45:58+00:00"
"ALS2","HGNC:443","chr2:202564990-202645656","chr2:201700267-201780933","Gene Associated with Autosomal Recessive Phenotype","No Evidence for Triplosensitivity","https://search.clinicalgenome.org/kb/gene-dosage/HGNC:443","2026-02-05T20:15:17+00:00"
"ALX4","HGNC:450","chr11:44281990-44331689","chr11:44260440-44310139","Sufficient Evidence for Haploinsufficiency","No Evidence for Triplosensitivity","https://search.clinicalgenome.org/kb/gene-dosage/HGNC:450","2020-07-22T17:39:04+00:00"
"AMH","HGNC:464","chr19:2249322-2252072","chr19:2249323-2252073","Gene Associated with Autosomal Recessive Phenotype","Not yet evaluated","https://search.clinicalgenome.org/kb/gene-dosage/HGNC:464","2016-08-22T17:45:59+00:00"
"AMN","HGNC:14604","chr14:103389000-103397179","chr14:102922663-102930842","Gene Associated with Autosomal Recessive Phenotype","No Evidence for Triplosensitivity","https://search.clinicalgenome.org/kb/gene-dosage/HGNC:14604","2016-08-22T17:46:00+00:00"
"ANGPTL3","HGNC:491","chr1:63063191-63071984","chr1:62597520-62606313","Gene Associated with Autosomal Recessive Phenotype","No Evidence for Triplosensitivity","https://search.clinicalgenome.org/kb/gene-dosage/HGNC:491","2026-06-30T20:27:48+00:00"
"ANK2","HGNC:493","chr4:113626778-114304892","chr4:112705622-113383736","Sufficient Evidence for Haploinsufficiency","No Evidence for Triplosensitivity","https://search.clinicalgenome.org/kb/gene-dosage/HGNC:493","2025-01-14T17:11:45+00:00"
"ANKH","HGNC:15492","chr5:14704909-14871887","chr5:14704800-14871778","No Evidence for Haploinsufficiency","No Evidence for Triplosensitivity","https://search.clinicalgenome.org/kb/gene-dosage/HGNC:15492","2022-02-23T18:51:21+00:00"
"ANKRD11","HGNC:21316","chr16:89334038-89556969","chr16:89267630-89490561","Sufficient Evidence for Haploinsufficiency","No Evidence for Triplosensitivity","https://search.clinicalgenome.org/kb/gene-dosage/HGNC:21316","2022-06-14T16:16:46+00:00"
"ANKRD17","HGNC:23575","chr4:73939093-74124515","chr4:73073376-73258798","Sufficient Evidence for Haploinsufficiency","No Evidence for Triplosensitivity","https://search.clinicalgenome.org/kb/gene-dosage/HGNC:23575","2023-04-11T16:22:41+00:00"
"ANKRD26","HGNC:29186","chr10:27293045-27389423","chr10:26947582-27100494","No Evidence for Haploinsufficiency","No Evidence for Triplosensitivity","https://search.clinicalgenome.org/kb/gene-dosage/HGNC:29186","2023-10-10T16:23:50+00:00"
"ANKS1B","HGNC:24600","chr12:99128564-100378714","chr12:98734786-99984936","Little Evidence for Haploinsufficiency","Not yet evaluated","https://search.clinicalgenome.org/kb/gene-dosage/HGNC:24600","2026-06-09T16:58:55+00:00"
"ANKS6","HGNC:26724","chr9:101494291-101558837","chr9:98732009-98796555","Gene Associated with Autosomal Recessive Phenotype","Not yet evaluated","https://search.clinicalgenome.org/kb/gene-dosage/HGNC:26724","2016-08-22T17:46:02+00:00"
"ANOS1","HGNC:6211","chrX:8496915-8700178","chrX:8528874-8732137","Sufficient Evidence for Haploinsufficiency","No Evidence for Triplosensitivity","https://search.clinicalgenome.org/kb/gene-dosage/HGNC:6211","2021-05-26T17:04:49+00:00"
"ANTXR2","HGNC:21732","chr4:80822300-80994626","chr4:79901146-80073472","Gene Associated with Autosomal Recessive Phenotype","No Evidence for Triplosensitivity","https://search.clinicalgenome.org/kb/gene-dosage/HGNC:21732","2025-11-21T16:36:41+00:00"
"AP1S2","HGNC:560","chrX:15843929-15872936","chrX:15825806-15854813","Sufficient Evidence for Haploinsufficiency","No Evidence for Triplosensitivity","https://search.clinicalgenome.org/kb/gene-dosage/HGNC:560","2021-04-28T16:13:16+00:00"
"AP4B1","HGNC:572","chr1:114436816-114447650","chr1:113894194-113905028","Gene Associated with Autosomal Recessive Phenotype","No Evidence for Triplosensitivity","https://search.clinicalgenome.org/kb/gene-dosage/HGNC:572","2025-11-21T16:57:07+00:00"
"AP4S1","HGNC:575","chr14:31494312-31565656","chr14:31025106-31096450","Gene Associated with Autosomal Recessive Phenotype","No Evidence for Triplosensitivity","https://search.clinicalgenome.org/kb/gene-dosage/HGNC:575","2026-02-27T16:38:46+00:00"
"APC","HGNC:583","chr5:112043195-112181936","chr5:112707498-112846239","Sufficient Evidence for Haploinsufficiency","No Evidence for Triplosensitivity","https://search.clinicalgenome.org/kb/gene-dosage/HGNC:583","2021-07-19T02:10:32+00:00"
"APOB","HGNC:603","chr2:21224301-21266945","chr2:21001429-21044073","Sufficient Evidence for Haploinsufficiency","No Evidence for Triplosensitivity","https://search.clinicalgenome.org/kb/gene-dosage/HGNC:603","2020-04-09T20:59:06+00:00"
"APOC2","HGNC:609","chr19:45449308-45452822","chr19:44946051-44949565","Gene Associated with Autosomal Recessive Phenotype","Not yet evaluated","https://search.clinicalgenome.org/kb/gene-dosage/HGNC:609","2016-08-22T17:46:06+00:00"
"APP","HGNC:620","chr21:27252861-27543446","chr21:25880550-26171128","No Evidence for Haploinsufficiency","Little Evidence for Triplosensitivity","https://search.clinicalgenome.org/kb/gene-dosage/HGNC:620","2025-10-27T14:38:26+00:00"
"AR","HGNC:644","chrX:66763863-66950461","chrX:67544021-67730619","Sufficient Evidence for Haploinsufficiency","No Evidence for Triplosensitivity","https://search.clinicalgenome.org/kb/gene-dosage/HGNC:644","2020-12-08T17:09:48+00:00"
"ARCN1","HGNC:649","chr11:118443124-118473748","chr11:118572409-118603033","Sufficient Evidence for Haploinsufficiency","No Evidence for Triplosensitivity","https://search.clinicalgenome.org/kb/gene-dosage/HGNC:649","2022-05-10T16:22:31+00:00"
"ARFGEF2","HGNC:15853","chr20:47538248-47653230","chr20:48921711-49036693","Gene Associated with Autosomal Recessive Phenotype","No Evidence for Triplosensitivity","https://search.clinicalgenome.org/kb/gene-dosage/HGNC:15853","2026-01-23T16:53:34+00:00"
"ARG1","HGNC:663","chr6:131894366-131905469","chr6:131573226-131584329","Gene Associated with Autosomal Recessive Phenotype","No Evidence for Triplosensitivity","https://search.clinicalgenome.org/kb/gene-dosage/HGNC:663","2016-08-22T17:46:07+00:00"
"ARHGAP11B","HGNC:15782","chr15:30918331-30941432","chr15:30626128-30649229","No Evidence for Haploinsufficiency","No Evidence for Triplosensitivity","https://search.clinicalgenome.org/kb/gene-dosage/HGNC:15782","2023-03-28T17:48:23+00:00"
"ARHGAP31","HGNC:29216","chr3:119013230-119139561","chr3:119294383-119420714","No Evidence for Haploinsufficiency","No Evidence for Triplosensitivity","https://search.clinicalgenome.org/kb/gene-dosage/HGNC:29216","2023-06-13T16:29:25+00:00"
"ARHGEF4","HGNC:684","chr2:131594487-131804826","chr2:130836914-131047253","No Evidence for Haploinsufficiency","No Evidence for Triplosensitivity","https://search.clinicalgenome.org/kb/gene-dosage/HGNC:684","2018-04-05T18:17:22+00:00"
"ARHGEF6","HGNC:685","chrX:135747709-135863091","chrX:136665550-136780932","No Evidence for Haploinsufficiency","No Evidence for Triplosensitivity","https://search.clinicalgenome.org/kb/gene-dosage/HGNC:685","2012-04-25T19:40:11+00:00"
"ARHGEF9","HGNC:14561","chrX:62854847-63005094","chrX:63634967-63785214","Sufficient Evidence for Haploinsufficiency","No Evidence for Triplosensitivity","https://search.clinicalgenome.org/kb/gene-dosage/HGNC:14561","2021-11-25T02:41:01+00:00"
"ARID1A","HGNC:11110","chr1:27022506-27108595","chr1:26696015-26782104","Sufficient Evidence for Haploinsufficiency","No Evidence for Triplosensitivity","https://search.clinicalgenome.org/kb/gene-dosage/HGNC:11110","2020-05-27T16:53:48+00:00"
"ARID1B","HGNC:18040","chr6:157097160-157531913","chr6:156776026-157210779","Sufficient Evidence for Haploinsufficiency","No Evidence for Triplosensitivity","https://search.clinicalgenome.org/kb/gene-dosage/HGNC:18040","2021-05-26T16:28:52+00:00"
"ARID2","HGNC:18037","chr12:46123489-46301820","chr12:45729706-45908037","Sufficient Evidence for Haploinsufficiency","No Evidence for Triplosensitivity","https://search.clinicalgenome.org/kb/gene-dosage/HGNC:18037","2019-06-26T16:51:18+00:00"
"ARL6","HGNC:13210","chr3:97483365-97520086","chr3:97764521-97801242","Gene Associated with Autosomal Recessive Phenotype","No Evidence for Triplosensitivity","https://search.clinicalgenome.org/kb/gene-dosage/HGNC:13210","2016-08-22T17:46:08+00:00"
"ARL6IP1","HGNC:697","chr16:18802989-18812871","chr16:18791667-18801549","Gene Associated with Autosomal Recessive Phenotype","Not yet evaluated","https://search.clinicalgenome.org/kb/gene-dosage/HGNC:697","2016-08-22T17:46:09+00:00"
"ARSA","HGNC:713","chr22:51061182-51066580","chr22:50622754-50628152","Gene Associated with Autosomal Recessive Phenotype","No Evidence for Triplosensitivity","https://search.clinicalgenome.org/kb/gene-dosage/HGNC:713","2012-09-05T14:38:59+00:00"
"ARSD","HGNC:717","chrX:2822013-2847380","chrX:2903972-2929339","No Evidence for Haploinsufficiency","No Evidence for Triplosensitivity","https://search.clinicalgenome.org/kb/gene-dosage/HGNC:717","2016-07-21T21:14:39+00:00"
"ARSL","HGNC:719","chrX:2852562-2886286","chrX:2934521-2968245","Sufficient Evidence for Haploinsufficiency","No Evidence for Triplosensitivity","https://search.clinicalgenome.org/kb/gene-dosage/HGNC:719","2012-07-12T19:08:24+00:00"
"ARX","HGNC:18060","chrX:25021811-25034082","chrX:25003694-25015965","Sufficient Evidence for Haploinsufficiency","No Evidence for Triplosensitivity","https://search.clinicalgenome.org/kb/gene-dosage/HGNC:18060","2019-12-05T15:51:07+00:00"
"ASAH1","HGNC:735","chr8:17913501-17942470","chr8:18055992-18084961","Gene Associated with Autosomal Recessive Phenotype","No Evidence for Triplosensitivity","https://search.clinicalgenome.org/kb/gene-dosage/HGNC:735","2017-09-12T01:02:04+00:00"
"ASH1L","HGNC:19088","chr1:155305059-155532594","chr1:155335268-155563202","Sufficient Evidence for Haploinsufficiency","No Evidence for Triplosensitivity","https://search.clinicalgenome.org/kb/gene-dosage/HGNC:19088","2017-12-27T17:05:55+00:00"
"ASL","HGNC:746","chr7:65540806-65558563","chr7:66075819-66093576","Gene Associated with Autosomal Recessive Phenotype","No Evidence for Triplosensitivity","https://search.clinicalgenome.org/kb/gene-dosage/HGNC:746","2026-05-26T14:31:20+00:00"
"ASPA","HGNC:756","chr17:3377404-3406699","chr17:3474110-3503405","Gene Associated with Autosomal Recessive Phenotype","No Evidence for Triplosensitivity","https://search.clinicalgenome.org/kb/gene-dosage/HGNC:756","2026-02-27T16:17:49+00:00"
"ASPH","HGNC:757","chr8:62413115-62627151","chr8:61500556-61714592","Gene Associated with Autosomal Recessive Phenotype","Not yet evaluated","https://search.clinicalgenome.org/kb/gene-dosage/HGNC:757","2016-08-22T17:46:12+00:00"
"ASPM","HGNC:19048","chr1:197053257-197115799","chr1:197084127-197146669","Gene Associated with Autosomal Recessive Phenotype","No Evidence for Triplosensitivity","https://search.clinicalgenome.org/kb/gene-dosage/HGNC:19048","2026-01-23T16:35:18+00:00"
"ASPNAT","HGNC:26742","chr4:2061054-2070816","chr4:2059327-2069089","Gene Associated with Autosomal Recessive Phenotype","No Evidence for Triplosensitivity","https://search.clinicalgenome.org/kb/gene-dosage/HGNC:26742","2016-08-22T17:50:34+00:00"
"ASTN2","HGNC:17021","chr9:119185391-120177335","chr9:116423112-117415057","Little Evidence for Haploinsufficiency","No Evidence for Triplosensitivity","https://search.clinicalgenome.org/kb/gene-dosage/HGNC:17021","2021-03-09T17:57:18+00:00"
"ASXL1","HGNC:18318","chr20:30946134-31027122","chr20:32358331-32439319","Sufficient Evidence for Haploinsufficiency","No Evidence for Triplosensitivity","https://search.clinicalgenome.org/kb/gene-dosage/HGNC:18318","2013-03-14T19:15:48+00:00"
"ASXL2","HGNC:23805","chr2:25956622-26101356","chr2:25733753-25878487","No Evidence for Haploinsufficiency","No Evidence for Triplosensitivity","https://search.clinicalgenome.org/kb/gene-dosage/HGNC:23805","2018-06-28T13:53:56+00:00"
"ASXL3","HGNC:29357","chr18:31158183-31331159","chr18:33578219-33751195","Sufficient Evidence for Haploinsufficiency","No Evidence for Triplosensitivity","https://search.clinicalgenome.org/kb/gene-dosage/HGNC:29357","2017-11-22T17:58:47+00:00"
"ATCAY","HGNC:779","chr19:3880683-3928080","chr19:3880685-3928082","Gene Associated with Autosomal Recessive Phenotype","Not yet evaluated","https://search.clinicalgenome.org/kb/gene-dosage/HGNC:779","2016-08-22T17:46:14+00:00"
"ATF6","HGNC:791","chr1:161736110-161933860","chr1:161766320-161964070","Gene Associated with Autosomal Recessive Phenotype","No Evidence for Triplosensitivity","https://search.clinicalgenome.org/kb/gene-dosage/HGNC:791","2026-01-23T16:45:22+00:00"
"ATM","HGNC:795","chr11:108093794-108239829","chr11:108223067-108369102","Sufficient Evidence for Haploinsufficiency","No Evidence for Triplosensitivity","https://search.clinicalgenome.org/kb/gene-dosage/HGNC:795","2020-04-08T17:01:25+00:00"
"ATP10A","HGNC:13542","chr15:25923859-26108349","chr15:25672237-25865088","No Evidence for Haploinsufficiency","No Evidence for Triplosensitivity","https://search.clinicalgenome.org/kb/gene-dosage/HGNC:13542","2012-04-25T01:41:07+00:00"
"ATP13A2","HGNC:30213","chr1:17312453-17338423","chr1:16985958-17011928","Gene Associated with Autosomal Recessive Phenotype","No Evidence for Triplosensitivity","https://search.clinicalgenome.org/kb/gene-dosage/HGNC:30213","2026-04-17T19:17:58+00:00"
"ATP2A1","HGNC:811","chr16:28889809-28915787","chr16:28878488-28904466","Gene Associated with Autosomal Recessive Phenotype","No Evidence for Triplosensitivity","https://search.clinicalgenome.org/kb/gene-dosage/HGNC:811","2016-08-22T17:46:15+00:00"
"ATP2A2","HGNC:812","chr12:110719052-110788898","chr12:110280616-110351093","Sufficient Evidence for Haploinsufficiency","No Evidence for Triplosensitivity","https://search.clinicalgenome.org/kb/gene-dosage/HGNC:812","2026-06-09T16:13:50+00:00"
"ATP2C2","HGNC:29103","chr16:84402144-84497793","chr16:84368538-84464187","No Evidence for Haploinsufficiency","No Evidence for Triplosensitivity","https://search.clinicalgenome.org/kb/gene-dosage/HGNC:29103","2018-09-17T17:53:59+00:00"
"ATP6AP2","HGNC:18305","chrX:40440222-40466100","chrX:40580970-40606848","No Evidence for Haploinsufficiency","No Evidence for Triplosensitivity","https://search.clinicalgenome.org/kb/gene-dosage/HGNC:18305","2012-10-31T18:37:06+00:00"
"ATP6V0A2","HGNC:18481","chr12:124196900-124246302","chr12:123712353-123761755","Gene Associated with Autosomal Recessive Phenotype","No Evidence for Triplosensitivity","https://search.clinicalgenome.org/kb/gene-dosage/HGNC:18481","2026-04-24T15:26:28+00:00"
"ATP6V0A4","HGNC:866","chr7:138391039-138482941","chr7:138706294-138798196","Gene Associated with Autosomal Recessive Phenotype","Not yet evaluated","https://search.clinicalgenome.org/kb/gene-dosage/HGNC:866","2016-08-22T17:46:16+00:00"
"ATP6V1E1","HGNC:857","chr22:18074902-18111588","chr22:17592136-17628822","No Evidence for Haploinsufficiency","No Evidence for Triplosensitivity","https://search.clinicalgenome.org/kb/gene-dosage/HGNC:857","2012-04-26T22:40:17+00:00"
"ATP7A","HGNC:869","chrX:77166190-77305892","chrX:77910693-78050395","Sufficient Evidence for Haploinsufficiency","No Evidence for Triplosensitivity","https://search.clinicalgenome.org/kb/gene-dosage/HGNC:869","2021-03-24T16:30:24+00:00"
"ATP7B","HGNC:870","chr13:52506805-52585586","chr13:51932669-52012132","Gene Associated with Autosomal Recessive Phenotype","No Evidence for Triplosensitivity","https://search.clinicalgenome.org/kb/gene-dosage/HGNC:870","2026-02-27T16:24:20+00:00"
"ATP8A2","HGNC:13533","chr13:25946112-26599989","chr13:25371974-26025851","Gene Associated with Autosomal Recessive Phenotype","No Evidence for Triplosensitivity","https://search.clinicalgenome.org/kb/gene-dosage/HGNC:13533","2023-03-28T16:15:31+00:00"
"ATPAF2","HGNC:18802","chr17:17921335-17942482","chr17:18015059-18039168","Gene Associated with Autosomal Recessive Phenotype","No Evidence for Triplosensitivity","https://search.clinicalgenome.org/kb/gene-dosage/HGNC:18802","2016-08-22T17:46:17+00:00"
"ATR","HGNC:882","chr3:142168077-142297575","chr3:142449235-142578733","Little Evidence for Haploinsufficiency","No Evidence for Triplosensitivity","https://search.clinicalgenome.org/kb/gene-dosage/HGNC:882","2020-06-05T20:24:49+00:00"
"ATRX","HGNC:886","chrX:76760358-77041702","chrX:77504880-77786216","Sufficient Evidence for Haploinsufficiency","No Evidence for Triplosensitivity","https://search.clinicalgenome.org/kb/gene-dosage/HGNC:886","2012-07-31T20:43:57+00:00"
"AUTS2","HGNC:14262","chr7:69063461-70258492","chr7:69598475-70793506","Sufficient Evidence for Haploinsufficiency","No Evidence for Triplosensitivity","https://search.clinicalgenome.org/kb/gene-dosage/HGNC:14262","2020-06-24T16:20:48+00:00"
"AVPR2","HGNC:897","chrX:153168079-153172620","chrX:153902625-153907166","Sufficient Evidence for Haploinsufficiency","No Evidence for Triplosensitivity","https://search.clinicalgenome.org/kb/gene-dosage/HGNC:897","2021-02-01T17:25:21+00:00"
"AXIN2","HGNC:904","chr17:63524681-63557766","chr17:65528563-65561648","Sufficient Evidence for Haploinsufficiency","No Evidence for Triplosensitivity","https://search.clinicalgenome.org/kb/gene-dosage/HGNC:904","2021-12-08T17:17:50+00:00"
"B3GALNT2","HGNC:28596","chr1:235610505-235667752","chr1:235439796-235504452","Gene Associated with Autosomal Recessive Phenotype","Not yet evaluated","https://search.clinicalgenome.org/kb/gene-dosage/HGNC:28596","2016-08-22T17:46:20+00:00"
"B3GALT6","HGNC:17978","chr1:1167617-1170421","chr1:1232237-1235041","Gene Associated with Autosomal Recessive Phenotype","No Evidence for Triplosensitivity","https://search.clinicalgenome.org/kb/gene-dosage/HGNC:17978","2016-08-22T17:46:21+00:00"
"B4GALT1","HGNC:924","chr9:33104075-33167334","chr9:33104077-33185089","Gene Associated with Autosomal Recessive Phenotype","No Evidence for Triplosensitivity","https://search.clinicalgenome.org/kb/gene-dosage/HGNC:924","2016-08-22T17:46:21+00:00"
"B4GALT7","HGNC:930","chr5:177027133-177037331","chr5:177600132-177610330","Gene Associated with Autosomal Recessive Phenotype","No Evidence for Triplosensitivity","https://search.clinicalgenome.org/kb/gene-dosage/HGNC:930","2016-08-22T17:46:22+00:00"
"B9D1","HGNC:24123","chr17:19238008-19281226","chr17:19334695-19377913","Gene Associated with Autosomal Recessive Phenotype","No Evidence for Triplosensitivity","https://search.clinicalgenome.org/kb/gene-dosage/HGNC:24123","2026-05-14T20:08:18+00:00"
"BAG3","HGNC:939","chr10:121410892-121437331","chr10:119651380-119677819","Sufficient Evidence for Haploinsufficiency","No Evidence for Triplosensitivity","https://search.clinicalgenome.org/kb/gene-dosage/HGNC:939","2015-02-12T20:07:18+00:00"
"BAP1","HGNC:950","chr3:52435024-52444024","chr3:52401008-52410008","Sufficient Evidence for Haploinsufficiency","No Evidence for Triplosensitivity","https://search.clinicalgenome.org/kb/gene-dosage/HGNC:950","2025-01-30T18:46:16+00:00"
"BARD1","HGNC:952","chr2:215590370-215674407","chr2:214725646-214809683","Sufficient Evidence for Haploinsufficiency","No Evidence for Triplosensitivity","https://search.clinicalgenome.org/kb/gene-dosage/HGNC:952","2020-05-01T15:36:01+00:00"
"BAZ2B","HGNC:963","chr2:160175490-160568953","chr2:159315312-159712442","Little Evidence for Haploinsufficiency","No Evidence for Triplosensitivity","https://search.clinicalgenome.org/kb/gene-dosage/HGNC:963","2026-04-13T19:53:39+00:00"
"BBS12","HGNC:26648","chr4:123653859-123666094","chr4:122700442-122744939","Gene Associated with Autosomal Recessive Phenotype","No Evidence for Triplosensitivity","https://search.clinicalgenome.org/kb/gene-dosage/HGNC:26648","2016-08-22T17:46:24+00:00"
"BBS5","HGNC:970","chr2:170336004-170363165","chr2:169479494-169506655","Gene Associated with Autosomal Recessive Phenotype","No Evidence for Triplosensitivity","https://search.clinicalgenome.org/kb/gene-dosage/HGNC:970","2015-10-12T03:35:00+00:00"
"BBS7","HGNC:18758","chr4:122745484-122791629","chr4:121824329-121870474","Gene Associated with Autosomal Recessive Phenotype","Not yet evaluated","https://search.clinicalgenome.org/kb/gene-dosage/HGNC:18758","2016-08-22T17:46:25+00:00"
"BCAP31","HGNC:16695","chrX:152965947-152989842","chrX:153700492-153724387","Sufficient Evidence for Haploinsufficiency","No Evidence for Triplosensitivity","https://search.clinicalgenome.org/kb/gene-dosage/HGNC:16695","2023-08-08T16:19:07+00:00"
"BCHE","HGNC:983","chr3:165490692-165555211","chr3:165772904-165837423","Gene Associated with Autosomal Recessive Phenotype","Not yet evaluated","https://search.clinicalgenome.org/kb/gene-dosage/HGNC:983","2016-08-22T17:46:26+00:00"
"BCKDHB","HGNC:987","chr6:80816327-81055987","chr6:80106610-80466676","Gene Associated with Autosomal Recessive Phenotype","No Evidence for Triplosensitivity","https://search.clinicalgenome.org/kb/gene-dosage/HGNC:987","2026-02-27T16:26:50+00:00"
"BCKDK","HGNC:16902","chr16:31119707-31124159","chr16:31108386-31117640","Gene Associated with Autosomal Recessive Phenotype","Not yet evaluated","https://search.clinicalgenome.org/kb/gene-dosage/HGNC:16902","2016-08-22T17:46:27+00:00"
"BCL11A","HGNC:13221","chr2:60677655-60780789","chr2:60450520-60553924","Sufficient Evidence for Haploinsufficiency","No Evidence for Triplosensitivity","https://search.clinicalgenome.org/kb/gene-dosage/HGNC:13221","2017-04-13T18:38:55+00:00"
"BCL2L11","HGNC:994","chr2:111878491-111926022","chr2:111120914-111168445","No Evidence for Haploinsufficiency","No Evidence for Triplosensitivity","https://search.clinicalgenome.org/kb/gene-dosage/HGNC:994","2018-06-21T18:08:49+00:00"
"BCLAF1","HGNC:16863","chr6:136577765-136610984","chr6:136256627-136289846","Little Evidence for Haploinsufficiency","No Evidence for Triplosensitivity","https://search.clinicalgenome.org/kb/gene-dosage/HGNC:16863","2018-06-28T13:48:57+00:00"
"BCOR","HGNC:20893","chrX:39910499-40036582","chrX:40051246-40177329","Sufficient Evidence for Haploinsufficiency","No Evidence for Triplosensitivity","https://search.clinicalgenome.org/kb/gene-dosage/HGNC:20893","2012-10-04T19:16:22+00:00"
"BCR","HGNC:1014","chr22:23522696-23660224","chr22:23180509-23318037","No Evidence for Haploinsufficiency","No Evidence for Triplosensitivity","https://search.clinicalgenome.org/kb/gene-dosage/HGNC:1014","2012-07-10T22:53:32+00:00"
"BCS1L","HGNC:1020","chr2:219524406-219528166","chr2:218658743-218663443","Gene Associated with Autosomal Recessive Phenotype","No Evidence for Triplosensitivity","https://search.clinicalgenome.org/kb/gene-dosage/HGNC:1020","2016-08-22T17:46:28+00:00"
"BIN1","HGNC:1052","chr2:127805599-127864730","chr2:127048023-127107154","Gene Associated with Autosomal Recessive Phenotype","Not yet evaluated","https://search.clinicalgenome.org/kb/gene-dosage/HGNC:1052","2016-08-22T17:46:29+00:00"
"BLM","HGNC:1058","chr15:91260577-91359396","chr15:90717346-90816166","Gene Associated with Autosomal Recessive Phenotype","No Evidence for Triplosensitivity","https://search.clinicalgenome.org/kb/gene-dosage/HGNC:1058","2022-02-09T17:20:52+00:00"
"BLNK","HGNC:14211","chr10:97948927-98031326","chr10:96189171-96271569","Gene Associated with Autosomal Recessive Phenotype","No Evidence for Triplosensitivity","https://search.clinicalgenome.org/kb/gene-dosage/HGNC:14211","2016-08-22T17:46:30+00:00"
"BMP4","HGNC:1071","chr14:54416454-54423609","chr14:53949736-53956891","Sufficient Evidence for Haploinsufficiency","No Evidence for Triplosensitivity","https://search.clinicalgenome.org/kb/gene-dosage/HGNC:1071","2025-04-23T16:16:43+00:00"
"BMPER","HGNC:24154","chr7:33944527-34196039","chr7:33904915-34156427","Gene Associated with Autosomal Recessive Phenotype","Not yet evaluated","https://search.clinicalgenome.org/kb/gene-dosage/HGNC:24154","2016-08-22T17:46:31+00:00"
"BMPR1A","HGNC:1076","chr10:88516376-88687726","chr10:86755763-86932844","Sufficient Evidence for Haploinsufficiency","No Evidence for Triplosensitivity","https://search.clinicalgenome.org/kb/gene-dosage/HGNC:1076","2020-06-24T16:47:13+00:00"
"BMPR2","HGNC:1078","chr2:203241050-203432472","chr2:202376327-202567749","Sufficient Evidence for Haploinsufficiency","No Evidence for Triplosensitivity","https://search.clinicalgenome.org/kb/gene-dosage/HGNC:1078","2020-08-26T16:19:41+00:00"
"BPHL","HGNC:1094","chr6:3118610-3153812","chr6:3118376-3153578","Dosage Sensitivity Unlikely for Haploinsufficiency","No Evidence for Triplosensitivity","https://search.clinicalgenome.org/kb/gene-dosage/HGNC:1094","2021-02-02T17:39:43+00:00"
"BPNT2","HGNC:26019","chr8:57870490-57906426","chr8:56957931-56993867","Gene Associated with Autosomal Recessive Phenotype","Not yet evaluated","https://search.clinicalgenome.org/kb/gene-dosage/HGNC:26019","2016-08-22T17:49:31+00:00"
"BPTF","HGNC:3581","chr17:65821619-65980494","chr17:67825503-67984378","Sufficient Evidence for Haploinsufficiency","No Evidence for Triplosensitivity","https://search.clinicalgenome.org/kb/gene-dosage/HGNC:3581","2022-07-12T16:07:42+00:00"
"BPY2","HGNC:13508","chrY:25130410-25151612","chrY:22984263-23005465","No Evidence for Haploinsufficiency","No Evidence for Triplosensitivity","https://search.clinicalgenome.org/kb/gene-dosage/HGNC:13508","2012-08-22T13:38:06+00:00"
"BRAF","HGNC:1097","chr7:140413128-140624729","chr7:140713328-140924929","No Evidence for Haploinsufficiency","No Evidence for Triplosensitivity","https://search.clinicalgenome.org/kb/gene-dosage/HGNC:1097","2025-09-24T17:02:09+00:00"
"BRAT1","HGNC:21701","chr7:2577444-2595158","chr7:2537810-2555524","Gene Associated with Autosomal Recessive Phenotype","No Evidence for Triplosensitivity","https://search.clinicalgenome.org/kb/gene-dosage/HGNC:21701","2026-05-26T14:37:57+00:00"
"BRCA1","HGNC:1100","chr17:41196312-41277381","chr17:43044295-43170327","Sufficient Evidence for Haploinsufficiency","No Evidence for Triplosensitivity","https://search.clinicalgenome.org/kb/gene-dosage/HGNC:1100","2021-09-23T12:27:44+00:00"
"BRCA2","HGNC:1101","chr13:32889645-32974405","chr13:32315508-32400268","Sufficient Evidence for Haploinsufficiency","No Evidence for Triplosensitivity","https://search.clinicalgenome.org/kb/gene-dosage/HGNC:1101","2021-07-14T16:56:45+00:00"
"BRIP1","HGNC:20473","chr17:59756500-59940889","chr17:61679139-61863528","Sufficient Evidence for Haploinsufficiency","No Evidence for Triplosensitivity","https://search.clinicalgenome.org/kb/gene-dosage/HGNC:20473","2025-10-09T20:19:25+00:00"
"BRPF1","HGNC:14255","chr3:9773419-9789699","chr3:9731735-9748015","Sufficient Evidence for Haploinsufficiency","No Evidence for Triplosensitivity","https://search.clinicalgenome.org/kb/gene-dosage/HGNC:14255","2023-08-23T16:15:11+00:00"
"BRSK2","HGNC:11405","chr11:1411164-1483919","chr11:1389934-1462689","Sufficient Evidence for Haploinsufficiency","No Evidence for Triplosensitivity","https://search.clinicalgenome.org/kb/gene-dosage/HGNC:11405","2026-01-13T17:24:05+00:00"
"BRWD3","HGNC:17342","chrX:79925002-80065376","chrX:80669503-80809877","Sufficient Evidence for Haploinsufficiency","No Evidence for Triplosensitivity","https://search.clinicalgenome.org/kb/gene-dosage/HGNC:17342","2022-08-24T16:11:15+00:00"
"BSND","HGNC:16512","chr1:55464606-55482845","chr1:54998933-55017172","Gene Associated with Autosomal Recessive Phenotype","No Evidence for Triplosensitivity","https://search.clinicalgenome.org/kb/gene-dosage/HGNC:16512","2026-05-26T14:41:00+00:00"
"BTD","HGNC:1122","chr3:15642859-15764023","chr3:15601361-15722516","Gene Associated with Autosomal Recessive Phenotype","No Evidence for Triplosensitivity","https://search.clinicalgenome.org/kb/gene-dosage/HGNC:1122","2015-05-21T13:12:18+00:00"
"BTK","HGNC:1133","chrX:100604438-100645784","chrX:101349450-101390796","Sufficient Evidence for Haploinsufficiency","No Evidence for Triplosensitivity","https://search.clinicalgenome.org/kb/gene-dosage/HGNC:1133","2021-03-24T16:27:18+00:00"
"BUB1B","HGNC:1149","chr15:40453270-40513324","chr15:40161069-40221123","Gene Associated with Autosomal Recessive Phenotype","No Evidence for Triplosensitivity","https://search.clinicalgenome.org/kb/gene-dosage/HGNC:1149","2022-02-02T03:45:26+00:00"
"C19orf12","HGNC:25443","chr19:30189793-30206696","chr19:29698886-29715789","Gene Associated with Autosomal Recessive Phenotype","No Evidence for Triplosensitivity","https://search.clinicalgenome.org/kb/gene-dosage/HGNC:25443","2016-08-22T17:46:34+00:00"
"C1QB","HGNC:1242","chr1:22979729-22988130","chr1:22653236-22661637","Gene Associated with Autosomal Recessive Phenotype","No Evidence for Triplosensitivity","https://search.clinicalgenome.org/kb/gene-dosage/HGNC:1242","2017-01-17T18:05:58+00:00"
"CA12","HGNC:1371","chr15:63613577-63674045","chr15:63321378-63381846","Gene Associated with Autosomal Recessive Phenotype","Not yet evaluated","https://search.clinicalgenome.org/kb/gene-dosage/HGNC:1371","2016-08-22T17:46:36+00:00"
"CA5A","HGNC:1377","chr16:87915155-87970135","chr16:87881549-87936529","Gene Associated with Autosomal Recessive Phenotype","No Evidence for Triplosensitivity","https://search.clinicalgenome.org/kb/gene-dosage/HGNC:1377","2016-08-22T17:46:37+00:00"
"CA8","HGNC:1382","chr8:61097971-61193959","chr8:60185412-60281400","Gene Associated with Autosomal Recessive Phenotype","No Evidence for Triplosensitivity","https://search.clinicalgenome.org/kb/gene-dosage/HGNC:1382","2016-08-22T17:46:37+00:00"
"CABP2","HGNC:1385","chr11:67286383-67290917","chr11:67518912-67523446","Gene Associated with Autosomal Recessive Phenotype","No Evidence for Triplosensitivity","https://search.clinicalgenome.org/kb/gene-dosage/HGNC:1385","2021-08-20T14:04:01+00:00"
"CABP4","HGNC:1386","chr11:67219874-67229223","chr11:67452403-67461752","Gene Associated with Autosomal Recessive Phenotype","No Evidence for Triplosensitivity","https://search.clinicalgenome.org/kb/gene-dosage/HGNC:1386","2016-08-22T17:46:38+00:00"
"CACNA1A","HGNC:1388","chr19:13317256-13617293","chr19:13206442-13506479","Sufficient Evidence for Haploinsufficiency","No Evidence for Triplosensitivity","https://search.clinicalgenome.org/kb/gene-dosage/HGNC:1388","2017-05-21T23:42:42+00:00"
"CACNA1C","HGNC:1390","chr12:2162153-2807116","chr12:1970780-2697950","Little Evidence for Haploinsufficiency","No Evidence for Triplosensitivity","https://search.clinicalgenome.org/kb/gene-dosage/HGNC:1390","2016-03-24T19:23:05+00:00"
"CACNA1E","HGNC:1392","chr1:181452653-181777219","chr1:181317699-181808084","Little Evidence for Haploinsufficiency","No Evidence for Triplosensitivity","https://search.clinicalgenome.org/kb/gene-dosage/HGNC:1392","2024-09-10T16:53:10+00:00"
"CACNA1S","HGNC:1397","chr1:201008640-201081554","chr1:201039512-201112426","No Evidence for Haploinsufficiency","No Evidence for Triplosensitivity","https://search.clinicalgenome.org/kb/gene-dosage/HGNC:1397","2026-06-18T18:27:34+00:00"
"CADPS2","HGNC:16018","chr7:121958465-122526514","chr7:122318411-122886460","No Evidence for Haploinsufficiency","No Evidence for Triplosensitivity","https://search.clinicalgenome.org/kb/gene-dosage/HGNC:16018","2012-07-10T22:51:42+00:00"
"CALM1","HGNC:1442","chr14:90862846-90874612","chr14:90396502-90408268","No Evidence for Haploinsufficiency","No Evidence for Triplosensitivity","https://search.clinicalgenome.org/kb/gene-dosage/HGNC:1442","2023-12-12T18:00:56+00:00"
"CALM2","HGNC:1445","chr2:47387221-47404075","chr2:47160082-47176936","No Evidence for Haploinsufficiency","No Evidence for Triplosensitivity","https://search.clinicalgenome.org/kb/gene-dosage/HGNC:1445","2024-07-09T18:17:17+00:00"
"CALM3","HGNC:1449","chr19:47104331-47114039","chr19:46601074-46610782","No Evidence for Haploinsufficiency","No Evidence for Triplosensitivity","https://search.clinicalgenome.org/kb/gene-dosage/HGNC:1449","2024-07-09T18:17:54+00:00"
"CAMK2A","HGNC:1460","chr5:149599054-149669693","chr5:150219491-150290130","Little Evidence for Haploinsufficiency","No Evidence for Triplosensitivity","https://search.clinicalgenome.org/kb/gene-dosage/HGNC:1460","2023-05-24T17:14:16+00:00"
"CAMK2B","HGNC:1461","chr7:44256753-44365193","chr7:44217154-44326013","Little Evidence for Haploinsufficiency","No Evidence for Triplosensitivity","https://search.clinicalgenome.org/kb/gene-dosage/HGNC:1461","2023-01-25T17:55:34+00:00"
"CAMTA1","HGNC:18806","chr1:6845514-7829766","chr1:6785454-7769706","Sufficient Evidence for Haploinsufficiency","No Evidence for Triplosensitivity","https://search.clinicalgenome.org/kb/gene-dosage/HGNC:18806","2017-12-14T19:57:45+00:00"
"CANT1","HGNC:19721","chr17:76987798-77005846","chr17:78991716-79009764","Gene Associated with Autosomal Recessive Phenotype","Not yet evaluated","https://search.clinicalgenome.org/kb/gene-dosage/HGNC:19721","2016-08-22T17:46:39+00:00"
"CAPN3","HGNC:1480","chr15:42651699-42704515","chr15:42359501-42412317","Gene Associated with Autosomal Recessive Phenotype","No Evidence for Triplosensitivity","https://search.clinicalgenome.org/kb/gene-dosage/HGNC:1480","2026-04-24T15:37:25+00:00"
"CAPRIN1","HGNC:6743","chr11:34073278-34124157","chr11:34051731-34102610","Emerging Evidence for Haploinsufficiency","No Evidence for Triplosensitivity","https://search.clinicalgenome.org/kb/gene-dosage/HGNC:6743","2026-06-09T16:37:13+00:00"
"CARD14","HGNC:16446","chr17:78143829-78183130","chr17:80170030-80209331","No Evidence for Haploinsufficiency","No Evidence for Triplosensitivity","https://search.clinicalgenome.org/kb/gene-dosage/HGNC:16446","2013-08-01T16:41:48+00:00"
"CASK","HGNC:1497","chrX:41374187-41782807","chrX:41514934-41923554","Sufficient Evidence for Haploinsufficiency","No Evidence for Triplosensitivity","https://search.clinicalgenome.org/kb/gene-dosage/HGNC:1497","2012-06-28T19:09:55+00:00"
"CASP10","HGNC:1500","chr2:202047864-202094129","chr2:201183141-201229406","Little Evidence for Haploinsufficiency","No Evidence for Triplosensitivity","https://search.clinicalgenome.org/kb/gene-dosage/HGNC:1500","2020-04-10T21:24:57+00:00"
"CASQ2","HGNC:1513","chr1:116242642-116311335","chr1:115700021-115768714","Gene Associated with Autosomal Recessive Phenotype","No Evidence for Triplosensitivity","https://search.clinicalgenome.org/kb/gene-dosage/HGNC:1513","2026-06-26T15:31:10+00:00"
"CASR","HGNC:1514","chr3:121902515-122010476","chr3:122183668-122291629","No Evidence for Haploinsufficiency","No Evidence for Triplosensitivity","https://search.clinicalgenome.org/kb/gene-dosage/HGNC:1514","2012-03-02T23:26:38+00:00"
"CASZ1","HGNC:26002","chr1:10696661-10856703","chr1:10636604-10796646","Little Evidence for Haploinsufficiency","No Evidence for Triplosensitivity","https://search.clinicalgenome.org/kb/gene-dosage/HGNC:26002","2019-04-25T21:07:36+00:00"
"CATSPER2","HGNC:18810","chr15:43920701-43941082","chr15:43628503-43648884","Gene Associated with Autosomal Recessive Phenotype","No Evidence for Triplosensitivity","https://search.clinicalgenome.org/kb/gene-dosage/HGNC:18810","2012-09-20T19:37:27+00:00"
"CBFB","HGNC:1539","chr16:67063052-67134961","chr16:67029149-67101058","No Evidence for Haploinsufficiency","No Evidence for Triplosensitivity","https://search.clinicalgenome.org/kb/gene-dosage/HGNC:1539","2012-02-22T15:19:44+00:00"
"CBL","HGNC:1541","chr11:119077049-119178859","chr11:119206339-119308149","No Evidence for Haploinsufficiency","No Evidence for Triplosensitivity","https://search.clinicalgenome.org/kb/gene-dosage/HGNC:1541","2024-02-14T17:47:59+00:00"
"CBS","HGNC:1550","chr21:44473301-44496983","chr21:43053191-43076873","Gene Associated with Autosomal Recessive Phenotype","No Evidence for Triplosensitivity","https://search.clinicalgenome.org/kb/gene-dosage/HGNC:1550","2016-08-22T17:46:41+00:00"
"CBY2","HGNC:30720","chr13:46276455-46288694","chr13:45702320-45714559","Dosage Sensitivity Unlikely for Haploinsufficiency","No Evidence for Triplosensitivity","https://search.clinicalgenome.org/kb/gene-dosage/HGNC:30720","2021-02-03T13:26:42+00:00"
"CC2D2A","HGNC:29253","chr4:15471489-15603180","chr4:15469865-15601557","Gene Associated with Autosomal Recessive Phenotype","No Evidence for Triplosensitivity","https://search.clinicalgenome.org/kb/gene-dosage/HGNC:29253","2013-07-17T14:12:35+00:00"
"CCBE1","HGNC:29426","chr18:57098171-57364655","chr18:59430939-59697721","Gene Associated with Autosomal Recessive Phenotype","Not yet evaluated","https://search.clinicalgenome.org/kb/gene-dosage/HGNC:29426","2016-08-22T17:46:42+00:00"
"CCDC39","HGNC:25244","chr3:180331796-180397277","chr3:180614008-180679489","Gene Associated with Autosomal Recessive Phenotype","No Evidence for Triplosensitivity","https://search.clinicalgenome.org/kb/gene-dosage/HGNC:25244","2016-08-22T17:46:45+00:00"
"CCDC40","HGNC:26090","chr17:78010441-78074412","chr17:80036642-80100613","Gene Associated with Autosomal Recessive Phenotype","Not yet evaluated","https://search.clinicalgenome.org/kb/gene-dosage/HGNC:26090","2016-08-22T17:46:46+00:00"
"CCDC8","HGNC:25367","chr19:46913586-46916821","chr19:46410329-46413564","Gene Associated with Autosomal Recessive Phenotype","No Evidence for Triplosensitivity","https://search.clinicalgenome.org/kb/gene-dosage/HGNC:25367","2016-08-22T17:46:46+00:00"
"CCN6","HGNC:12771","chr6:112375307-112390889","chr6:112052813-112069686","Gene Associated with Autosomal Recessive Phenotype","Not yet evaluated","https://search.clinicalgenome.org/kb/gene-dosage/HGNC:12771","2016-08-22T17:53:27+00:00"
"CCNQ","HGNC:28434","chrX:152853383-152864595","chrX:153587925-153599139","Little Evidence for Haploinsufficiency","No Evidence for Triplosensitivity","https://search.clinicalgenome.org/kb/gene-dosage/HGNC:28434","2024-06-11T16:51:10+00:00"
"CCT5","HGNC:1618","chr5:10250033-10266524","chr5:10249921-10266412","Gene Associated with Autosomal Recessive Phenotype","No Evidence for Triplosensitivity","https://search.clinicalgenome.org/kb/gene-dosage/HGNC:1618","2016-08-22T17:46:47+00:00"
"CD19","HGNC:1633","chr16:28943292-28950663","chr16:28931971-28939342","Gene Associated with Autosomal Recessive Phenotype","Not yet evaluated","https://search.clinicalgenome.org/kb/gene-dosage/HGNC:1633","2016-08-22T17:46:47+00:00"
"CD27","HGNC:11922","chr12:6554121-6560879","chr12:6443892-6451713","Gene Associated with Autosomal Recessive Phenotype","Not yet evaluated","https://search.clinicalgenome.org/kb/gene-dosage/HGNC:11922","2023-07-28T00:27:37+00:00"
"CD36","HGNC:1663","chr7:80231523-80308593","chr7:80602207-80679274","Gene Associated with Autosomal Recessive Phenotype","Not yet evaluated","https://search.clinicalgenome.org/kb/gene-dosage/HGNC:1663","2016-08-22T17:46:49+00:00"
"CD3D","HGNC:1673","chr11:118209669-118213420","chr11:118338954-118342705","Gene Associated with Autosomal Recessive Phenotype","Not yet evaluated","https://search.clinicalgenome.org/kb/gene-dosage/HGNC:1673","2016-08-22T17:46:49+00:00"
"CD3E","HGNC:1674","chr11:118175445-118186888","chr11:118304730-118316173","Gene Associated with Autosomal Recessive Phenotype","No Evidence for Triplosensitivity","https://search.clinicalgenome.org/kb/gene-dosage/HGNC:1674","2026-06-26T15:07:26+00:00"
"CD3G","HGNC:1675","chr11:118215059-118225876","chr11:118344344-118355161","Gene Associated with Autosomal Recessive Phenotype","Not yet evaluated","https://search.clinicalgenome.org/kb/gene-dosage/HGNC:1675","2016-08-22T17:46:50+00:00"
"CD40LG","HGNC:11935","chrX:135730317-135742549","chrX:136648158-136660390","Sufficient Evidence for Haploinsufficiency","No Evidence for Triplosensitivity","https://search.clinicalgenome.org/kb/gene-dosage/HGNC:11935","2020-04-08T17:33:25+00:00"
"CD59","HGNC:1689","chr11:33724556-33758025","chr11:33703010-33736479","Gene Associated with Autosomal Recessive Phenotype","Not yet evaluated","https://search.clinicalgenome.org/kb/gene-dosage/HGNC:1689","2016-08-22T17:46:51+00:00"
"CD8A","HGNC:1706","chr2:87011728-87035519","chr2:86784605-86808396","Gene Associated with Autosomal Recessive Phenotype","No Evidence for Triplosensitivity","https://search.clinicalgenome.org/kb/gene-dosage/HGNC:1706","2016-08-22T17:46:52+00:00"
"CDAN1","HGNC:1713","chr15:43015742-43029326","chr15:42723544-42737128","Gene Associated with Autosomal Recessive Phenotype","No Evidence for Triplosensitivity","https://search.clinicalgenome.org/kb/gene-dosage/HGNC:1713","2016-08-22T17:46:53+00:00"
"CDC42BPB","HGNC:1738","chr14:103398717-103523886","chr14:102932380-103057549","Emerging Evidence for Haploinsufficiency","No Evidence for Triplosensitivity","https://search.clinicalgenome.org/kb/gene-dosage/HGNC:1738","2025-07-23T16:20:26+00:00"
"CDC73","HGNC:16783","chr1:193091161-193223945","chr1:193122031-193254815","Sufficient Evidence for Haploinsufficiency","No Evidence for Triplosensitivity","https://search.clinicalgenome.org/kb/gene-dosage/HGNC:16783","2022-04-13T16:22:10+00:00"
"CDH1","HGNC:1748","chr16:68771195-68869440","chr16:68737292-68835537","Sufficient Evidence for Haploinsufficiency","No Evidence for Triplosensitivity","https://search.clinicalgenome.org/kb/gene-dosage/HGNC:1748","2020-04-10T15:02:12+00:00"
"CDH15","HGNC:1754","chr16:89238156-89261900","chr16:89171748-89195492","No Evidence for Haploinsufficiency","No Evidence for Triplosensitivity","https://search.clinicalgenome.org/kb/gene-dosage/HGNC:1754","2013-08-08T14:28:39+00:00"
"CDH23","HGNC:13733","chr10:73156677-73575704","chr10:71396920-71815947","Gene Associated with Autosomal Recessive Phenotype","Not yet evaluated","https://search.clinicalgenome.org/kb/gene-dosage/HGNC:13733","2016-08-22T17:46:54+00:00"
"CDHR1","HGNC:14550","chr10:85954293-85979377","chr10:84194537-84219621","Gene Associated with Autosomal Recessive Phenotype","Not yet evaluated","https://search.clinicalgenome.org/kb/gene-dosage/HGNC:14550","2016-08-22T17:46:55+00:00"
"CDIN1","HGNC:26929","chr15:36871827-37102445","chr15:36579626-36810244","Gene Associated with Autosomal Recessive Phenotype","Not yet evaluated","https://search.clinicalgenome.org/kb/gene-dosage/HGNC:26929","2016-08-22T17:46:33+00:00"
"CDK13","HGNC:1733","chr7:39989855-40139179","chr7:39950256-40099580","Sufficient Evidence for Haploinsufficiency","No Evidence for Triplosensitivity","https://search.clinicalgenome.org/kb/gene-dosage/HGNC:1733","2025-09-04T21:13:41+00:00"
"CDK4","HGNC:1773","chr12:58141510-58146093","chr12:57747727-57752310","No Evidence for Haploinsufficiency","No Evidence for Triplosensitivity","https://search.clinicalgenome.org/kb/gene-dosage/HGNC:1773","2020-09-02T14:08:46+00:00"
"CDK5RAP2","HGNC:18672","chr9:123151153-123342445","chr9:120388875-120580167","Gene Associated with Autosomal Recessive Phenotype","No Evidence for Triplosensitivity","https://search.clinicalgenome.org/kb/gene-dosage/HGNC:18672","2026-06-26T15:18:29+00:00"
"CDK6","HGNC:1777","chr7:92234235-92465887","chr7:92604921-92836573","Gene Associated with Autosomal Recessive Phenotype","Not yet evaluated","https://search.clinicalgenome.org/kb/gene-dosage/HGNC:1777","2016-08-22T17:46:56+00:00"
"CDKL5","HGNC:11411","chrX:18443728-18671749","chrX:18425608-18653629","Sufficient Evidence for Haploinsufficiency","No Evidence for Triplosensitivity","https://search.clinicalgenome.org/kb/gene-dosage/HGNC:11411","2012-07-12T19:05:44+00:00"
"CDKN1B","HGNC:1785","chr12:12870302-12875303","chr12:12717368-12722369","Sufficient Evidence for Haploinsufficiency","No Evidence for Triplosensitivity","https://search.clinicalgenome.org/kb/gene-dosage/HGNC:1785","2020-07-08T21:02:40+00:00"
"CDKN1C","HGNC:1786","chr11:2904448-2907005","chr11:2883218-2885775","Sufficient Evidence for Haploinsufficiency","No Evidence for Triplosensitivity","https://search.clinicalgenome.org/kb/gene-dosage/HGNC:1786","2020-09-25T15:51:14+00:00"
"CDKN2A","HGNC:1787","chr9:21967751-21995323","chr9:21967752-21995324","Sufficient Evidence for Haploinsufficiency","No Evidence for Triplosensitivity","https://search.clinicalgenome.org/kb/gene-dosage/HGNC:1787","2022-03-18T13:12:39+00:00"
"CDT1","HGNC:24576","chr16:88870197-88875666","chr16:88803789-88809258","Gene Associated with Autosomal Recessive Phenotype","Not yet evaluated","https://search.clinicalgenome.org/kb/gene-dosage/HGNC:24576","2016-08-22T17:46:57+00:00"
"CDY1","HGNC:1809","chrY:27768264-27771049","chrY:25622115-25625511","No Evidence for Haploinsufficiency","No Evidence for Triplosensitivity","https://search.clinicalgenome.org/kb/gene-dosage/HGNC:1809","2012-08-22T14:37:34+00:00"
"CEBPA","HGNC:1833","chr19:33790840-33793470","chr19:33299934-33302534","No Evidence for Haploinsufficiency","No Evidence for Triplosensitivity","https://search.clinicalgenome.org/kb/gene-dosage/HGNC:1833","2022-06-09T12:15:54+00:00"
"CEBPE","HGNC:1836","chr14:23586515-23588464","chr14:23117306-23119255","Gene Associated with Autosomal Recessive Phenotype","Not yet evaluated","https://search.clinicalgenome.org/kb/gene-dosage/HGNC:1836","2016-08-22T17:46:58+00:00"
"CELF4","HGNC:14015","chr18:34823003-35145761","chr18:37242844-37565798","Little Evidence for Haploinsufficiency","No Evidence for Triplosensitivity","https://search.clinicalgenome.org/kb/gene-dosage/HGNC:14015","2022-12-07T17:27:14+00:00"
"CENPP","HGNC:32933","chr9:95087750-95382811","chr9:92325468-92620529","No Evidence for Haploinsufficiency","No Evidence for Triplosensitivity","https://search.clinicalgenome.org/kb/gene-dosage/HGNC:32933","2012-09-19T14:12:20+00:00"
"CEP164","HGNC:29182","chr11:117192494-117283982","chr11:117321778-117413266","Gene Associated with Autosomal Recessive Phenotype","No Evidence for Triplosensitivity","https://search.clinicalgenome.org/kb/gene-dosage/HGNC:29182","2016-08-22T17:47:00+00:00"
"CEP290","HGNC:29021","chr12:88442793-88535865","chr12:88049016-88142088","Gene Associated with Autosomal Recessive Phenotype","No Evidence for Triplosensitivity","https://search.clinicalgenome.org/kb/gene-dosage/HGNC:29021","2012-08-22T14:34:26+00:00"
"CEP78","HGNC:25740","chr9:80850991-80894606","chr9:78236075-78279690","Gene Associated with Autosomal Recessive Phenotype","No Evidence for Triplosensitivity","https://search.clinicalgenome.org/kb/gene-dosage/HGNC:25740","2017-10-23T19:35:05+00:00"
"CERS3","HGNC:23752","chr15:100940600-101084888","chr15:100400395-100544683","Gene Associated with Autosomal Recessive Phenotype","Not yet evaluated","https://search.clinicalgenome.org/kb/gene-dosage/HGNC:23752","2016-08-22T17:47:01+00:00"
"CERT1","HGNC:2205","chr5:74664311-74807806","chr5:75368486-75511981","No Evidence for Haploinsufficiency","No Evidence for Triplosensitivity","https://search.clinicalgenome.org/kb/gene-dosage/HGNC:2205","2023-01-25T17:11:36+00:00"
"CFAP418","HGNC:27232","chr8:96257141-96281429","chr8:95244913-95269201","Gene Associated with Autosomal Recessive Phenotype","No Evidence for Triplosensitivity","https://search.clinicalgenome.org/kb/gene-dosage/HGNC:27232","2016-08-22T17:46:35+00:00"
"CFAP53","HGNC:26530","chr18:47753563-47792865","chr18:50227193-50266495","Gene Associated with Autosomal Recessive Phenotype","No Evidence for Triplosensitivity","https://search.clinicalgenome.org/kb/gene-dosage/HGNC:26530","2016-08-22T17:46:44+00:00"
"CFC1","HGNC:18292","chr2:131349738-131357148","chr2:130592165-130599575","No Evidence for Haploinsufficiency","No Evidence for Triplosensitivity","https://search.clinicalgenome.org/kb/gene-dosage/HGNC:18292","2021-09-22T16:07:11+00:00"
"CFD","HGNC:2771","chr19:859664-863641","chr19:859664-863641","Gene Associated with Autosomal Recessive Phenotype","No Evidence for Triplosensitivity","https://search.clinicalgenome.org/kb/gene-dosage/HGNC:2771","2016-08-22T17:47:02+00:00"
"CFL2","HGNC:1875","chr14:35178319-35183799","chr14:34709113-34714593","Gene Associated with Autosomal Recessive Phenotype","Not yet evaluated","https://search.clinicalgenome.org/kb/gene-dosage/HGNC:1875","2016-08-22T17:47:03+00:00"
"CFTR","HGNC:1884","chr7:117120079-117308719","chr7:117480025-117668665","Gene Associated with Autosomal Recessive Phenotype","Not yet evaluated","https://search.clinicalgenome.org/kb/gene-dosage/HGNC:1884","2016-08-22T17:47:03+00:00"
"CHAMP1","HGNC:20311","chr13:115079978-115092797","chr13:114314503-114327322","Little Evidence for Haploinsufficiency","No Evidence for Triplosensitivity","https://search.clinicalgenome.org/kb/gene-dosage/HGNC:20311","2025-06-10T16:16:04+00:00"
"CHAT","HGNC:1912","chr10:50817141-50875988","chr10:49609095-49667942","Gene Associated with Autosomal Recessive Phenotype","Not yet evaluated","https://search.clinicalgenome.org/kb/gene-dosage/HGNC:1912","2016-08-22T17:47:04+00:00"
"CHD1L","HGNC:1916","chr1:146644326-146767443","chr1:147172747-147295762","No Evidence for Haploinsufficiency","No Evidence for Triplosensitivity","https://search.clinicalgenome.org/kb/gene-dosage/HGNC:1916","2018-08-30T18:53:22+00:00"
"CHD2","HGNC:1917","chr15:93443554-93571226","chr15:92900324-93027996","Sufficient Evidence for Haploinsufficiency","No Evidence for Triplosensitivity","https://search.clinicalgenome.org/kb/gene-dosage/HGNC:1917","2019-10-23T16:24:58+00:00"
"CHD4","HGNC:1919","chr12:6679248-6716545","chr12:6570082-6607379","Little Evidence for Haploinsufficiency","No Evidence for Triplosensitivity","https://search.clinicalgenome.org/kb/gene-dosage/HGNC:1919","2022-11-30T18:00:07+00:00"
"CHD5","HGNC:16816","chr1:6161847-6240381","chr1:6101787-6180321","Little Evidence for Haploinsufficiency","No Evidence for Triplosensitivity","https://search.clinicalgenome.org/kb/gene-dosage/HGNC:16816","2022-09-27T16:44:43+00:00"
"CHD7","HGNC:20626","chr8:61591299-61780587","chr8:60678740-60868028","Sufficient Evidence for Haploinsufficiency","No Evidence for Triplosensitivity","https://search.clinicalgenome.org/kb/gene-dosage/HGNC:20626","2023-04-11T16:26:48+00:00"
"CHD8","HGNC:20153","chr14:21853358-21924282","chr14:21385199-21456123","Sufficient Evidence for Haploinsufficiency","No Evidence for Triplosensitivity","https://search.clinicalgenome.org/kb/gene-dosage/HGNC:20153","2018-04-25T16:45:15+00:00"
"CHEK1","HGNC:1925","chr11:125495031-125546150","chr11:125625136-125681124","No Evidence for Haploinsufficiency","No Evidence for Triplosensitivity","https://search.clinicalgenome.org/kb/gene-dosage/HGNC:1925","2021-11-10T17:45:07+00:00"
"CHEK2","HGNC:16627","chr22:29083731-29137822","chr22:28687743-28741834","Sufficient Evidence for Haploinsufficiency","No Evidence for Triplosensitivity","https://search.clinicalgenome.org/kb/gene-dosage/HGNC:16627","2020-01-08T17:26:33+00:00"
"CHKB","HGNC:1938","chr22:51017392-51021278","chr22:50578963-50582849","Gene Associated with Autosomal Recessive Phenotype","No Evidence for Triplosensitivity","https://search.clinicalgenome.org/kb/gene-dosage/HGNC:1938","2016-08-22T17:47:05+00:00"
"CHL1","HGNC:1939","chr3:238446-451100","chr3:196763-409417","No Evidence for Haploinsufficiency","No Evidence for Triplosensitivity","https://search.clinicalgenome.org/kb/gene-dosage/HGNC:1939","2023-12-12T17:45:16+00:00"
"CHM","HGNC:1940","chrX:85116185-85302562","chrX:85861180-86047558","Sufficient Evidence for Haploinsufficiency","No Evidence for Triplosensitivity","https://search.clinicalgenome.org/kb/gene-dosage/HGNC:1940","2021-03-24T16:36:08+00:00"
"CHMP1A","HGNC:8740","chr16:89710843-89724116","chr16:89644435-89657708","Gene Associated with Autosomal Recessive Phenotype","No Evidence for Triplosensitivity","https://search.clinicalgenome.org/kb/gene-dosage/HGNC:8740","2016-08-22T17:47:06+00:00"
"CHMP7","HGNC:28439","chr8:23101150-23119512","chr8:23243637-23261999","No Evidence for Haploinsufficiency","No Evidence for Triplosensitivity","https://search.clinicalgenome.org/kb/gene-dosage/HGNC:28439","2022-09-27T16:51:32+00:00"
"CHRDL1","HGNC:29861","chrX:109917084-110039045","chrX:110673856-110795817","Sufficient Evidence for Haploinsufficiency","No Evidence for Triplosensitivity","https://search.clinicalgenome.org/kb/gene-dosage/HGNC:29861","2016-12-08T19:39:07+00:00"
"CHRM3","HGNC:1952","chr1:239549868-240078750","chr1:239386568-239915450","No Evidence for Haploinsufficiency","No Evidence for Triplosensitivity","https://search.clinicalgenome.org/kb/gene-dosage/HGNC:1952","2023-11-16T21:23:27+00:00"
"CHRNA4","HGNC:1958","chr20:61974575-61992701","chr20:63343223-63361349","No Evidence for Haploinsufficiency","No Evidence for Triplosensitivity","https://search.clinicalgenome.org/kb/gene-dosage/HGNC:1958","2025-12-22T15:21:18+00:00"
"CHRNA7","HGNC:1960","chr15:32322686-32465219","chr15:32030483-32173018","No Evidence for Haploinsufficiency","No Evidence for Triplosensitivity","https://search.clinicalgenome.org/kb/gene-dosage/HGNC:1960","2018-05-10T21:26:46+00:00"
"CHST6","HGNC:6938","chr16:75505940-75529339","chr16:75472042-75495441","Gene Associated with Autosomal Recessive Phenotype","No Evidence for Triplosensitivity","https://search.clinicalgenome.org/kb/gene-dosage/HGNC:6938","2016-08-22T17:47:06+00:00"
"CHSY1","HGNC:17198","chr15:101715932-101792253","chr15:101175727-101252048","Gene Associated with Autosomal Recessive Phenotype","No Evidence for Triplosensitivity","https://search.clinicalgenome.org/kb/gene-dosage/HGNC:17198","2016-08-22T17:47:07+00:00"
"CIC","HGNC:14214","chr19:42772682-42799948","chr19:42268530-42295796","Sufficient Evidence for Haploinsufficiency","No Evidence for Triplosensitivity","https://search.clinicalgenome.org/kb/gene-dosage/HGNC:14214","2022-11-08T17:49:51+00:00"
"CIDEC","HGNC:24229","chr3:9908394-9921937","chr3:9866710-9880253","Gene Associated with Autosomal Recessive Phenotype","No Evidence for Triplosensitivity","https://search.clinicalgenome.org/kb/gene-dosage/HGNC:24229","2016-08-22T17:47:08+00:00"
"CITED2","HGNC:1987","chr6:139692944-139695785","chr6:139371807-139374648","No Evidence for Haploinsufficiency","No Evidence for Triplosensitivity","https://search.clinicalgenome.org/kb/gene-dosage/HGNC:1987","2023-11-29T17:51:27+00:00"
"CLASP1","HGNC:17088","chr2:122095352-122407038","chr2:121337776-121649462","No Evidence for Haploinsufficiency","No Evidence for Triplosensitivity","https://search.clinicalgenome.org/kb/gene-dosage/HGNC:17088","2022-12-13T17:51:00+00:00"
"CLCF1","HGNC:17412","chr11:67131639-67141648","chr11:67364168-67374177","Gene Associated with Autosomal Recessive Phenotype","Not yet evaluated","https://search.clinicalgenome.org/kb/gene-dosage/HGNC:17412","2016-08-22T17:47:09+00:00"
"CLCN4","HGNC:2022","chrX:10125015-10205700","chrX:10156975-10237660","Little Evidence for Haploinsufficiency","No Evidence for Triplosensitivity","https://search.clinicalgenome.org/kb/gene-dosage/HGNC:2022","2022-07-27T16:56:39+00:00"
"CLCN5","HGNC:2023","chrX:49687206-49863887","chrX:49922596-50099230","Sufficient Evidence for Haploinsufficiency","No Evidence for Triplosensitivity","https://search.clinicalgenome.org/kb/gene-dosage/HGNC:2023","2012-10-18T19:11:43+00:00"
"CLCNKA","HGNC:2026","chr1:16348531-16360545","chr1:16022036-16034050","Gene Associated with Autosomal Recessive Phenotype","No Evidence for Triplosensitivity","https://search.clinicalgenome.org/kb/gene-dosage/HGNC:2026","2012-05-17T19:48:55+00:00"
"CLCNKB","HGNC:2027","chr1:16370277-16383821","chr1:16043782-16057326","Gene Associated with Autosomal Recessive Phenotype","No Evidence for Triplosensitivity","https://search.clinicalgenome.org/kb/gene-dosage/HGNC:2027","2011-11-17T20:07:39+00:00"
"CLDN14","HGNC:2035","chr21:37832919-37948867","chr21:36460621-36576569","Gene Associated with Autosomal Recessive Phenotype","No Evidence for Triplosensitivity","https://search.clinicalgenome.org/kb/gene-dosage/HGNC:2035","2016-08-22T17:47:10+00:00"
"CLMP","HGNC:24039","chr11:122940580-123065956","chr11:123069872-123195248","Gene Associated with Autosomal Recessive Phenotype","No Evidence for Triplosensitivity","https://search.clinicalgenome.org/kb/gene-dosage/HGNC:24039","2016-08-22T17:47:10+00:00"
"CLN3","HGNC:2074","chr16:28477974-28503403","chr16:28466653-28492082","Gene Associated with Autosomal Recessive Phenotype","Not yet evaluated","https://search.clinicalgenome.org/kb/gene-dosage/HGNC:2074","2016-08-22T17:47:12+00:00"
"CLN8","HGNC:2079","chr8:1711955-1734736","chr8:1753059-1786570","Gene Associated with Autosomal Recessive Phenotype","Not yet evaluated","https://search.clinicalgenome.org/kb/gene-dosage/HGNC:2079","2016-08-22T17:47:13+00:00"
"CLNK","HGNC:17438","chr4:10488019-10686392","chr4:10486395-10734846","No Evidence for Haploinsufficiency","No Evidence for Triplosensitivity","https://search.clinicalgenome.org/kb/gene-dosage/HGNC:17438","2016-06-02T13:15:06+00:00"
"CLPP","HGNC:2084","chr19:6361542-6370253","chr19:6361531-6370242","Gene Associated with Autosomal Recessive Phenotype","No Evidence for Triplosensitivity","https://search.clinicalgenome.org/kb/gene-dosage/HGNC:2084","2018-03-06T21:41:02+00:00"
"CLRN1","HGNC:12605","chr3:150643950-150690786","chr3:150926163-150972999","Gene Associated with Autosomal Recessive Phenotype","No Evidence for Triplosensitivity","https://search.clinicalgenome.org/kb/gene-dosage/HGNC:12605","2016-08-22T17:47:15+00:00"
"CLTC","HGNC:2092","chr17:57697256-57774317","chr17:59619895-59696956","Sufficient Evidence for Haploinsufficiency","No Evidence for Triplosensitivity","https://search.clinicalgenome.org/kb/gene-dosage/HGNC:2092","2022-09-27T16:11:11+00:00"
"CNGB1","HGNC:2151","chr16:57916244-58005032","chr16:57882340-57971128","Gene Associated with Autosomal Recessive Phenotype","Not yet evaluated","https://search.clinicalgenome.org/kb/gene-dosage/HGNC:2151","2016-08-22T17:47:15+00:00"
"CNKSR2","HGNC:19701","chrX:21392536-21672807","chrX:21374418-21654689","Sufficient Evidence for Haploinsufficiency","No Evidence for Triplosensitivity","https://search.clinicalgenome.org/kb/gene-dosage/HGNC:19701","2021-01-12T17:07:31+00:00"
"CNNM4","HGNC:105","chr2:97426639-97477611","chr2:96760902-96811874","Gene Associated with Autosomal Recessive Phenotype","Not yet evaluated","https://search.clinicalgenome.org/kb/gene-dosage/HGNC:105","2016-08-22T17:47:16+00:00"
"CNOT1","HGNC:7877","chr16:58553855-58663730","chr16:58519951-58629826","Sufficient Evidence for Haploinsufficiency","No Evidence for Triplosensitivity","https://search.clinicalgenome.org/kb/gene-dosage/HGNC:7877","2022-12-13T18:02:40+00:00"
"CNOT2","HGNC:7878","chr12:70636798-70748773","chr12:70243018-70354993","Little Evidence for Haploinsufficiency","No Evidence for Triplosensitivity","https://search.clinicalgenome.org/kb/gene-dosage/HGNC:7878","2022-11-08T17:41:39+00:00"
"CNOT3","HGNC:7879","chr19:54641478-54659419","chr19:54137762-54155681","No Evidence for Haploinsufficiency","No Evidence for Triplosensitivity","https://search.clinicalgenome.org/kb/gene-dosage/HGNC:7879","2018-06-27T15:07:24+00:00"
"CNTN1","HGNC:2171","chr12:41086241-41466217","chr12:40692439-41072415","Gene Associated with Autosomal Recessive Phenotype","Not yet evaluated","https://search.clinicalgenome.org/kb/gene-dosage/HGNC:2171","2016-08-22T17:47:17+00:00"
"CNTN2","HGNC:2172","chr1:205012077-205047417","chr1:205042949-205078289","Gene Associated with Autosomal Recessive Phenotype","No Evidence for Triplosensitivity","https://search.clinicalgenome.org/kb/gene-dosage/HGNC:2172","2016-08-22T17:47:18+00:00"
"CNTN4","HGNC:2174","chr3:2140550-3099643","chr3:2098866-3057959","No Evidence for Haploinsufficiency","No Evidence for Triplosensitivity","https://search.clinicalgenome.org/kb/gene-dosage/HGNC:2174","2022-06-14T16:51:13+00:00"
"CNTN6","HGNC:2176","chr3:1134708-1445901","chr3:1093024-1404217","No Evidence for Haploinsufficiency","No Evidence for Triplosensitivity","https://search.clinicalgenome.org/kb/gene-dosage/HGNC:2176","2022-09-28T16:59:38+00:00"
"CNTNAP2","HGNC:13830","chr7:145813893-148118090","chr7:146116801-148420998","Little Evidence for Haploinsufficiency","No Evidence for Triplosensitivity","https://search.clinicalgenome.org/kb/gene-dosage/HGNC:13830","2019-10-23T16:16:30+00:00"
"CNTNAP5","HGNC:18748","chr2:124782864-125678796","chr2:124025287-124921219","Little Evidence for Haploinsufficiency","No Evidence for Triplosensitivity","https://search.clinicalgenome.org/kb/gene-dosage/HGNC:18748","2024-09-24T09:25:24+00:00"
"COG1","HGNC:6545","chr17:71189194-71204646","chr17:73193055-73208507","Gene Associated with Autosomal Recessive Phenotype","Not yet evaluated","https://search.clinicalgenome.org/kb/gene-dosage/HGNC:6545","2016-08-22T17:47:18+00:00"
"COG4","HGNC:18620","chr16:70514470-70557457","chr16:70480567-70523554","Gene Associated with Autosomal Recessive Phenotype","Not yet evaluated","https://search.clinicalgenome.org/kb/gene-dosage/HGNC:18620","2016-08-22T17:47:19+00:00"
"COG7","HGNC:18622","chr16:23399814-23464510","chr16:23388493-23453189","Gene Associated with Autosomal Recessive Phenotype","No Evidence for Triplosensitivity","https://search.clinicalgenome.org/kb/gene-dosage/HGNC:18622","2015-04-09T03:17:21+00:00"
"COG8","HGNC:18623","chr16:69360331-69373467","chr16:69326428-69339564","Gene Associated with Autosomal Recessive Phenotype","No Evidence for Triplosensitivity","https://search.clinicalgenome.org/kb/gene-dosage/HGNC:18623","2015-03-25T14:26:12+00:00"
"COL11A1","HGNC:2186","chr1:103342029-103574078","chr1:102876473-103108522","Little Evidence for Haploinsufficiency","No Evidence for Triplosensitivity","https://search.clinicalgenome.org/kb/gene-dosage/HGNC:2186","2011-10-19T14:14:13+00:00"
"COL16A1","HGNC:2193","chr1:32117864-32169618","chr1:31652263-31704017","Dosage Sensitivity Unlikely for Haploinsufficiency","No Evidence for Triplosensitivity","https://search.clinicalgenome.org/kb/gene-dosage/HGNC:2193","2021-02-01T20:13:44+00:00"
"COL1A1","HGNC:2197","chr17:48261462-48278992","chr17:50184101-50201631","Sufficient Evidence for Haploinsufficiency","No Evidence for Triplosensitivity","https://search.clinicalgenome.org/kb/gene-dosage/HGNC:2197","2012-08-23T19:09:32+00:00"
"COL1A2","HGNC:2198","chr7:94024207-94060539","chr7:94394895-94431227","No Evidence for Haploinsufficiency","No Evidence for Triplosensitivity","https://search.clinicalgenome.org/kb/gene-dosage/HGNC:2198","2012-10-12T13:56:57+00:00"
"COL2A1","HGNC:2200","chr12:48366750-48398259","chr12:47972967-48006212","Sufficient Evidence for Haploinsufficiency","No Evidence for Triplosensitivity","https://search.clinicalgenome.org/kb/gene-dosage/HGNC:2200","2020-07-29T19:10:10+00:00"
"COL3A1","HGNC:2201","chr2:189839099-189877472","chr2:188974373-189012746","Sufficient Evidence for Haploinsufficiency","No Evidence for Triplosensitivity","https://search.clinicalgenome.org/kb/gene-dosage/HGNC:2201","2017-01-12T19:29:51+00:00"
"COL4A3","HGNC:2204","chr2:228029340-228179508","chr2:227164624-227314792","Gene Associated with Autosomal Recessive Phenotype","No Evidence for Triplosensitivity","https://search.clinicalgenome.org/kb/gene-dosage/HGNC:2204","2013-05-22T14:55:24+00:00"
"COL4A5","HGNC:2207","chrX:107683068-107940775","chrX:108439838-108697545","Sufficient Evidence for Haploinsufficiency","No Evidence for Triplosensitivity","https://search.clinicalgenome.org/kb/gene-dosage/HGNC:2207","2020-09-08T16:09:11+00:00"
"COL5A1","HGNC:2209","chr9:137533649-137736689","chr9:134641803-134844843","Sufficient Evidence for Haploinsufficiency","No Evidence for Triplosensitivity","https://search.clinicalgenome.org/kb/gene-dosage/HGNC:2209","2017-12-14T19:40:49+00:00"
"COL5A2","HGNC:2210","chr2:189896624-190044487","chr2:189031898-189441111","No Evidence for Haploinsufficiency","No Evidence for Triplosensitivity","https://search.clinicalgenome.org/kb/gene-dosage/HGNC:2210","2026-01-13T17:36:33+00:00"
"COL6A5","HGNC:26674","chr3:130064359-130203690","chr3:130345672-130484846","Dosage Sensitivity Unlikely for Haploinsufficiency","No Evidence for Triplosensitivity","https://search.clinicalgenome.org/kb/gene-dosage/HGNC:26674","2021-02-02T18:05:32+00:00"
"COL7A1","HGNC:2214","chr3:48601506-48632762","chr3:48564073-48595329","Gene Associated with Autosomal Recessive Phenotype","Not yet evaluated","https://search.clinicalgenome.org/kb/gene-dosage/HGNC:2214","2023-02-08T17:26:06+00:00"
"COL9A1","HGNC:2217","chr6:70924764-71012787","chr6:70215061-70303084","No Evidence for Haploinsufficiency","No Evidence for Triplosensitivity","https://search.clinicalgenome.org/kb/gene-dosage/HGNC:2217","2013-11-06T18:30:03+00:00"
"COL9A2","HGNC:2218","chr1:40766161-40782958","chr1:40300489-40317286","No Evidence for Haploinsufficiency","No Evidence for Triplosensitivity","https://search.clinicalgenome.org/kb/gene-dosage/HGNC:2218","2013-10-09T14:29:54+00:00"
"COLEC11","HGNC:17213","chr2:3642702-3692234","chr2:3595112-3644644","Gene Associated with Autosomal Recessive Phenotype","No Evidence for Triplosensitivity","https://search.clinicalgenome.org/kb/gene-dosage/HGNC:17213","2016-08-22T17:47:20+00:00"
"COLQ","HGNC:2226","chr3:15491640-15563213","chr3:15450133-15521706","Gene Associated with Autosomal Recessive Phenotype","No Evidence for Triplosensitivity","https://search.clinicalgenome.org/kb/gene-dosage/HGNC:2226","2016-08-22T17:47:20+00:00"
"COMP","HGNC:2227","chr19:18893583-18902114","chr19:18782773-18791305","No Evidence for Haploinsufficiency","No Evidence for Triplosensitivity","https://search.clinicalgenome.org/kb/gene-dosage/HGNC:2227","2026-05-27T16:15:03+00:00"
"COQ2","HGNC:25223","chr4:84184977-84206287","chr4:83263824-83285134","Gene Associated with Autosomal Recessive Phenotype","No Evidence for Triplosensitivity","https://search.clinicalgenome.org/kb/gene-dosage/HGNC:25223","2016-08-22T17:47:21+00:00"
"CORO1A","HGNC:2252","chr16:30194923-30200397","chr16:30183602-30189076","Gene Associated with Autosomal Recessive Phenotype","No Evidence for Triplosensitivity","https://search.clinicalgenome.org/kb/gene-dosage/HGNC:2252","2016-08-22T17:47:22+00:00"
"COX10","HGNC:2260","chr17:13972821-14111994","chr17:14069504-14208677","Gene Associated with Autosomal Recessive Phenotype","Not yet evaluated","https://search.clinicalgenome.org/kb/gene-dosage/HGNC:2260","2016-08-22T17:47:23+00:00"
"COX14","HGNC:28216","chr12:50506019-50514236","chr12:50112236-50120453","Gene Associated with Autosomal Recessive Phenotype","No Evidence for Triplosensitivity","https://search.clinicalgenome.org/kb/gene-dosage/HGNC:28216","2016-08-22T17:47:23+00:00"
"COX15","HGNC:2263","chr10:101454050-101491884","chr10:99694293-99732127","Gene Associated with Autosomal Recessive Phenotype","No Evidence for Triplosensitivity","https://search.clinicalgenome.org/kb/gene-dosage/HGNC:2263","2016-08-22T17:47:24+00:00"
"COX20","HGNC:26970","chr1:244998608-245008365","chr1:244835306-244845063","Gene Associated with Autosomal Recessive Phenotype","Not yet evaluated","https://search.clinicalgenome.org/kb/gene-dosage/HGNC:26970","2016-08-22T17:47:25+00:00"
"COX6B1","HGNC:2280","chr19:36139225-36149684","chr19:35648323-35658782","Gene Associated with Autosomal Recessive Phenotype","No Evidence for Triplosensitivity","https://search.clinicalgenome.org/kb/gene-dosage/HGNC:2280","2016-08-22T17:47:26+00:00"
"CP","HGNC:2295","chr3:148880201-148939616","chr3:149162414-149221829","Gene Associated with Autosomal Recessive Phenotype","Not yet evaluated","https://search.clinicalgenome.org/kb/gene-dosage/HGNC:2295","2016-08-22T17:47:26+00:00"
"CPA4","HGNC:15740","chr7:129933001-129964020","chr7:130293161-130324180","No Evidence for Haploinsufficiency","No Evidence for Triplosensitivity","https://search.clinicalgenome.org/kb/gene-dosage/HGNC:15740","2012-07-25T14:40:32+00:00"
"CPA6","HGNC:17245","chr8:68334273-68658595","chr8:67422038-67746360","No Evidence for Haploinsufficiency","No Evidence for Triplosensitivity","https://search.clinicalgenome.org/kb/gene-dosage/HGNC:17245","2019-09-04T15:09:34+00:00"
"CPAP","HGNC:17272","chr13:25456417-25496999","chr13:24882279-24934000","Gene Associated with Autosomal Recessive Phenotype","Not yet evaluated","https://search.clinicalgenome.org/kb/gene-dosage/HGNC:17272","2016-08-22T17:46:59+00:00"
"CPLANE1","HGNC:25801","chr5:37106337-37249478","chr5:37075669-37249376","Gene Associated with Autosomal Recessive Phenotype","No Evidence for Triplosensitivity","https://search.clinicalgenome.org/kb/gene-dosage/HGNC:25801","2016-08-22T17:46:34+00:00"
"CPN1","HGNC:2312","chr10:101801950-101841626","chr10:100042193-100081869","Gene Associated with Autosomal Recessive Phenotype","No Evidence for Triplosensitivity","https://search.clinicalgenome.org/kb/gene-dosage/HGNC:2312","2016-08-22T17:47:27+00:00"
"CPS1","HGNC:2323","chr2:211342409-211543831","chr2:210477685-210679107","Gene Associated with Autosomal Recessive Phenotype","Not yet evaluated","https://search.clinicalgenome.org/kb/gene-dosage/HGNC:2323","2016-08-22T17:47:28+00:00"
"CPT1A","HGNC:2328","chr11:68522088-68609384","chr11:68754620-68844277","Gene Associated with Autosomal Recessive Phenotype","No Evidence for Triplosensitivity","https://search.clinicalgenome.org/kb/gene-dosage/HGNC:2328","2016-08-22T17:47:28+00:00"
"CRADD","HGNC:2340","chr12:94071151-94288616","chr12:93677375-93894840","Gene Associated with Autosomal Recessive Phenotype","No Evidence for Triplosensitivity","https://search.clinicalgenome.org/kb/gene-dosage/HGNC:2340","2026-06-25T21:40:03+00:00"
"CREBBP","HGNC:2348","chr16:3775055-3930714","chr16:3725054-3880713","Sufficient Evidence for Haploinsufficiency","No Evidence for Triplosensitivity","https://search.clinicalgenome.org/kb/gene-dosage/HGNC:2348","2019-10-23T16:27:40+00:00"
"CRHR1","HGNC:2357","chr17:43861686-43913194","chr17:45784320-45835828","No Evidence for Haploinsufficiency","No Evidence for Triplosensitivity","https://search.clinicalgenome.org/kb/gene-dosage/HGNC:2357","2012-07-06T20:50:43+00:00"
"CRIPT","HGNC:14312","chr2:46844354-46857315","chr2:46617215-46630176","Gene Associated with Autosomal Recessive Phenotype","No Evidence for Triplosensitivity","https://search.clinicalgenome.org/kb/gene-dosage/HGNC:14312","2016-08-22T17:47:30+00:00"
"CRIPTO","HGNC:11701","chr3:46616025-46623947","chr3:46574535-46582457","Little Evidence for Haploinsufficiency","No Evidence for Triplosensitivity","https://search.clinicalgenome.org/kb/gene-dosage/HGNC:11701","2011-12-27T19:23:05+00:00"
"CRKL","HGNC:2363","chr22:21271695-21308035","chr22:20917407-20953747","Little Evidence for Haploinsufficiency","No Evidence for Triplosensitivity","https://search.clinicalgenome.org/kb/gene-dosage/HGNC:2363","2020-04-13T18:49:39+00:00"
"CRPPA","HGNC:37276","chr7:16127150-16461163","chr7:16087525-16421538","Gene Associated with Autosomal Recessive Phenotype","Not yet evaluated","https://search.clinicalgenome.org/kb/gene-dosage/HGNC:37276","2016-08-22T17:49:35+00:00"
"CRTAP","HGNC:2379","chr3:33155506-33189265","chr3:33114014-33147773","Gene Associated with Autosomal Recessive Phenotype","No Evidence for Triplosensitivity","https://search.clinicalgenome.org/kb/gene-dosage/HGNC:2379","2016-08-22T17:47:31+00:00"
"CRYBA1","HGNC:2394","chr17:27573877-27581512","chr17:29246859-29254494","No Evidence for Haploinsufficiency","No Evidence for Triplosensitivity","https://search.clinicalgenome.org/kb/gene-dosage/HGNC:2394","2013-06-06T13:51:53+00:00"
"CRYBB2","HGNC:2398","chr22:25615606-25627836","chr22:25211661-25231869","No Evidence for Haploinsufficiency","No Evidence for Triplosensitivity","https://search.clinicalgenome.org/kb/gene-dosage/HGNC:2398","2023-01-10T17:06:18+00:00"
"CRYGC","HGNC:2410","chr2:208992861-208994552","chr2:208128137-208129828","No Evidence for Haploinsufficiency","No Evidence for Triplosensitivity","https://search.clinicalgenome.org/kb/gene-dosage/HGNC:2410","2013-05-22T14:58:27+00:00"
"CSF2RA","HGNC:2435","chrX:1387707-1444111","chrX:1268814-1325218","Gene Associated with Autosomal Recessive Phenotype","No Evidence for Triplosensitivity","https://search.clinicalgenome.org/kb/gene-dosage/HGNC:2435","2021-08-23T16:08:07+00:00"
"CSF2RB","HGNC:2436","chr22:37309670-37336481","chr22:36913628-36940439","Gene Associated with Autosomal Recessive Phenotype","Not yet evaluated","https://search.clinicalgenome.org/kb/gene-dosage/HGNC:2436","2016-08-22T17:47:32+00:00"
"CSMD1","HGNC:14026","chr8:2792883-4852436","chr8:2935361-4994914","Little Evidence for Haploinsufficiency","No Evidence for Triplosensitivity","https://search.clinicalgenome.org/kb/gene-dosage/HGNC:14026","2024-10-08T16:10:21+00:00"
"CSNK2A1","HGNC:2457","chr20:453142-524434","chr20:472498-543790","Little Evidence for Haploinsufficiency","No Evidence for Triplosensitivity","https://search.clinicalgenome.org/kb/gene-dosage/HGNC:2457","2024-06-26T16:51:01+00:00"
"CSPP1","HGNC:26193","chr8:67976603-68108849","chr8:67064368-67196614","Gene Associated with Autosomal Recessive Phenotype","No Evidence for Triplosensitivity","https://search.clinicalgenome.org/kb/gene-dosage/HGNC:26193","2026-06-30T21:02:12+00:00"
"CSTB","HGNC:2482","chr21:45193831-45196189","chr21:43773950-43776308","Gene Associated with Autosomal Recessive Phenotype","No Evidence for Triplosensitivity","https://search.clinicalgenome.org/kb/gene-dosage/HGNC:2482","2016-08-22T17:47:33+00:00"
"CTC1","HGNC:26169","chr17:8128133-8151374","chr17:8224815-8248056","Gene Associated with Autosomal Recessive Phenotype","No Evidence for Triplosensitivity","https://search.clinicalgenome.org/kb/gene-dosage/HGNC:26169","2019-10-08T18:31:04+00:00"
"CTCF","HGNC:13723","chr16:67596429-67673088","chr16:67562526-67639185","Sufficient Evidence for Haploinsufficiency","No Evidence for Triplosensitivity","https://search.clinicalgenome.org/kb/gene-dosage/HGNC:13723","2021-09-22T16:34:26+00:00"
"CTDP1","HGNC:2498","chr18:77439803-77516625","chr18:79676768-79756625","Gene Associated with Autosomal Recessive Phenotype","Not yet evaluated","https://search.clinicalgenome.org/kb/gene-dosage/HGNC:2498","2016-08-22T17:47:34+00:00"
"CTH","HGNC:2501","chr1:70876951-70905534","chr1:70411268-70439851","Gene Associated with Autosomal Recessive Phenotype","No Evidence for Triplosensitivity","https://search.clinicalgenome.org/kb/gene-dosage/HGNC:2501","2016-08-22T17:47:35+00:00"
"CTNNA1","HGNC:2509","chr5:138089114-138270723","chr5:138753425-138935034","Sufficient Evidence for Haploinsufficiency","No Evidence for Triplosensitivity","https://search.clinicalgenome.org/kb/gene-dosage/HGNC:2509","2022-10-12T16:23:54+00:00"
"CTNNA3","HGNC:2511","chr10:67672281-69455953","chr10:65912523-67763594","No Evidence for Haploinsufficiency","No Evidence for Triplosensitivity","https://search.clinicalgenome.org/kb/gene-dosage/HGNC:2511","2018-10-24T16:40:19+00:00"
"CTNNB1","HGNC:2514","chr3:41240996-41281934","chr3:41199505-41240443","Sufficient Evidence for Haploinsufficiency","No Evidence for Triplosensitivity","https://search.clinicalgenome.org/kb/gene-dosage/HGNC:2514","2017-11-22T17:57:27+00:00"
"CTNND2","HGNC:2516","chr5:10971948-11904558","chr5:10971836-11904446","Little Evidence for Haploinsufficiency","No Evidence for Triplosensitivity","https://search.clinicalgenome.org/kb/gene-dosage/HGNC:2516","2021-10-12T16:29:43+00:00"
"CTNS","HGNC:2518","chr17:3539753-3566397","chr17:3636459-3663103","Gene Associated with Autosomal Recessive Phenotype","No Evidence for Triplosensitivity","https://search.clinicalgenome.org/kb/gene-dosage/HGNC:2518","2012-08-22T14:35:39+00:00"
"CTSB","HGNC:2527","chr8:11700033-11725596","chr8:11842524-11868087","No Evidence for Haploinsufficiency","No Evidence for Triplosensitivity","https://search.clinicalgenome.org/kb/gene-dosage/HGNC:2527","2012-02-08T20:52:55+00:00"
"CUBN","HGNC:2548","chr10:16865965-17171810","chr10:16823966-17129811","Gene Associated with Autosomal Recessive Phenotype","No Evidence for Triplosensitivity","https://search.clinicalgenome.org/kb/gene-dosage/HGNC:2548","2016-08-22T17:47:35+00:00"
"CUL3","HGNC:2553","chr2:225334867-225450080","chr2:224470150-224585363","Sufficient Evidence for Haploinsufficiency","No Evidence for Triplosensitivity","https://search.clinicalgenome.org/kb/gene-dosage/HGNC:2553","2018-01-24T17:47:57+00:00"
"CUL4B","HGNC:2555","chrX:119657713-119709387","chrX:120523858-120575532","Sufficient Evidence for Haploinsufficiency","No Evidence for Triplosensitivity","https://search.clinicalgenome.org/kb/gene-dosage/HGNC:2555","2021-02-09T17:13:39+00:00"
"CYB5A","HGNC:2570","chr18:71918081-71959198","chr18:74250846-74291963","Gene Associated with Autosomal Recessive Phenotype","No Evidence for Triplosensitivity","https://search.clinicalgenome.org/kb/gene-dosage/HGNC:2570","2016-08-22T17:47:36+00:00"
"CYBB","HGNC:2578","chrX:37639312-37672714","chrX:37780059-37813461","Sufficient Evidence for Haploinsufficiency","No Evidence for Triplosensitivity","https://search.clinicalgenome.org/kb/gene-dosage/HGNC:2578","2020-05-27T16:23:41+00:00"
"CYLD","HGNC:2584","chr16:50775997-50835846","chr16:50742086-50801935","Sufficient Evidence for Haploinsufficiency","No Evidence for Triplosensitivity","https://search.clinicalgenome.org/kb/gene-dosage/HGNC:2584","2021-02-10T17:13:57+00:00"
"CYP21A2","HGNC:2600","chr6:32006192-32009421","chr6:32038415-32041644","Gene Associated with Autosomal Recessive Phenotype","No Evidence for Triplosensitivity","https://search.clinicalgenome.org/kb/gene-dosage/HGNC:2600","2012-07-06T20:55:21+00:00"
"CYP24A1","HGNC:2602","chr20:52769985-52790525","chr20:54143538-54173986","Gene Associated with Autosomal Recessive Phenotype","Not yet evaluated","https://search.clinicalgenome.org/kb/gene-dosage/HGNC:2602","2016-08-22T17:47:37+00:00"
"CYP27A1","HGNC:2605","chr2:219646870-219680016","chr2:218782147-218815293","Gene Associated with Autosomal Recessive Phenotype","Not yet evaluated","https://search.clinicalgenome.org/kb/gene-dosage/HGNC:2605","2016-08-22T17:47:38+00:00"
"CYP3A43","HGNC:17450","chr7:99425636-99463716","chr7:99828013-99866093","Dosage Sensitivity Unlikely for Haploinsufficiency","No Evidence for Triplosensitivity","https://search.clinicalgenome.org/kb/gene-dosage/HGNC:17450","2021-02-02T18:18:55+00:00"
"CYP4F22","HGNC:26820","chr19:15619336-15663128","chr19:15508525-15552317","Gene Associated with Autosomal Recessive Phenotype","Not yet evaluated","https://search.clinicalgenome.org/kb/gene-dosage/HGNC:26820","2016-08-22T17:47:40+00:00"
"CYP4V2","HGNC:23198","chr4:187112721-187134617","chr4:186191567-186213463","Gene Associated with Autosomal Recessive Phenotype","Not yet evaluated","https://search.clinicalgenome.org/kb/gene-dosage/HGNC:23198","2016-08-22T17:47:40+00:00"
"D2HGDH","HGNC:28358","chr2:242674045-242708226","chr2:241734630-241768811","Gene Associated with Autosomal Recessive Phenotype","Not yet evaluated","https://search.clinicalgenome.org/kb/gene-dosage/HGNC:28358","2016-08-22T17:47:41+00:00"
"DARS2","HGNC:25538","chr1:173793811-173827684","chr1:173824673-173858546","Gene Associated with Autosomal Recessive Phenotype","No Evidence for Triplosensitivity","https://search.clinicalgenome.org/kb/gene-dosage/HGNC:25538","2016-08-22T17:47:43+00:00"
"DAZ1","HGNC:2682","chrY:25275502-25345241","chrY:23129355-23199094","No Evidence for Haploinsufficiency","No Evidence for Triplosensitivity","https://search.clinicalgenome.org/kb/gene-dosage/HGNC:2682","2012-10-17T14:23:56+00:00"
"DBH","HGNC:2689","chr9:136501485-136524451","chr9:133636363-133659329","Gene Associated with Autosomal Recessive Phenotype","No Evidence for Triplosensitivity","https://search.clinicalgenome.org/kb/gene-dosage/HGNC:2689","2016-08-22T17:47:43+00:00"
"DBT","HGNC:2698","chr1:100652475-100715390","chr1:100186919-100249834","Gene Associated with Autosomal Recessive Phenotype","No Evidence for Triplosensitivity","https://search.clinicalgenome.org/kb/gene-dosage/HGNC:2698","2026-04-24T15:23:31+00:00"
"DCHS1","HGNC:13681","chr11:6642561-6677040","chr11:6621330-6655809","Little Evidence for Haploinsufficiency","No Evidence for Triplosensitivity","https://search.clinicalgenome.org/kb/gene-dosage/HGNC:13681","2018-08-31T19:02:23+00:00"
"DCLRE1C","HGNC:17642","chr10:14939358-14996431","chr10:14897359-14954432","Gene Associated with Autosomal Recessive Phenotype","No Evidence for Triplosensitivity","https://search.clinicalgenome.org/kb/gene-dosage/HGNC:17642","2016-08-22T17:47:45+00:00"
"DCX","HGNC:2714","chrX:110537007-110655420","chrX:111293779-111412192","Sufficient Evidence for Haploinsufficiency","No Evidence for Triplosensitivity","https://search.clinicalgenome.org/kb/gene-dosage/HGNC:2714","2012-07-06T19:29:12+00:00"
"DCXR","HGNC:18985","chr17:79993734-79995573","chr17:82035858-82037697","Gene Associated with Autosomal Recessive Phenotype","No Evidence for Triplosensitivity","https://search.clinicalgenome.org/kb/gene-dosage/HGNC:18985","2016-08-22T17:47:46+00:00"
"DDB2","HGNC:2718","chr11:47236525-47260768","chr11:47214454-47239217","Gene Associated with Autosomal Recessive Phenotype","No Evidence for Triplosensitivity","https://search.clinicalgenome.org/kb/gene-dosage/HGNC:2718","2016-08-22T17:47:47+00:00"
"DDHD1","HGNC:19714","chr14:53503473-53620041","chr14:53036755-53153323","Gene Associated with Autosomal Recessive Phenotype","No Evidence for Triplosensitivity","https://search.clinicalgenome.org/kb/gene-dosage/HGNC:19714","2014-09-25T14:00:02+00:00"
"DDOST","HGNC:2728","chr1:20978270-20987862","chr1:20651777-20661369","Gene Associated with Autosomal Recessive Phenotype","No Evidence for Triplosensitivity","https://search.clinicalgenome.org/kb/gene-dosage/HGNC:2728","2016-08-22T17:47:48+00:00"
"DDX3X","HGNC:2745","chrX:41192561-41223725","chrX:41333308-41364472","Sufficient Evidence for Haploinsufficiency","No Evidence for Triplosensitivity","https://search.clinicalgenome.org/kb/gene-dosage/HGNC:2745","2017-11-22T17:52:42+00:00"
"DDX41","HGNC:18674","chr5:176938578-176943962","chr5:177511577-177516961","Sufficient Evidence for Haploinsufficiency","No Evidence for Triplosensitivity","https://search.clinicalgenome.org/kb/gene-dosage/HGNC:18674","2022-02-09T20:37:33+00:00"
"DEPDC5","HGNC:18423","chr22:32149954-32304019","chr22:31753968-31908033","Sufficient Evidence for Haploinsufficiency","No Evidence for Triplosensitivity","https://search.clinicalgenome.org/kb/gene-dosage/HGNC:18423","2025-06-30T21:30:57+00:00"
"DGKE","HGNC:2852","chr17:54911512-54946928","chr17:56834151-56869567","Gene Associated with Autosomal Recessive Phenotype","No Evidence for Triplosensitivity","https://search.clinicalgenome.org/kb/gene-dosage/HGNC:2852","2016-08-22T17:47:49+00:00"
"DGUOK","HGNC:2858","chr2:74154007-74186073","chr2:73926880-73958946","Gene Associated with Autosomal Recessive Phenotype","Not yet evaluated","https://search.clinicalgenome.org/kb/gene-dosage/HGNC:2858","2016-08-22T17:47:50+00:00"
"DHCR7","HGNC:2860","chr11:71145457-71159439","chr11:71434411-71448393","Gene Associated with Autosomal Recessive Phenotype","No Evidence for Triplosensitivity","https://search.clinicalgenome.org/kb/gene-dosage/HGNC:2860","2012-04-04T18:45:27+00:00"
"DHODH","HGNC:2867","chr16:72042643-72061558","chr16:72008744-72027659","Gene Associated with Autosomal Recessive Phenotype","No Evidence for Triplosensitivity","https://search.clinicalgenome.org/kb/gene-dosage/HGNC:2867","2016-08-22T17:47:51+00:00"
"DHX57","HGNC:20086","chr2:39024871-39103075","chr2:38797729-38875934","No Evidence for Haploinsufficiency","No Evidence for Triplosensitivity","https://search.clinicalgenome.org/kb/gene-dosage/HGNC:20086","2018-06-28T13:58:54+00:00"
"DIAPH1","HGNC:2876","chr5:140894588-140998567","chr5:141515021-141619000","Gene Associated with Autosomal Recessive Phenotype","No Evidence for Triplosensitivity","https://search.clinicalgenome.org/kb/gene-dosage/HGNC:2876","2026-06-25T17:58:10+00:00"
"DICER1","HGNC:17098","chr14:95552565-95624347","chr14:95086228-95158010","Sufficient Evidence for Haploinsufficiency","No Evidence for Triplosensitivity","https://search.clinicalgenome.org/kb/gene-dosage/HGNC:17098","2022-02-09T17:48:43+00:00"
"DIP2A","HGNC:17217","chr21:47878804-47991139","chr21:46458891-46583871","Little Evidence for Haploinsufficiency","No Evidence for Triplosensitivity","https://search.clinicalgenome.org/kb/gene-dosage/HGNC:17217","2019-01-23T17:09:45+00:00"
"DIRAS3","HGNC:687","chr1:68511569-68517314","chr1:68045962-68050627","No Evidence for Haploinsufficiency","No Evidence for Triplosensitivity","https://search.clinicalgenome.org/kb/gene-dosage/HGNC:687","2011-10-19T14:16:31+00:00"
"DIS3L2","HGNC:28648","chr2:232826423-233209060","chr2:231961713-232344350","Little Evidence for Haploinsufficiency","No Evidence for Triplosensitivity","https://search.clinicalgenome.org/kb/gene-dosage/HGNC:28648","2020-10-14T17:17:54+00:00"
"DISC1","HGNC:2888","chr1:231762536-232177018","chr1:231626790-232041272","No Evidence for Haploinsufficiency","No Evidence for Triplosensitivity","https://search.clinicalgenome.org/kb/gene-dosage/HGNC:2888","2012-03-06T20:06:05+00:00"
"DISP1","HGNC:19711","chr1:222988381-223179337","chr1:222815039-223005995","No Evidence for Haploinsufficiency","No Evidence for Triplosensitivity","https://search.clinicalgenome.org/kb/gene-dosage/HGNC:19711","2012-07-06T19:25:51+00:00"
"DKC1","HGNC:2890","chrX:153991139-154005964","chrX:154762864-154777689","Little Evidence for Haploinsufficiency","No Evidence for Triplosensitivity","https://search.clinicalgenome.org/kb/gene-dosage/HGNC:2890","2023-06-14T16:20:34+00:00"
"DLG2","HGNC:2901","chr11:83166055-85339417","chr11:83455012-85628373","Little Evidence for Haploinsufficiency","No Evidence for Triplosensitivity","https://search.clinicalgenome.org/kb/gene-dosage/HGNC:2901","2018-11-28T17:07:31+00:00"
"DLG3","HGNC:2902","chrX:69664685-69725340","chrX:70444835-70505490","Sufficient Evidence for Haploinsufficiency","No Evidence for Triplosensitivity","https://search.clinicalgenome.org/kb/gene-dosage/HGNC:2902","2024-04-25T19:42:13+00:00"
"DLG4","HGNC:2903","chr17:7090506-7123369","chr17:7187187-7220050","Sufficient Evidence for Haploinsufficiency","No Evidence for Triplosensitivity","https://search.clinicalgenome.org/kb/gene-dosage/HGNC:2903","2023-10-10T16:08:57+00:00"
"DLGAP2","HGNC:2906","chr8:687628-1656642","chr8:737628-1708476","No Evidence for Haploinsufficiency","No Evidence for Triplosensitivity","https://search.clinicalgenome.org/kb/gene-dosage/HGNC:2906","2012-03-22T18:36:20+00:00"
"DLK1","HGNC:2907","chr14:101193229-101204561","chr14:100726892-100738224","No Evidence for Haploinsufficiency","No Evidence for Triplosensitivity","https://search.clinicalgenome.org/kb/gene-dosage/HGNC:2907","2012-04-28T11:03:13+00:00"
"DLL1","HGNC:2908","chr6:170591294-170600166","chr6:170282206-170291078","Sufficient Evidence for Haploinsufficiency","No Evidence for Triplosensitivity","https://search.clinicalgenome.org/kb/gene-dosage/HGNC:2908","2021-03-09T17:14:44+00:00"
"DLX1","HGNC:2914","chr2:172950235-172954402","chr2:172085507-172089674","No Evidence for Haploinsufficiency","No Evidence for Triplosensitivity","https://search.clinicalgenome.org/kb/gene-dosage/HGNC:2914","2012-03-30T18:07:18+00:00"
"DLX2","HGNC:2915","chr2:172964166-172967628","chr2:172099438-172102900","No Evidence for Haploinsufficiency","No Evidence for Triplosensitivity","https://search.clinicalgenome.org/kb/gene-dosage/HGNC:2915","2012-01-19T18:38:37+00:00"
"DLX5","HGNC:2918","chr7:96649708-96654143","chr7:97020396-97024831","No Evidence for Haploinsufficiency","No Evidence for Triplosensitivity","https://search.clinicalgenome.org/kb/gene-dosage/HGNC:2918","2012-05-14T21:39:05+00:00"
"DLX6","HGNC:2919","chr7:96634865-96640352","chr7:97005553-97011040","No Evidence for Haploinsufficiency","No Evidence for Triplosensitivity","https://search.clinicalgenome.org/kb/gene-dosage/HGNC:2919","2012-05-14T21:37:24+00:00"
"DMD","HGNC:2928","chrX:31137339-33357505","chrX:31119222-33339388","Sufficient Evidence for Haploinsufficiency","No Evidence for Triplosensitivity","https://search.clinicalgenome.org/kb/gene-dosage/HGNC:2928","2019-11-20T17:55:00+00:00"
"DMP1","HGNC:2932","chr4:88571432-88585509","chr4:87650280-87664357","Gene Associated with Autosomal Recessive Phenotype","Not yet evaluated","https://search.clinicalgenome.org/kb/gene-dosage/HGNC:2932","2016-08-22T17:47:52+00:00"
"DMRT1","HGNC:2934","chr9:841697-969090","chr9:841697-969090","Little Evidence for Haploinsufficiency","No Evidence for Triplosensitivity","https://search.clinicalgenome.org/kb/gene-dosage/HGNC:2934","2023-11-10T17:27:00+00:00"
"DMRT2","HGNC:2935","chr9:1050357-1057552","chr9:1050357-1057552","No Evidence for Haploinsufficiency","No Evidence for Triplosensitivity","https://search.clinicalgenome.org/kb/gene-dosage/HGNC:2935","2012-08-22T14:36:38+00:00"
"DMXL2","HGNC:2938","chr15:51739988-51914968","chr15:51447791-51622771","No Evidence for Haploinsufficiency","No Evidence for Triplosensitivity","https://search.clinicalgenome.org/kb/gene-dosage/HGNC:2938","2012-04-04T18:52:20+00:00"
"DNAAF1","HGNC:30539","chr16:84178913-84211526","chr16:84145308-84177920","Gene Associated with Autosomal Recessive Phenotype","No Evidence for Triplosensitivity","https://search.clinicalgenome.org/kb/gene-dosage/HGNC:30539","2016-08-22T17:47:53+00:00"
"DNAAF11","HGNC:16725","chr8:133582664-133687791","chr8:132570416-132702913","Gene Associated with Autosomal Recessive Phenotype","Not yet evaluated","https://search.clinicalgenome.org/kb/gene-dosage/HGNC:16725","2016-08-22T17:50:07+00:00"
"DNAAF19","HGNC:32700","chr17:42977097-42982758","chr17:44899729-44905390","Gene Associated with Autosomal Recessive Phenotype","Not yet evaluated","https://search.clinicalgenome.org/kb/gene-dosage/HGNC:32700","2016-08-22T17:46:43+00:00"
"DNAH11","HGNC:2942","chr7:21582657-21941457","chr7:21543039-21901839","Gene Associated with Autosomal Recessive Phenotype","No Evidence for Triplosensitivity","https://search.clinicalgenome.org/kb/gene-dosage/HGNC:2942","2016-08-22T17:47:54+00:00"
"DNAH5","HGNC:2950","chr5:13690437-13944797","chr5:13690328-14011818","Gene Associated with Autosomal Recessive Phenotype","No Evidence for Triplosensitivity","https://search.clinicalgenome.org/kb/gene-dosage/HGNC:2950","2016-08-22T17:47:55+00:00"
"DNAI1","HGNC:2954","chr9:34458803-34520982","chr9:34458805-34520984","Gene Associated with Autosomal Recessive Phenotype","No Evidence for Triplosensitivity","https://search.clinicalgenome.org/kb/gene-dosage/HGNC:2954","2016-08-22T17:47:55+00:00"
"DNAI2","HGNC:18744","chr17:72270373-72311023","chr17:74274234-74314884","Gene Associated with Autosomal Recessive Phenotype","No Evidence for Triplosensitivity","https://search.clinicalgenome.org/kb/gene-dosage/HGNC:18744","2016-08-22T17:47:56+00:00"
"DNAJB6","HGNC:14888","chr7:157129698-157210133","chr7:157337004-157417439","No Evidence for Haploinsufficiency","No Evidence for Triplosensitivity","https://search.clinicalgenome.org/kb/gene-dosage/HGNC:14888","2012-10-29T22:14:20+00:00"
"DNAJC21","HGNC:27030","chr5:34929664-34959069","chr5:34929559-34958964","Little Evidence for Haploinsufficiency","No Evidence for Triplosensitivity","https://search.clinicalgenome.org/kb/gene-dosage/HGNC:27030","2020-10-14T16:09:44+00:00"
"DNAJC28","HGNC:1297","chr21:34860362-34864023","chr21:33488055-33491716","Dosage Sensitivity Unlikely for Haploinsufficiency","No Evidence for Triplosensitivity","https://search.clinicalgenome.org/kb/gene-dosage/HGNC:1297","2021-02-02T18:37:04+00:00"
"DNAJC6","HGNC:15469","chr1:65730432-65881554","chr1:65264749-65415871","Gene Associated with Autosomal Recessive Phenotype","No Evidence for Triplosensitivity","https://search.clinicalgenome.org/kb/gene-dosage/HGNC:15469","2016-08-22T17:47:57+00:00"
"DNASE1","HGNC:2956","chr16:3661761-3715462","chr16:3611760-3665461","No Evidence for Haploinsufficiency","No Evidence for Triplosensitivity","https://search.clinicalgenome.org/kb/gene-dosage/HGNC:2956","2012-02-22T14:34:39+00:00"
"DNM1","HGNC:2972","chr9:130965658-131017523","chr9:128203379-128255244","Gene Associated with Autosomal Recessive Phenotype","No Evidence for Triplosensitivity","https://search.clinicalgenome.org/kb/gene-dosage/HGNC:2972","2023-08-08T16:33:21+00:00"
"DNM2","HGNC:2974","chr19:10828755-10942579","chr19:10718079-10831903","No Evidence for Haploinsufficiency","No Evidence for Triplosensitivity","https://search.clinicalgenome.org/kb/gene-dosage/HGNC:2974","2026-04-22T17:00:26+00:00"
"DNMT3A","HGNC:2978","chr2:25450743-25565459","chr2:25227874-25342590","Sufficient Evidence for Haploinsufficiency","No Evidence for Triplosensitivity","https://search.clinicalgenome.org/kb/gene-dosage/HGNC:2978","2024-09-25T16:45:16+00:00"
"DOCK7","HGNC:19190","chr1:62920397-63154057","chr1:62454726-62688386","Gene Associated with Autosomal Recessive Phenotype","No Evidence for Triplosensitivity","https://search.clinicalgenome.org/kb/gene-dosage/HGNC:19190","2016-08-22T17:47:58+00:00"
"DOCK8","HGNC:19191","chr9:214865-465255","chr9:211257-465255","Gene Associated with Autosomal Recessive Phenotype","No Evidence for Triplosensitivity","https://search.clinicalgenome.org/kb/gene-dosage/HGNC:19191","2023-06-14T16:38:24+00:00"
"DOK7","HGNC:26594","chr4:3465033-3503209","chr4:3463306-3501482","Gene Associated with Autosomal Recessive Phenotype","Not yet evaluated","https://search.clinicalgenome.org/kb/gene-dosage/HGNC:26594","2016-08-22T17:47:59+00:00"
"DPAGT1","HGNC:2995","chr11:118967220-118972563","chr11:119093874-119101853","Gene Associated with Autosomal Recessive Phenotype","No Evidence for Triplosensitivity","https://search.clinicalgenome.org/kb/gene-dosage/HGNC:2995","2016-08-22T17:48:00+00:00"
"DPM1","HGNC:3005","chr20:49551392-49575101","chr20:50934855-50958564","Gene Associated with Autosomal Recessive Phenotype","No Evidence for Triplosensitivity","https://search.clinicalgenome.org/kb/gene-dosage/HGNC:3005","2016-08-22T17:48:01+00:00"
"DPM3","HGNC:3007","chr1:155112367-155113007","chr1:155139891-155140531","Gene Associated with Autosomal Recessive Phenotype","No Evidence for Triplosensitivity","https://search.clinicalgenome.org/kb/gene-dosage/HGNC:3007","2015-04-09T03:18:03+00:00"
"DPP6","HGNC:3010","chr7:153445218-154685995","chr7:153748133-154894285","Little Evidence for Haploinsufficiency","No Evidence for Triplosensitivity","https://search.clinicalgenome.org/kb/gene-dosage/HGNC:3010","2019-06-26T16:38:44+00:00"
"DPYD","HGNC:3012","chr1:97543299-98386615","chr1:97077743-97921059","Gene Associated with Autosomal Recessive Phenotype","No Evidence for Triplosensitivity","https://search.clinicalgenome.org/kb/gene-dosage/HGNC:3012","2018-01-24T04:05:33+00:00"
"DPYS","HGNC:3013","chr8:105391659-105479283","chr8:104379431-104467055","Gene Associated with Autosomal Recessive Phenotype","Not yet evaluated","https://search.clinicalgenome.org/kb/gene-dosage/HGNC:3013","2016-08-22T17:48:01+00:00"
"DRD5","HGNC:3026","chr4:9783258-9785633","chr4:9781634-9784009","No Evidence for Haploinsufficiency","No Evidence for Triplosensitivity","https://search.clinicalgenome.org/kb/gene-dosage/HGNC:3026","2012-05-15T21:42:04+00:00"
"DSC2","HGNC:3036","chr18:28638806-28682384","chr18:31058840-31102421","Little Evidence for Haploinsufficiency","No Evidence for Triplosensitivity","https://search.clinicalgenome.org/kb/gene-dosage/HGNC:3036","2024-04-24T16:56:07+00:00"
"DSC3","HGNC:3037","chr18:28569331-28622708","chr18:30989365-31042742","Gene Associated with Autosomal Recessive Phenotype","Not yet evaluated","https://search.clinicalgenome.org/kb/gene-dosage/HGNC:3037","2016-08-22T17:48:02+00:00"
"DSCAM","HGNC:3039","chr21:41382926-42219084","chr21:40010999-40847158","Emerging Evidence for Haploinsufficiency","No Evidence for Triplosensitivity","https://search.clinicalgenome.org/kb/gene-dosage/HGNC:3039","2023-10-10T16:39:07+00:00"
"DSE","HGNC:21144","chr6:116575334-116766024","chr6:116254171-116444861","Gene Associated with Autosomal Recessive Phenotype","Not yet evaluated","https://search.clinicalgenome.org/kb/gene-dosage/HGNC:21144","2016-08-22T17:48:03+00:00"
"DSG2","HGNC:3049","chr18:29078140-29128971","chr18:31498177-31549008","Emerging Evidence for Haploinsufficiency","No Evidence for Triplosensitivity","https://search.clinicalgenome.org/kb/gene-dosage/HGNC:3049","2022-12-13T17:22:31+00:00"
"DSG4","HGNC:21307","chr18:28956740-28994872","chr18:31376777-31414909","Gene Associated with Autosomal Recessive Phenotype","No Evidence for Triplosensitivity","https://search.clinicalgenome.org/kb/gene-dosage/HGNC:21307","2016-08-22T17:48:04+00:00"
"DSP","HGNC:3052","chr6:7541904-7586947","chr6:7541671-7586714","Sufficient Evidence for Haploinsufficiency","No Evidence for Triplosensitivity","https://search.clinicalgenome.org/kb/gene-dosage/HGNC:3052","2021-10-12T16:58:46+00:00"
"DSPP","HGNC:3054","chr4:88529681-88538025","chr4:87608529-87616873","No Evidence for Haploinsufficiency","No Evidence for Triplosensitivity","https://search.clinicalgenome.org/kb/gene-dosage/HGNC:3054","2013-03-27T18:15:34+00:00"
"DYM","HGNC:21317","chr18:46562757-46987015","chr18:49036387-49460645","Gene Associated with Autosomal Recessive Phenotype","No Evidence for Triplosensitivity","https://search.clinicalgenome.org/kb/gene-dosage/HGNC:21317","2012-02-23T17:35:02+00:00"
"DYNC1H1","HGNC:2961","chr14:102430910-102522780","chr14:101964573-102056443","No Evidence for Haploinsufficiency","No Evidence for Triplosensitivity","https://search.clinicalgenome.org/kb/gene-dosage/HGNC:2961","2023-11-14T16:52:07+00:00"
"DYNC2H1","HGNC:2962","chr11:102980155-103350591","chr11:103109426-103479863","Gene Associated with Autosomal Recessive Phenotype","Not yet evaluated","https://search.clinicalgenome.org/kb/gene-dosage/HGNC:2962","2016-08-22T17:48:05+00:00"
"DYNC2I1","HGNC:21862","chr7:158631936-158738880","chr7:158839245-158958698","Gene Associated with Autosomal Recessive Phenotype","Not yet evaluated","https://search.clinicalgenome.org/kb/gene-dosage/HGNC:21862","2016-08-22T17:53:25+00:00"
"DYRK1A","HGNC:3091","chr21:38737875-38898660","chr21:37365573-37526358","Sufficient Evidence for Haploinsufficiency","No Evidence for Triplosensitivity","https://search.clinicalgenome.org/kb/gene-dosage/HGNC:3091","2020-12-16T17:33:17+00:00"
"EARS2","HGNC:29419","chr16:23532075-23568696","chr16:23520754-23557375","Gene Associated with Autosomal Recessive Phenotype","No Evidence for Triplosensitivity","https://search.clinicalgenome.org/kb/gene-dosage/HGNC:29419","2016-08-22T17:48:06+00:00"
"EBF3","HGNC:19087","chr10:131633497-131762538","chr10:129835233-129964274","Sufficient Evidence for Haploinsufficiency","No Evidence for Triplosensitivity","https://search.clinicalgenome.org/kb/gene-dosage/HGNC:19087","2023-12-06T17:45:55+00:00"
"EBP","HGNC:3133","chrX:48380196-48387104","chrX:48521808-48528716","Sufficient Evidence for Haploinsufficiency","No Evidence for Triplosensitivity","https://search.clinicalgenome.org/kb/gene-dosage/HGNC:3133","2020-01-22T17:44:22+00:00"
"EDA","HGNC:3157","chrX:68835957-69259322","chrX:69616113-70039472","Sufficient Evidence for Haploinsufficiency","No Evidence for Triplosensitivity","https://search.clinicalgenome.org/kb/gene-dosage/HGNC:3157","2023-01-25T17:45:17+00:00"
"EDNRB","HGNC:3180","chr13:78469616-78549662","chr13:77895481-77975527","Little Evidence for Haploinsufficiency","No Evidence for Triplosensitivity","https://search.clinicalgenome.org/kb/gene-dosage/HGNC:3180","2022-02-07T19:56:02+00:00"
"EEF1A2","HGNC:3192","chr20:62119367-62130436","chr20:63488014-63499083","No Evidence for Haploinsufficiency","No Evidence for Triplosensitivity","https://search.clinicalgenome.org/kb/gene-dosage/HGNC:3192","2023-06-13T16:10:40+00:00"
"EFCAB13","HGNC:26864","chr17:45401321-45518678","chr17:47323955-47441312","Dosage Sensitivity Unlikely for Haploinsufficiency","No Evidence for Triplosensitivity","https://search.clinicalgenome.org/kb/gene-dosage/HGNC:26864","2021-02-02T18:54:58+00:00"
"EFL1","HGNC:25789","chr15:82422574-82555075","chr15:82130233-82262734","Gene Associated with Autosomal Recessive Phenotype","Not yet evaluated","https://search.clinicalgenome.org/kb/gene-dosage/HGNC:25789","2022-04-13T16:31:13+00:00"
"EFNB1","HGNC:3226","chrX:68048864-68062003","chrX:68829021-68842160","Sufficient Evidence for Haploinsufficiency","Little Evidence for Triplosensitivity","https://search.clinicalgenome.org/kb/gene-dosage/HGNC:3226","2025-05-13T16:22:08+00:00"
"EFTUD2","HGNC:30858","chr17:42927316-42976813","chr17:44849948-44899445","Sufficient Evidence for Haploinsufficiency","No Evidence for Triplosensitivity","https://search.clinicalgenome.org/kb/gene-dosage/HGNC:30858","2013-05-23T19:29:21+00:00"
"EGFR","HGNC:3236","chr7:55086710-55279321","chr7:55019017-55211628","No Evidence for Haploinsufficiency","No Evidence for Triplosensitivity","https://search.clinicalgenome.org/kb/gene-dosage/HGNC:3236","2022-05-11T16:14:28+00:00"
"EGR2","HGNC:3239","chr10:64571756-64578927","chr10:62811996-62819167","No Evidence for Haploinsufficiency","No Evidence for Triplosensitivity","https://search.clinicalgenome.org/kb/gene-dosage/HGNC:3239","2011-11-28T22:52:09+00:00"
"EHMT1","HGNC:24650","chr9:140513457-140730579","chr9:137619005-137836127","Sufficient Evidence for Haploinsufficiency","Little Evidence for Triplosensitivity","https://search.clinicalgenome.org/kb/gene-dosage/HGNC:24650","2012-07-06T20:41:17+00:00"
"EIF2AK3","HGNC:3255","chr2:88856259-88926982","chr2:88556741-88628145","Gene Associated with Autosomal Recessive Phenotype","Not yet evaluated","https://search.clinicalgenome.org/kb/gene-dosage/HGNC:3255","2016-08-22T17:48:07+00:00"
"EIF2B1","HGNC:3257","chr12:124104953-124118233","chr12:123620406-123633686","Gene Associated with Autosomal Recessive Phenotype","Not yet evaluated","https://search.clinicalgenome.org/kb/gene-dosage/HGNC:3257","2016-08-22T17:48:08+00:00"
"EIF2B3","HGNC:3259","chr1:45316194-45452267","chr1:44850522-44986595","Gene Associated with Autosomal Recessive Phenotype","No Evidence for Triplosensitivity","https://search.clinicalgenome.org/kb/gene-dosage/HGNC:3259","2016-08-22T17:48:08+00:00"
"EIF4A3","HGNC:18683","chr17:78108168-78120927","chr17:80134369-80147128","Gene Associated with Autosomal Recessive Phenotype","No Evidence for Triplosensitivity","https://search.clinicalgenome.org/kb/gene-dosage/HGNC:18683","2016-08-22T17:48:09+00:00"
"ELANE","HGNC:3309","chr19:852303-856243","chr19:852303-856243","Little Evidence for Haploinsufficiency","No Evidence for Triplosensitivity","https://search.clinicalgenome.org/kb/gene-dosage/HGNC:3309","2022-07-13T16:51:50+00:00"
"ELAVL2","HGNC:3313","chr9:23690102-23850599","chr9:23690104-23850601","Little Evidence for Haploinsufficiency","No Evidence for Triplosensitivity","https://search.clinicalgenome.org/kb/gene-dosage/HGNC:3313","2018-11-28T17:12:50+00:00"
"ELK1","HGNC:3321","chrX:47494919-47510003","chrX:47635520-47650604","No Evidence for Haploinsufficiency","No Evidence for Triplosensitivity","https://search.clinicalgenome.org/kb/gene-dosage/HGNC:3321","2012-09-26T19:20:27+00:00"
"ELN","HGNC:3327","chr7:73442503-73484237","chr7:74028173-74069907","Sufficient Evidence for Haploinsufficiency","No Evidence for Triplosensitivity","https://search.clinicalgenome.org/kb/gene-dosage/HGNC:3327","2012-07-10T13:20:56+00:00"
"ELOA3P","HGNC:24617","chr18:44554573-44556449","","No Evidence for Haploinsufficiency","No Evidence for Triplosensitivity","https://search.clinicalgenome.org/kb/gene-dosage/HGNC:24617","2012-02-22T14:41:04+00:00"
"EMX2","HGNC:3341","chr10:119302257-119309057","chr10:117542746-117549546","Little Evidence for Haploinsufficiency","No Evidence for Triplosensitivity","https://search.clinicalgenome.org/kb/gene-dosage/HGNC:3341","2021-11-09T17:29:29+00:00"
"EN2","HGNC:3343","chr7:155250824-155257526","chr7:155458129-155464831","No Evidence for Haploinsufficiency","No Evidence for Triplosensitivity","https://search.clinicalgenome.org/kb/gene-dosage/HGNC:3343","2012-08-26T21:21:27+00:00"
"ENG","HGNC:3349","chr9:130577291-130617052","chr9:127815016-127854658","Sufficient Evidence for Haploinsufficiency","No Evidence for Triplosensitivity","https://search.clinicalgenome.org/kb/gene-dosage/HGNC:3349","2024-01-11T16:58:06+00:00"
"ENO3","HGNC:3354","chr17:4853847-4860424","chr17:4948710-4957129","Gene Associated with Autosomal Recessive Phenotype","Not yet evaluated","https://search.clinicalgenome.org/kb/gene-dosage/HGNC:3354","2016-08-22T17:48:10+00:00"
"ENPP1","HGNC:3356","chr6:132129160-132216295","chr6:131808020-131895155","Gene Associated with Autosomal Recessive Phenotype","No Evidence for Triplosensitivity","https://search.clinicalgenome.org/kb/gene-dosage/HGNC:3356","2016-08-22T17:48:10+00:00"
"EP300","HGNC:3373","chr22:41488596-41576081","chr22:41092592-41180077","Sufficient Evidence for Haploinsufficiency","No Evidence for Triplosensitivity","https://search.clinicalgenome.org/kb/gene-dosage/HGNC:3373","2013-03-14T19:13:49+00:00"
"EPB42","HGNC:3381","chr15:43489425-43513216","chr15:43197227-43225737","Gene Associated with Autosomal Recessive Phenotype","No Evidence for Triplosensitivity","https://search.clinicalgenome.org/kb/gene-dosage/HGNC:3381","2016-08-22T17:48:11+00:00"
"EPCAM","HGNC:11529","chr2:47596450-47614159","chr2:47369311-47387020","Gene Associated with Autosomal Recessive Phenotype","No Evidence for Triplosensitivity","https://search.clinicalgenome.org/kb/gene-dosage/HGNC:11529","2019-10-08T18:30:22+00:00"
"EPM2A","HGNC:3413","chr6:145946441-146057159","chr6:145383353-145736023","Gene Associated with Autosomal Recessive Phenotype","No Evidence for Triplosensitivity","https://search.clinicalgenome.org/kb/gene-dosage/HGNC:3413","2016-08-22T17:56:14+00:00"
"EPS8","HGNC:3420","chr12:15773068-15942322","chr12:15620134-15789388","Gene Associated with Autosomal Recessive Phenotype","No Evidence for Triplosensitivity","https://search.clinicalgenome.org/kb/gene-dosage/HGNC:3420","2018-02-07T15:18:57+00:00"
"ERBB4","HGNC:3432","chr2:212240442-213403526","chr2:211375717-212538802","Little Evidence for Haploinsufficiency","No Evidence for Triplosensitivity","https://search.clinicalgenome.org/kb/gene-dosage/HGNC:3432","2024-10-23T18:04:19+00:00"
"ERCC1","HGNC:3433","chr19:45910592-45954805","chr19:45407334-45451547","Gene Associated with Autosomal Recessive Phenotype","Not yet evaluated","https://search.clinicalgenome.org/kb/gene-dosage/HGNC:3433","2016-08-22T17:48:13+00:00"
"ERCC2","HGNC:3434","chr19:45853095-45873831","chr19:45349837-45370573","Gene Associated with Autosomal Recessive Phenotype","Dosage Sensitivity Unlikely for Triplosensitivity","https://search.clinicalgenome.org/kb/gene-dosage/HGNC:3434","2023-06-13T17:35:52+00:00"
"ERCC3","HGNC:3435","chr2:128014866-128051720","chr2:127257290-127294144","Gene Associated with Autosomal Recessive Phenotype","No Evidence for Triplosensitivity","https://search.clinicalgenome.org/kb/gene-dosage/HGNC:3435","2020-06-30T20:50:33+00:00"
"ERCC4","HGNC:3436","chr16:14014011-14046205","chr16:13920154-13952348","Gene Associated with Autosomal Recessive Phenotype","No Evidence for Triplosensitivity","https://search.clinicalgenome.org/kb/gene-dosage/HGNC:3436","2023-08-09T16:31:31+00:00"
"ERCC5","HGNC:3437","chr13:103498382-103528345","chr13:102846032-102875995","Gene Associated with Autosomal Recessive Phenotype","Dosage Sensitivity Unlikely for Triplosensitivity","https://search.clinicalgenome.org/kb/gene-dosage/HGNC:3437","2016-08-22T17:48:14+00:00"
"ERCC6L2","HGNC:26922","chr9:98637973-98803374","chr9:95875691-96041092","Gene Associated with Autosomal Recessive Phenotype","No Evidence for Triplosensitivity","https://search.clinicalgenome.org/kb/gene-dosage/HGNC:26922","2016-08-22T17:48:15+00:00"
"ERCC8","HGNC:3439","chr5:60162281-60240897","chr5:60866454-60945070","Gene Associated with Autosomal Recessive Phenotype","No Evidence for Triplosensitivity","https://search.clinicalgenome.org/kb/gene-dosage/HGNC:3439","2016-08-22T17:48:16+00:00"
"ERF","HGNC:3444","chr19:42751721-42759280","chr19:42247569-42255128","Sufficient Evidence for Haploinsufficiency","No Evidence for Triplosensitivity","https://search.clinicalgenome.org/kb/gene-dosage/HGNC:3444","2021-06-08T16:56:05+00:00"
"ERMARD","HGNC:21056","chr6:170151718-170181696","chr6:169751306-169781600","Little Evidence for Haploinsufficiency","No Evidence for Triplosensitivity","https://search.clinicalgenome.org/kb/gene-dosage/HGNC:21056","2013-11-13T16:19:09+00:00"
"ESCO2","HGNC:27230","chr8:27632071-27662833","chr8:27771974-27819660","Gene Associated with Autosomal Recessive Phenotype","Not yet evaluated","https://search.clinicalgenome.org/kb/gene-dosage/HGNC:27230","2016-08-22T17:48:16+00:00"
"ESPN","HGNC:13281","chr1:6484836-6521004","chr1:6424776-6461370","Gene Associated with Autosomal Recessive Phenotype","No Evidence for Triplosensitivity","https://search.clinicalgenome.org/kb/gene-dosage/HGNC:13281","2018-02-07T16:00:16+00:00"
"ETFB","HGNC:3482","chr19:51848409-51869642","chr19:51345155-51366388","Gene Associated with Autosomal Recessive Phenotype","No Evidence for Triplosensitivity","https://search.clinicalgenome.org/kb/gene-dosage/HGNC:3482","2016-08-22T17:48:17+00:00"
"ETFDH","HGNC:3483","chr4:159593448-159630775","chr4:158672296-158709623","Gene Associated with Autosomal Recessive Phenotype","Not yet evaluated","https://search.clinicalgenome.org/kb/gene-dosage/HGNC:3483","2016-08-22T17:48:18+00:00"
"ETV6","HGNC:3495","chr12:11802608-12048311","chr12:11649674-11895377","Sufficient Evidence for Haploinsufficiency","No Evidence for Triplosensitivity","https://search.clinicalgenome.org/kb/gene-dosage/HGNC:3495","2023-01-11T17:24:14+00:00"
"EVC2","HGNC:19747","chr4:5564166-5711275","chr4:5529011-5709548","Gene Associated with Autosomal Recessive Phenotype","No Evidence for Triplosensitivity","https://search.clinicalgenome.org/kb/gene-dosage/HGNC:19747","2013-07-18T14:50:31+00:00"
"EVX2","HGNC:3507","chr2:176944835-176948690","chr2:176077472-176083962","No Evidence for Haploinsufficiency","No Evidence for Triplosensitivity","https://search.clinicalgenome.org/kb/gene-dosage/HGNC:3507","2012-04-04T18:50:01+00:00"
"EXO5","HGNC:26115","chr1:40974439-40981710","chr1:40508767-40516038","Dosage Sensitivity Unlikely for Haploinsufficiency","No Evidence for Triplosensitivity","https://search.clinicalgenome.org/kb/gene-dosage/HGNC:26115","2021-02-02T19:04:54+00:00"
"EXOSC3","HGNC:17944","chr9:37779711-37785089","chr9:37779714-37785092","Gene Associated with Autosomal Recessive Phenotype","No Evidence for Triplosensitivity","https://search.clinicalgenome.org/kb/gene-dosage/HGNC:17944","2016-08-22T17:48:19+00:00"
"EXPH5","HGNC:30578","chr11:108376162-108464495","chr11:108505435-108607536","Gene Associated with Autosomal Recessive Phenotype","No Evidence for Triplosensitivity","https://search.clinicalgenome.org/kb/gene-dosage/HGNC:30578","2016-08-22T17:48:19+00:00"
"EXT1","HGNC:3512","chr8:118806729-119124065","chr8:117794490-118111826","Sufficient Evidence for Haploinsufficiency","No Evidence for Triplosensitivity","https://search.clinicalgenome.org/kb/gene-dosage/HGNC:3512","2020-06-17T20:01:06+00:00"
"EXT2","HGNC:3513","chr11:44117228-44273512","chr11:44095678-44251962","Sufficient Evidence for Haploinsufficiency","No Evidence for Triplosensitivity","https://search.clinicalgenome.org/kb/gene-dosage/HGNC:3513","2020-06-23T18:07:07+00:00"
"EYA1","HGNC:3519","chr8:72109668-72460329","chr8:71197433-71548094","Sufficient Evidence for Haploinsufficiency","No Evidence for Triplosensitivity","https://search.clinicalgenome.org/kb/gene-dosage/HGNC:3519","2020-08-26T02:14:45+00:00"
"EYA4","HGNC:3522","chr6:133562495-133853266","chr6:133240593-133532128","Sufficient Evidence for Haploinsufficiency","No Evidence for Triplosensitivity","https://search.clinicalgenome.org/kb/gene-dosage/HGNC:3522","2020-01-22T18:33:25+00:00"
"EYS","HGNC:21555","chr6:64429876-66417119","chr6:63719980-65707226","Gene Associated with Autosomal Recessive Phenotype","Not yet evaluated","https://search.clinicalgenome.org/kb/gene-dosage/HGNC:21555","2016-08-22T17:48:20+00:00"
"F10","HGNC:3528","chr13:113777113-113803843","chr13:113122799-113149529","Gene Associated with Autosomal Recessive Phenotype","Not yet evaluated","https://search.clinicalgenome.org/kb/gene-dosage/HGNC:3528","2016-08-22T17:48:21+00:00"
"F13A1","HGNC:3531","chr6:6144317-6320895","chr6:6144084-6320662","Gene Associated with Autosomal Recessive Phenotype","No Evidence for Triplosensitivity","https://search.clinicalgenome.org/kb/gene-dosage/HGNC:3531","2016-08-22T17:48:22+00:00"
"F13B","HGNC:3534","chr1:197007871-197036390","chr1:197038741-197067260","Gene Associated with Autosomal Recessive Phenotype","No Evidence for Triplosensitivity","https://search.clinicalgenome.org/kb/gene-dosage/HGNC:3534","2016-08-22T17:48:22+00:00"
"F5","HGNC:3542","chr1:169481189-169555719","chr1:169511951-169586481","Gene Associated with Autosomal Recessive Phenotype","No Evidence for Triplosensitivity","https://search.clinicalgenome.org/kb/gene-dosage/HGNC:3542","2018-01-11T20:10:37+00:00"
"F7","HGNC:3544","chr13:113760102-113774999","chr13:113105788-113120685","Gene Associated with Autosomal Recessive Phenotype","Not yet evaluated","https://search.clinicalgenome.org/kb/gene-dosage/HGNC:3544","2016-08-22T17:48:23+00:00"
"F8","HGNC:3546","chrX:154064067-154250998","chrX:154835792-155022723","Sufficient Evidence for Haploinsufficiency","No Evidence for Triplosensitivity","https://search.clinicalgenome.org/kb/gene-dosage/HGNC:3546","2020-10-13T16:58:19+00:00"
"F9","HGNC:3551","chrX:138612898-138645618","chrX:139530739-139563459","Sufficient Evidence for Haploinsufficiency","No Evidence for Triplosensitivity","https://search.clinicalgenome.org/kb/gene-dosage/HGNC:3551","2021-01-12T14:20:15+00:00"
"FA2H","HGNC:21197","chr16:74746867-74808718","chr16:74712969-74774820","Gene Associated with Autosomal Recessive Phenotype","Not yet evaluated","https://search.clinicalgenome.org/kb/gene-dosage/HGNC:21197","2016-08-22T17:48:24+00:00"
"FADD","HGNC:3573","chr11:70049402-70053496","chr11:70203296-70207390","Gene Associated with Autosomal Recessive Phenotype","No Evidence for Triplosensitivity","https://search.clinicalgenome.org/kb/gene-dosage/HGNC:3573","2016-08-22T17:48:25+00:00"
"FAH","HGNC:3579","chr15:80445131-80479291","chr15:80152789-80186949","Gene Associated with Autosomal Recessive Phenotype","No Evidence for Triplosensitivity","https://search.clinicalgenome.org/kb/gene-dosage/HGNC:3579","2020-09-02T14:03:43+00:00"
"FAM161A","HGNC:25808","chr2:62051983-62081195","chr2:61800240-61854060","Gene Associated with Autosomal Recessive Phenotype","No Evidence for Triplosensitivity","https://search.clinicalgenome.org/kb/gene-dosage/HGNC:25808","2016-08-22T17:48:26+00:00"
"FAM20C","HGNC:22140","chr7:192571-300738","chr7:192571-260772","Gene Associated with Autosomal Recessive Phenotype","Not yet evaluated","https://search.clinicalgenome.org/kb/gene-dosage/HGNC:22140","2016-08-22T17:48:27+00:00"
"FAN1","HGNC:29170","chr15:31196055-31235311","chr15:30903852-30943108","Gene Associated with Autosomal Recessive Phenotype","No Evidence for Triplosensitivity","https://search.clinicalgenome.org/kb/gene-dosage/HGNC:29170","2016-08-22T17:48:28+00:00"
"FANCA","HGNC:3582","chr16:89803957-89883055","chr16:89737549-89816647","Gene Associated with Autosomal Recessive Phenotype","No Evidence for Triplosensitivity","https://search.clinicalgenome.org/kb/gene-dosage/HGNC:3582","2023-10-11T16:57:18+00:00"
"FANCB","HGNC:3583","chrX:14861527-14891191","chrX:14689524-14873069","Sufficient Evidence for Haploinsufficiency","No Evidence for Triplosensitivity","https://search.clinicalgenome.org/kb/gene-dosage/HGNC:3583","2021-06-23T16:16:49+00:00"
"FANCC","HGNC:3584","chr9:97861336-98079991","chr9:95099054-95317709","Gene Associated with Autosomal Recessive Phenotype","No Evidence for Triplosensitivity","https://search.clinicalgenome.org/kb/gene-dosage/HGNC:3584","2025-07-01T21:31:26+00:00"
"FANCD2","HGNC:3585","chr3:10068121-10143616","chr3:10026437-10101932","Gene Associated with Autosomal Recessive Phenotype","No Evidence for Triplosensitivity","https://search.clinicalgenome.org/kb/gene-dosage/HGNC:3585","2023-08-09T16:25:21+00:00"
"FANCE","HGNC:3586","chr6:35420115-35434879","chr6:35452338-35467102","Gene Associated with Autosomal Recessive Phenotype","No Evidence for Triplosensitivity","https://search.clinicalgenome.org/kb/gene-dosage/HGNC:3586","2020-06-12T04:05:01+00:00"
"FANCF","HGNC:3587","chr11:22644079-22647369","chr11:22622533-22625823","Gene Associated with Autosomal Recessive Phenotype","No Evidence for Triplosensitivity","https://search.clinicalgenome.org/kb/gene-dosage/HGNC:3587","2025-01-08T17:18:00+00:00"
"FANCG","HGNC:3588","chr9:35073836-35079939","chr9:35073839-35079942","Gene Associated with Autosomal Recessive Phenotype","No Evidence for Triplosensitivity","https://search.clinicalgenome.org/kb/gene-dosage/HGNC:3588","2020-11-15T05:36:37+00:00"
"FANCI","HGNC:25568","chr15:89787210-89860490","chr15:89243979-89317259","Gene Associated with Autosomal Recessive Phenotype","Not yet evaluated","https://search.clinicalgenome.org/kb/gene-dosage/HGNC:25568","2025-12-11T15:21:05+00:00"
"FANCL","HGNC:20748","chr2:58386378-58468515","chr2:58159243-58241380","Gene Associated with Autosomal Recessive Phenotype","No Evidence for Triplosensitivity","https://search.clinicalgenome.org/kb/gene-dosage/HGNC:20748","2023-10-21T06:18:06+00:00"
"FANCM","HGNC:23168","chr14:45605133-45670093","chr14:45135930-45200890","Gene Associated with Autosomal Recessive Phenotype","No Evidence for Triplosensitivity","https://search.clinicalgenome.org/kb/gene-dosage/HGNC:23168","2024-04-09T15:53:53+00:00"
"FARS2","HGNC:21062","chr6:5261240-5771816","chr6:5249934-5771583","Gene Associated with Autosomal Recessive Phenotype","No Evidence for Triplosensitivity","https://search.clinicalgenome.org/kb/gene-dosage/HGNC:21062","2016-08-22T17:48:31+00:00"
"FAS","HGNC:11920","chr10:90750555-90776816","chr10:88964050-89017059","Little Evidence for Haploinsufficiency","No Evidence for Triplosensitivity","https://search.clinicalgenome.org/kb/gene-dosage/HGNC:11920","2022-02-08T17:54:24+00:00"
"FASLG","HGNC:11936","chr1:172628243-172636016","chr1:172659103-172666876","Gene Associated with Autosomal Recessive Phenotype","No Evidence for Triplosensitivity","https://search.clinicalgenome.org/kb/gene-dosage/HGNC:11936","2023-10-11T17:14:18+00:00"
"FBN1","HGNC:3603","chr15:48700510-48937906","chr15:48408313-48645709","Sufficient Evidence for Haploinsufficiency","No Evidence for Triplosensitivity","https://search.clinicalgenome.org/kb/gene-dosage/HGNC:3603","2019-12-04T17:45:52+00:00"
"FBN2","HGNC:3604","chr5:127593601-127873938","chr5:128257909-128538245","No Evidence for Haploinsufficiency","No Evidence for Triplosensitivity","https://search.clinicalgenome.org/kb/gene-dosage/HGNC:3604","2024-02-28T17:29:27+00:00"
"FBP1","HGNC:3606","chr9:97365415-97402545","chr9:94603133-94640263","Gene Associated with Autosomal Recessive Phenotype","No Evidence for Triplosensitivity","https://search.clinicalgenome.org/kb/gene-dosage/HGNC:3606","2016-08-22T17:48:32+00:00"
"FBXO7","HGNC:13586","chr22:32870798-32894816","chr22:32474811-32498829","Gene Associated with Autosomal Recessive Phenotype","Not yet evaluated","https://search.clinicalgenome.org/kb/gene-dosage/HGNC:13586","2016-08-22T17:48:33+00:00"
"FBXW11","HGNC:13607","chr5:171288553-171433642","chr5:171861549-172006638","No Evidence for Haploinsufficiency","Little Evidence for Triplosensitivity","https://search.clinicalgenome.org/kb/gene-dosage/HGNC:13607","2011-12-07T22:47:24+00:00"
"FBXW4","HGNC:10847","chr10:103370423-103455052","chr10:101610666-101695295","No Evidence for Haploinsufficiency","No Evidence for Triplosensitivity","https://search.clinicalgenome.org/kb/gene-dosage/HGNC:10847","2014-10-08T19:49:31+00:00"
"FGD1","HGNC:3663","chrX:54471887-54522667","chrX:54445454-54496234","Sufficient Evidence for Haploinsufficiency","No Evidence for Triplosensitivity","https://search.clinicalgenome.org/kb/gene-dosage/HGNC:3663","2021-05-26T16:38:57+00:00"
"FGD4","HGNC:19125","chr12:32552492-32798984","chr12:32399558-32646050","Gene Associated with Autosomal Recessive Phenotype","No Evidence for Triplosensitivity","https://search.clinicalgenome.org/kb/gene-dosage/HGNC:19125","2016-08-22T17:48:34+00:00"
"FGF10","HGNC:3666","chr5:44300349-44389522","chr5:44300247-44389420","Sufficient Evidence for Haploinsufficiency","No Evidence for Triplosensitivity","https://search.clinicalgenome.org/kb/gene-dosage/HGNC:3666","2022-02-23T17:17:47+00:00"
"FGF12","HGNC:3668","chr3:191857179-192445330","chr3:192139390-192727541","No Evidence for Haploinsufficiency","Little Evidence for Triplosensitivity","https://search.clinicalgenome.org/kb/gene-dosage/HGNC:3668","2021-12-01T17:50:50+00:00"
"FGF3","HGNC:3681","chr11:69624736-69634184","chr11:69809968-69819416","Gene Associated with Autosomal Recessive Phenotype","Not yet evaluated","https://search.clinicalgenome.org/kb/gene-dosage/HGNC:3681","2016-08-22T17:48:34+00:00"
"FGFR1","HGNC:3688","chr8:38268661-38326153","chr8:38411143-38468635","Sufficient Evidence for Haploinsufficiency","No Evidence for Triplosensitivity","https://search.clinicalgenome.org/kb/gene-dosage/HGNC:3688","2021-04-05T15:54:15+00:00"
"FGFR3","HGNC:3690","chr4:1795020-1810594","chr4:1793293-1808867","No Evidence for Haploinsufficiency","No Evidence for Triplosensitivity","https://search.clinicalgenome.org/kb/gene-dosage/HGNC:3690","2011-11-09T15:19:18+00:00"
"FGFRL1","HGNC:3693","chr4:1005414-1020686","chr4:1010212-1026898","No Evidence for Haploinsufficiency","No Evidence for Triplosensitivity","https://search.clinicalgenome.org/kb/gene-dosage/HGNC:3693","2013-08-01T18:59:11+00:00"
"FH","HGNC:3700","chr1:241660903-241683055","chr1:241497603-241519755","Sufficient Evidence for Haploinsufficiency","No Evidence for Triplosensitivity","https://search.clinicalgenome.org/kb/gene-dosage/HGNC:3700","2020-07-06T18:25:52+00:00"
"FHIT","HGNC:3701","chr3:59733003-61237126","chr3:59747277-61251452","No Evidence for Haploinsufficiency","No Evidence for Triplosensitivity","https://search.clinicalgenome.org/kb/gene-dosage/HGNC:3701","2018-10-24T16:43:13+00:00"
"FKBP14","HGNC:18625","chr7:30050203-30066318","chr7:30005923-30026702","Gene Associated with Autosomal Recessive Phenotype","No Evidence for Triplosensitivity","https://search.clinicalgenome.org/kb/gene-dosage/HGNC:18625","2016-08-22T17:48:35+00:00"
"FLCN","HGNC:27310","chr17:17115526-17140482","chr17:17212212-17237330","Sufficient Evidence for Haploinsufficiency","No Evidence for Triplosensitivity","https://search.clinicalgenome.org/kb/gene-dosage/HGNC:27310","2023-01-11T17:56:03+00:00"
"FLG","HGNC:3748","chr1:152274641-152297715","chr1:152302165-152325239","Sufficient Evidence for Haploinsufficiency","No Evidence for Triplosensitivity","https://search.clinicalgenome.org/kb/gene-dosage/HGNC:3748","2020-02-26T17:04:53+00:00"
"FLNA","HGNC:3754","chrX:153576899-153603002","chrX:154348531-154374634","Sufficient Evidence for Haploinsufficiency","No Evidence for Triplosensitivity","https://search.clinicalgenome.org/kb/gene-dosage/HGNC:3754","2020-12-02T18:49:17+00:00"
"FLNB","HGNC:3755","chr3:57994149-58157978","chr3:58008422-58172251","No Evidence for Haploinsufficiency","No Evidence for Triplosensitivity","https://search.clinicalgenome.org/kb/gene-dosage/HGNC:3755","2013-07-25T14:07:02+00:00"
"FLNC","HGNC:3756","chr7:128470460-128499326","chr7:128830406-128859272","Sufficient Evidence for Haploinsufficiency","No Evidence for Triplosensitivity","https://search.clinicalgenome.org/kb/gene-dosage/HGNC:3756","2021-07-13T16:13:01+00:00"
"FLVCR2","HGNC:20105","chr14:76044963-76114510","chr14:75578620-75648167","Gene Associated with Autosomal Recessive Phenotype","No Evidence for Triplosensitivity","https://search.clinicalgenome.org/kb/gene-dosage/HGNC:20105","2016-08-22T17:48:36+00:00"
"FMO2","HGNC:3770","chr1:171154347-171181825","chr1:171185208-171212686","Dosage Sensitivity Unlikely for Haploinsufficiency","No Evidence for Triplosensitivity","https://search.clinicalgenome.org/kb/gene-dosage/HGNC:3770","2021-02-02T19:22:10+00:00"
"FMR1","HGNC:3775","chrX:146993437-147032645","chrX:147911919-147951125","Sufficient Evidence for Haploinsufficiency","No Evidence for Triplosensitivity","https://search.clinicalgenome.org/kb/gene-dosage/HGNC:3775","2020-12-16T18:12:29+00:00"
"FOLR1","HGNC:3791","chr11:71900753-71907367","chr11:72189709-72196323","Gene Associated with Autosomal Recessive Phenotype","No Evidence for Triplosensitivity","https://search.clinicalgenome.org/kb/gene-dosage/HGNC:3791","2019-06-25T20:42:35+00:00"
"FOSL2","HGNC:3798","chr2:28615725-28640184","chr2:28392858-28417317","No Evidence for Haploinsufficiency","No Evidence for Triplosensitivity","https://search.clinicalgenome.org/kb/gene-dosage/HGNC:3798","2024-12-10T17:14:50+00:00"
"FOXC1","HGNC:3800","chr6:1610150-1614132","chr6:1609915-1613897","Sufficient Evidence for Haploinsufficiency","No Evidence for Triplosensitivity","https://search.clinicalgenome.org/kb/gene-dosage/HGNC:3800","2020-07-29T20:29:12+00:00"
"FOXC2","HGNC:3801","chr16:86600435-86603334","chr16:86566829-86569728","Sufficient Evidence for Haploinsufficiency","No Evidence for Triplosensitivity","https://search.clinicalgenome.org/kb/gene-dosage/HGNC:3801","2013-11-26T21:16:14+00:00"
"FOXE1","HGNC:3806","chr9:100615508-100618999","chr9:97853226-97856717","Gene Associated with Autosomal Recessive Phenotype","Not yet evaluated","https://search.clinicalgenome.org/kb/gene-dosage/HGNC:3806","2016-08-22T17:48:37+00:00"
"FOXE3","HGNC:3808","chr1:47881957-47883724","chr1:47416285-47418052","No Evidence for Haploinsufficiency","No Evidence for Triplosensitivity","https://search.clinicalgenome.org/kb/gene-dosage/HGNC:3808","2017-12-13T22:12:23+00:00"
"FOXF1","HGNC:3809","chr16:86544133-86549028","chr16:86510527-86515422","Sufficient Evidence for Haploinsufficiency","No Evidence for Triplosensitivity","https://search.clinicalgenome.org/kb/gene-dosage/HGNC:3809","2013-06-20T19:23:29+00:00"
"FOXG1","HGNC:3811","chr14:29235993-29239483","chr14:28766787-28770277","Sufficient Evidence for Haploinsufficiency","No Evidence for Triplosensitivity","https://search.clinicalgenome.org/kb/gene-dosage/HGNC:3811","2021-03-09T17:23:10+00:00"
"FOXI3","HGNC:35123","chr2:88746306-88752211","chr2:88446787-88452693","No Evidence for Haploinsufficiency","No Evidence for Triplosensitivity","https://search.clinicalgenome.org/kb/gene-dosage/HGNC:35123","2026-03-25T16:52:45+00:00"
"FOXL2","HGNC:1092","chr3:138663066-138665979","chr3:138944224-138947137","Sufficient Evidence for Haploinsufficiency","No Evidence for Triplosensitivity","https://search.clinicalgenome.org/kb/gene-dosage/HGNC:1092","2021-02-09T17:16:18+00:00"
"FOXP1","HGNC:3823","chr3:71003859-71633129","chr3:70954708-71583978","Sufficient Evidence for Haploinsufficiency","No Evidence for Triplosensitivity","https://search.clinicalgenome.org/kb/gene-dosage/HGNC:3823","2020-01-22T17:12:56+00:00"
"FOXP2","HGNC:13875","chr7:113726382-114333820","chr7:114086327-114693765","Sufficient Evidence for Haploinsufficiency","No Evidence for Triplosensitivity","https://search.clinicalgenome.org/kb/gene-dosage/HGNC:13875","2025-04-08T16:20:38+00:00"
"FOXRED1","HGNC:26927","chr11:126139049-126148021","chr11:126269154-126278126","Gene Associated with Autosomal Recessive Phenotype","No Evidence for Triplosensitivity","https://search.clinicalgenome.org/kb/gene-dosage/HGNC:26927","2016-08-22T17:48:37+00:00"
"FREM1","HGNC:23399","chr9:14737150-14910993","chr9:14737152-14910995","No Evidence for Haploinsufficiency","No Evidence for Triplosensitivity","https://search.clinicalgenome.org/kb/gene-dosage/HGNC:23399","2013-06-06T13:48:05+00:00"
"FRMD7","HGNC:8079","chrX:131211018-131262048","chrX:132076990-132128020","Sufficient Evidence for Haploinsufficiency","No Evidence for Triplosensitivity","https://search.clinicalgenome.org/kb/gene-dosage/HGNC:8079","2020-04-09T18:15:52+00:00"
"FSHB","HGNC:3964","chr11:30252561-30256741","chr11:30231014-30235194","Gene Associated with Autosomal Recessive Phenotype","Not yet evaluated","https://search.clinicalgenome.org/kb/gene-dosage/HGNC:3964","2016-08-22T17:48:38+00:00"
"FTCD","HGNC:3974","chr21:47556176-47575493","chr21:46136262-46155579","Gene Associated with Autosomal Recessive Phenotype","No Evidence for Triplosensitivity","https://search.clinicalgenome.org/kb/gene-dosage/HGNC:3974","2016-08-22T17:48:39+00:00"
"FTL","HGNC:3999","chr19:49468566-49470136","chr19:48965309-48966879","No Evidence for Haploinsufficiency","No Evidence for Triplosensitivity","https://search.clinicalgenome.org/kb/gene-dosage/HGNC:3999","2013-08-22T19:57:24+00:00"
"FTSJ1","HGNC:13254","chrX:48334409-48344752","chrX:48476021-48486364","Emerging Evidence for Haploinsufficiency","No Evidence for Triplosensitivity","https://search.clinicalgenome.org/kb/gene-dosage/HGNC:13254","2023-03-22T16:48:49+00:00"
"FXN","HGNC:3951","chr9:71650668-71693992","chr9:69035752-69079076","Gene Associated with Autosomal Recessive Phenotype","No Evidence for Triplosensitivity","https://search.clinicalgenome.org/kb/gene-dosage/HGNC:3951","2016-08-22T17:48:40+00:00"
"FYCO1","HGNC:14673","chr3:45959395-46037316","chr3:45917903-45995824","Gene Associated with Autosomal Recessive Phenotype","No Evidence for Triplosensitivity","https://search.clinicalgenome.org/kb/gene-dosage/HGNC:14673","2015-05-20T14:17:07+00:00"
"FZD4","HGNC:4042","chr11:86656721-86666437","chr11:86945679-86955395","Sufficient Evidence for Haploinsufficiency","No Evidence for Triplosensitivity","https://search.clinicalgenome.org/kb/gene-dosage/HGNC:4042","2023-01-25T17:27:03+00:00"
"G6PC3","HGNC:24861","chr17:42148041-42153712","chr17:44070673-44076344","Gene Associated with Autosomal Recessive Phenotype","No Evidence for Triplosensitivity","https://search.clinicalgenome.org/kb/gene-dosage/HGNC:24861","2020-04-30T20:57:13+00:00"
"GAA","HGNC:4065","chr17:78075380-78093680","chr17:80101581-80119881","Gene Associated with Autosomal Recessive Phenotype","Not yet evaluated","https://search.clinicalgenome.org/kb/gene-dosage/HGNC:4065","2016-08-22T17:48:40+00:00"
"GAB4","HGNC:18325","chr22:17442826-17489112","chr22:16961936-17008222","Dosage Sensitivity Unlikely for Haploinsufficiency","No Evidence for Triplosensitivity","https://search.clinicalgenome.org/kb/gene-dosage/HGNC:18325","2021-02-02T19:31:07+00:00"
"GABRA1","HGNC:4075","chr5:161274197-161326977","chr5:161847191-161899971","Little Evidence for Haploinsufficiency","No Evidence for Triplosensitivity","https://search.clinicalgenome.org/kb/gene-dosage/HGNC:4075","2021-11-09T17:57:49+00:00"
"GABRB3","HGNC:4083","chr15:26788699-27018910","chr15:26543552-26773763","No Evidence for Haploinsufficiency","No Evidence for Triplosensitivity","https://search.clinicalgenome.org/kb/gene-dosage/HGNC:4083","2012-04-25T19:42:34+00:00"
"GABRG2","HGNC:4087","chr5:161494471-161582545","chr5:162067465-162155539","Little Evidence for Haploinsufficiency","No Evidence for Triplosensitivity","https://search.clinicalgenome.org/kb/gene-dosage/HGNC:4087","2026-05-12T16:57:05+00:00"
"GALC","HGNC:4115","chr14:88399358-88460009","chr14:87933014-87993667","Gene Associated with Autosomal Recessive Phenotype","Not yet evaluated","https://search.clinicalgenome.org/kb/gene-dosage/HGNC:4115","2016-08-22T17:48:41+00:00"
"GALK1","HGNC:4118","chr17:73747550-73761273","chr17:75751469-75765192","Gene Associated with Autosomal Recessive Phenotype","No Evidence for Triplosensitivity","https://search.clinicalgenome.org/kb/gene-dosage/HGNC:4118","2016-08-22T17:48:42+00:00"
"GALNS","HGNC:4122","chr16:88880142-88923355","chr16:88813734-88856947","Gene Associated with Autosomal Recessive Phenotype","No Evidence for Triplosensitivity","https://search.clinicalgenome.org/kb/gene-dosage/HGNC:4122","2016-08-22T17:48:43+00:00"
"GALNT12","HGNC:19877","chr9:101569952-101612363","chr9:98807670-98850081","Little Evidence for Haploinsufficiency","No Evidence for Triplosensitivity","https://search.clinicalgenome.org/kb/gene-dosage/HGNC:19877","2019-09-09T21:10:04+00:00"
"GALNT3","HGNC:4125","chr2:166604098-166650757","chr2:165747588-165794692","Gene Associated with Autosomal Recessive Phenotype","No Evidence for Triplosensitivity","https://search.clinicalgenome.org/kb/gene-dosage/HGNC:4125","2016-08-22T17:48:43+00:00"
"GALR1","HGNC:4132","chr18:74961804-74989856","chr18:77249848-77277900","No Evidence for Haploinsufficiency","No Evidence for Triplosensitivity","https://search.clinicalgenome.org/kb/gene-dosage/HGNC:4132","2012-07-06T20:57:44+00:00"
"GALT","HGNC:4135","chr9:34646672-34651032","chr9:34646675-34651035","Gene Associated with Autosomal Recessive Phenotype","Not yet evaluated","https://search.clinicalgenome.org/kb/gene-dosage/HGNC:4135","2016-08-22T17:48:44+00:00"
"GAMT","HGNC:4136","chr19:1397025-1401541","chr19:1397026-1401542","Gene Associated with Autosomal Recessive Phenotype","No Evidence for Triplosensitivity","https://search.clinicalgenome.org/kb/gene-dosage/HGNC:4136","2016-08-22T17:48:45+00:00"
"GAN","HGNC:4137","chr16:81348567-81424414","chr16:81314962-81390809","Gene Associated with Autosomal Recessive Phenotype","Not yet evaluated","https://search.clinicalgenome.org/kb/gene-dosage/HGNC:4137","2016-08-22T17:48:46+00:00"
"GANAB","HGNC:4138","chr11:62392301-62414085","chr11:62624829-62646613","Sufficient Evidence for Haploinsufficiency","No Evidence for Triplosensitivity","https://search.clinicalgenome.org/kb/gene-dosage/HGNC:4138","2026-04-14T16:08:11+00:00"
"GATA1","HGNC:4170","chrX:48644998-48652718","chrX:48786590-48794311","No Evidence for Haploinsufficiency","No Evidence for Triplosensitivity","https://search.clinicalgenome.org/kb/gene-dosage/HGNC:4170","2020-10-14T20:44:27+00:00"
"GATA2","HGNC:4171","chr3:128198265-128212044","chr3:128479422-128493201","Sufficient Evidence for Haploinsufficiency","No Evidence for Triplosensitivity","https://search.clinicalgenome.org/kb/gene-dosage/HGNC:4171","2023-04-12T16:24:45+00:00"
"GATA3","HGNC:4172","chr10:8096651-8117161","chr10:8045333-8075198","Sufficient Evidence for Haploinsufficiency","No Evidence for Triplosensitivity","https://search.clinicalgenome.org/kb/gene-dosage/HGNC:4172","2020-06-24T16:24:50+00:00"
"GATA4","HGNC:4173","chr8:11534444-11617511","chr8:11676935-11760002","Sufficient Evidence for Haploinsufficiency","No Evidence for Triplosensitivity","https://search.clinicalgenome.org/kb/gene-dosage/HGNC:4173","2017-02-08T14:01:28+00:00"
"GATA6","HGNC:4174","chr18:19749550-19782491","chr18:22169589-22202528","Sufficient Evidence for Haploinsufficiency","No Evidence for Triplosensitivity","https://search.clinicalgenome.org/kb/gene-dosage/HGNC:4174","2013-06-20T19:30:56+00:00"
"GATAD1","HGNC:29941","chr7:92076796-92089389","chr7:92447482-92495769","Gene Associated with Autosomal Recessive Phenotype","Not yet evaluated","https://search.clinicalgenome.org/kb/gene-dosage/HGNC:29941","2016-08-22T17:48:47+00:00"
"GATAD2B","HGNC:30778","chr1:153777201-153895448","chr1:153804725-153922972","Sufficient Evidence for Haploinsufficiency","No Evidence for Triplosensitivity","https://search.clinicalgenome.org/kb/gene-dosage/HGNC:30778","2017-12-27T17:21:55+00:00"
"GBA1","HGNC:4177","chr1:155204243-155214418","chr1:155234452-155244627","Gene Associated with Autosomal Recessive Phenotype","No Evidence for Triplosensitivity","https://search.clinicalgenome.org/kb/gene-dosage/HGNC:4177","2016-08-22T17:48:48+00:00"
"GBA2","HGNC:18986","chr9:35736863-35749225","chr9:35736866-35749228","Gene Associated with Autosomal Recessive Phenotype","Not yet evaluated","https://search.clinicalgenome.org/kb/gene-dosage/HGNC:18986","2016-08-22T17:48:49+00:00"
"GBE1","HGNC:4180","chr3:81538854-81810796","chr3:81489703-81761645","Gene Associated with Autosomal Recessive Phenotype","No Evidence for Triplosensitivity","https://search.clinicalgenome.org/kb/gene-dosage/HGNC:4180","2016-08-22T17:48:50+00:00"
"GCDH","HGNC:4189","chr19:13001943-13010813","chr19:12891129-12899999","Gene Associated with Autosomal Recessive Phenotype","Not yet evaluated","https://search.clinicalgenome.org/kb/gene-dosage/HGNC:4189","2016-08-22T17:48:51+00:00"
"GCH1","HGNC:4193","chr14:55308735-55369544","chr14:54842017-54902826","Sufficient Evidence for Haploinsufficiency","No Evidence for Triplosensitivity","https://search.clinicalgenome.org/kb/gene-dosage/HGNC:4193","2023-02-14T17:28:25+00:00"
"GCK","HGNC:4195","chr7:44182812-44229038","chr7:44143213-44189439","Sufficient Evidence for Haploinsufficiency","No Evidence for Triplosensitivity","https://search.clinicalgenome.org/kb/gene-dosage/HGNC:4195","2025-10-22T16:15:29+00:00"
"GCSH","HGNC:4208","chr16:81115550-81130000","chr16:81081945-81096395","Gene Associated with Autosomal Recessive Phenotype","Not yet evaluated","https://search.clinicalgenome.org/kb/gene-dosage/HGNC:4208","2016-08-22T17:48:52+00:00"
"GDF2","HGNC:4217","chr10:48411774-48416908","chr10:47322454-47327588","No Evidence for Haploinsufficiency","No Evidence for Triplosensitivity","https://search.clinicalgenome.org/kb/gene-dosage/HGNC:4217","2016-10-13T18:40:34+00:00"
"GDF5","HGNC:4220","chr20:34021145-34042571","chr20:35433347-35454749","Sufficient Evidence for Haploinsufficiency","No Evidence for Triplosensitivity","https://search.clinicalgenome.org/kb/gene-dosage/HGNC:4220","2021-02-24T17:07:23+00:00"
"GDI1","HGNC:4226","chrX:153665500-153671814","chrX:154437154-154443467","Little Evidence for Haploinsufficiency","No Evidence for Triplosensitivity","https://search.clinicalgenome.org/kb/gene-dosage/HGNC:4226","2022-06-22T16:54:52+00:00"
"GEN1","HGNC:26881","chr2:17935136-17970213","chr2:17753278-17788946","Dosage Sensitivity Unlikely for Haploinsufficiency","No Evidence for Triplosensitivity","https://search.clinicalgenome.org/kb/gene-dosage/HGNC:26881","2021-02-02T19:39:52+00:00"
"GFER","HGNC:4236","chr16:2034194-2037750","chr16:1984193-1987749","Gene Associated with Autosomal Recessive Phenotype","No Evidence for Triplosensitivity","https://search.clinicalgenome.org/kb/gene-dosage/HGNC:4236","2016-08-22T17:48:53+00:00"
"GFI1","HGNC:4237","chr1:92938600-92952482","chr1:92473043-92486925","No Evidence for Haploinsufficiency","No Evidence for Triplosensitivity","https://search.clinicalgenome.org/kb/gene-dosage/HGNC:4237","2024-07-22T19:31:29+00:00"
"GFI1B","HGNC:4238","chr9:135820918-135867074","chr9:132945531-132993434","No Evidence for Haploinsufficiency","No Evidence for Triplosensitivity","https://search.clinicalgenome.org/kb/gene-dosage/HGNC:4238","2025-08-27T16:10:27+00:00"
"GFM1","HGNC:13780","chr3:158362316-158413370","chr3:158644527-158695581","Gene Associated with Autosomal Recessive Phenotype","No Evidence for Triplosensitivity","https://search.clinicalgenome.org/kb/gene-dosage/HGNC:13780","2016-08-22T17:48:53+00:00"
"GIGYF2","HGNC:11960","chr2:233562041-233725315","chr2:232697331-232860605","Little Evidence for Haploinsufficiency","No Evidence for Triplosensitivity","https://search.clinicalgenome.org/kb/gene-dosage/HGNC:11960","2022-08-24T16:24:30+00:00"
"GIPC3","HGNC:18183","chr19:3585476-3593539","chr19:3585478-3593541","Gene Associated with Autosomal Recessive Phenotype","No Evidence for Triplosensitivity","https://search.clinicalgenome.org/kb/gene-dosage/HGNC:18183","2016-08-22T17:48:54+00:00"
"GJA1","HGNC:4274","chr6:121756792-121770873","chr6:121435646-121449727","No Evidence for Haploinsufficiency","No Evidence for Triplosensitivity","https://search.clinicalgenome.org/kb/gene-dosage/HGNC:4274","2013-11-20T15:13:43+00:00"
"GJA5","HGNC:4279","chr1:147228332-147245455","chr1:147756199-147773351","Little Evidence for Haploinsufficiency","No Evidence for Triplosensitivity","https://search.clinicalgenome.org/kb/gene-dosage/HGNC:4279","2012-02-23T20:46:33+00:00"
"GJA8","HGNC:4281","chr1:147374921-147381396","chr1:147902795-147914486","No Evidence for Haploinsufficiency","No Evidence for Triplosensitivity","https://search.clinicalgenome.org/kb/gene-dosage/HGNC:4281","2025-04-08T16:27:49+00:00"
"GJB2","HGNC:4284","chr13:20761609-20767077","chr13:20187470-20192938","Gene Associated with Autosomal Recessive Phenotype","No Evidence for Triplosensitivity","https://search.clinicalgenome.org/kb/gene-dosage/HGNC:4284","2026-03-27T15:52:31+00:00"
"GJB6","HGNC:4288","chr13:20796101-20806458","chr13:20221962-20232319","No Evidence for Haploinsufficiency","No Evidence for Triplosensitivity","https://search.clinicalgenome.org/kb/gene-dosage/HGNC:4288","2014-01-30T20:18:54+00:00"
"GK","HGNC:4289","chrX:30671540-30749579","chrX:30653423-30731462","Sufficient Evidence for Haploinsufficiency","No Evidence for Triplosensitivity","https://search.clinicalgenome.org/kb/gene-dosage/HGNC:4289","2012-09-06T19:10:37+00:00"
"GLA","HGNC:4296","chrX:100652791-100662913","chrX:101397803-101407925","Sufficient Evidence for Haploinsufficiency","No Evidence for Triplosensitivity","https://search.clinicalgenome.org/kb/gene-dosage/HGNC:4296","2021-03-24T16:20:47+00:00"
"GLB1","HGNC:4298","chr3:33038109-33138638","chr3:32961108-33097146","Gene Associated with Autosomal Recessive Phenotype","No Evidence for Triplosensitivity","https://search.clinicalgenome.org/kb/gene-dosage/HGNC:4298","2015-03-25T14:30:45+00:00"
"GLDC","HGNC:4313","chr9:6532467-6645729","chr9:6532467-6645729","Gene Associated with Autosomal Recessive Phenotype","No Evidence for Triplosensitivity","https://search.clinicalgenome.org/kb/gene-dosage/HGNC:4313","2016-06-10T12:20:07+00:00"
"GLI2","HGNC:4318","chr2:121493444-121750229","chr2:120735868-120992653","Sufficient Evidence for Haploinsufficiency","No Evidence for Triplosensitivity","https://search.clinicalgenome.org/kb/gene-dosage/HGNC:4318","2021-01-11T20:21:14+00:00"
"GLI3","HGNC:4319","chr7:42000547-42276808","chr7:41960949-42264268","Sufficient Evidence for Haploinsufficiency","No Evidence for Triplosensitivity","https://search.clinicalgenome.org/kb/gene-dosage/HGNC:4319","2021-01-12T15:39:50+00:00"
"GLIS3","HGNC:28510","chr9:3824127-4300068","chr9:3824127-4490465","Gene Associated with Autosomal Recessive Phenotype","No Evidence for Triplosensitivity","https://search.clinicalgenome.org/kb/gene-dosage/HGNC:28510","2016-08-22T17:48:55+00:00"
"GLMN","HGNC:14373","chr1:92711959-92764544","chr1:92246402-92370844","Sufficient Evidence for Haploinsufficiency","No Evidence for Triplosensitivity","https://search.clinicalgenome.org/kb/gene-dosage/HGNC:14373","2013-07-18T19:14:28+00:00"
"GLRB","HGNC:4329","chr4:157997302-158093242","chr4:157076150-157172090","Gene Associated with Autosomal Recessive Phenotype","No Evidence for Triplosensitivity","https://search.clinicalgenome.org/kb/gene-dosage/HGNC:4329","2016-08-22T17:48:55+00:00"
"GLUL","HGNC:4341","chr1:182347233-182360925","chr1:182378098-182391790","Gene Associated with Autosomal Recessive Phenotype","No Evidence for Triplosensitivity","https://search.clinicalgenome.org/kb/gene-dosage/HGNC:4341","2015-06-04T18:40:28+00:00"
"GMPPA","HGNC:22923","chr2:220363613-220371711","chr2:219498891-219506989","Gene Associated with Autosomal Recessive Phenotype","No Evidence for Triplosensitivity","https://search.clinicalgenome.org/kb/gene-dosage/HGNC:22923","2016-08-22T17:48:56+00:00"
"GNAI1","HGNC:4384","chr7:79764147-79855497","chr7:80134831-80226181","No Evidence for Haploinsufficiency","No Evidence for Triplosensitivity","https://search.clinicalgenome.org/kb/gene-dosage/HGNC:4384","2023-03-28T16:26:34+00:00"
"GNAI3","HGNC:4387","chr1:110091237-110142817","chr1:109548615-109600195","No Evidence for Haploinsufficiency","No Evidence for Triplosensitivity","https://search.clinicalgenome.org/kb/gene-dosage/HGNC:4387","2013-07-18T14:49:30+00:00"
"GNAO1","HGNC:4389","chr16:56225401-56391356","chr16:56191489-56357444","Little Evidence for Haploinsufficiency","No Evidence for Triplosensitivity","https://search.clinicalgenome.org/kb/gene-dosage/HGNC:4389","2022-05-10T16:11:37+00:00"
"GNAS","HGNC:4392","chr20:57414803-57486247","chr20:58839748-58911192","Sufficient Evidence for Haploinsufficiency","No Evidence for Triplosensitivity","https://search.clinicalgenome.org/kb/gene-dosage/HGNC:4392","2021-01-12T21:24:36+00:00"
"GNB1","HGNC:4396","chr1:1716725-1822526","chr1:1785286-1891087","Little Evidence for Haploinsufficiency","No Evidence for Triplosensitivity","https://search.clinicalgenome.org/kb/gene-dosage/HGNC:4396","2019-01-23T17:14:57+00:00"
"GNB4","HGNC:20731","chr3:179113876-179169258","chr3:179396088-179527798","No Evidence for Haploinsufficiency","No Evidence for Triplosensitivity","https://search.clinicalgenome.org/kb/gene-dosage/HGNC:20731","2026-01-13T17:37:54+00:00"
"GNPAT","HGNC:4416","chr1:231376958-231413719","chr1:231241212-231277973","Gene Associated with Autosomal Recessive Phenotype","Not yet evaluated","https://search.clinicalgenome.org/kb/gene-dosage/HGNC:4416","2016-08-22T17:48:57+00:00"
"GNRH1","HGNC:4419","chr8:25276774-25282556","chr8:25419258-25425040","Gene Associated with Autosomal Recessive Phenotype","No Evidence for Triplosensitivity","https://search.clinicalgenome.org/kb/gene-dosage/HGNC:4419","2016-08-22T17:48:58+00:00"
"GNS","HGNC:4422","chr12:65107229-65153186","chr12:64713449-64759406","Gene Associated with Autosomal Recessive Phenotype","Not yet evaluated","https://search.clinicalgenome.org/kb/gene-dosage/HGNC:4422","2016-08-22T17:48:58+00:00"
"GOLGA2P2Y","HGNC:16479","chrY:26356114-26360978","","No Evidence for Haploinsufficiency","No Evidence for Triplosensitivity","https://search.clinicalgenome.org/kb/gene-dosage/HGNC:16479","2012-08-22T13:59:04+00:00"
"GORAB","HGNC:25676","chr1:170501307-170522975","chr1:170532166-170553834","Gene Associated with Autosomal Recessive Phenotype","No Evidence for Triplosensitivity","https://search.clinicalgenome.org/kb/gene-dosage/HGNC:25676","2016-08-22T17:48:59+00:00"
"GP1BB","HGNC:4440","chr22:19711062-19712294","chr22:19723539-19724771","Gene Associated with Autosomal Recessive Phenotype","Not yet evaluated","https://search.clinicalgenome.org/kb/gene-dosage/HGNC:4440","2016-08-22T17:49:00+00:00"
"GP6","HGNC:14388","chr19:55525073-55549632","chr19:55013705-55038264","Gene Associated with Autosomal Recessive Phenotype","No Evidence for Triplosensitivity","https://search.clinicalgenome.org/kb/gene-dosage/HGNC:14388","2016-08-22T17:49:01+00:00"
"GPC3","HGNC:4451","chrX:132669773-133119621","chrX:133535745-133985594","Sufficient Evidence for Haploinsufficiency","No Evidence for Triplosensitivity","https://search.clinicalgenome.org/kb/gene-dosage/HGNC:4451","2021-01-27T17:38:05+00:00"
"GPC5","HGNC:4453","chr13:92050875-93519490","chr13:91398621-92867237","No Evidence for Haploinsufficiency","No Evidence for Triplosensitivity","https://search.clinicalgenome.org/kb/gene-dosage/HGNC:4453","2012-03-09T02:47:21+00:00"
"GPC6","HGNC:4454","chr13:93879060-95060274","chr13:93216529-94408020","Gene Associated with Autosomal Recessive Phenotype","No Evidence for Triplosensitivity","https://search.clinicalgenome.org/kb/gene-dosage/HGNC:4454","2011-11-17T19:30:41+00:00"
"GPD1","HGNC:4455","chr12:50497791-50505096","chr12:50104008-50111313","Gene Associated with Autosomal Recessive Phenotype","No Evidence for Triplosensitivity","https://search.clinicalgenome.org/kb/gene-dosage/HGNC:4455","2016-08-22T17:49:02+00:00"
"GPHN","HGNC:15465","chr14:66974865-67648520","chr14:66508147-67735355","Little Evidence for Haploinsufficiency","No Evidence for Triplosensitivity","https://search.clinicalgenome.org/kb/gene-dosage/HGNC:15465","2024-06-11T19:56:21+00:00"
"GPIHBP1","HGNC:24945","chr8:144295093-144299044","chr8:143213218-143217170","Gene Associated with Autosomal Recessive Phenotype","Not yet evaluated","https://search.clinicalgenome.org/kb/gene-dosage/HGNC:24945","2016-08-22T17:49:03+00:00"
"GPR148","HGNC:23623","chr2:131486643-131487909","chr2:130729070-130730336","No Evidence for Haploinsufficiency","No Evidence for Triplosensitivity","https://search.clinicalgenome.org/kb/gene-dosage/HGNC:23623","2018-04-05T18:23:16+00:00"
"GPR179","HGNC:31371","chr17:36480454-36499839","chr17:38324571-38343956","Gene Associated with Autosomal Recessive Phenotype","No Evidence for Triplosensitivity","https://search.clinicalgenome.org/kb/gene-dosage/HGNC:31371","2016-08-22T17:49:04+00:00"
"GPSM2","HGNC:29501","chr1:109419607-109477167","chr1:108876985-108934545","Gene Associated with Autosomal Recessive Phenotype","No Evidence for Triplosensitivity","https://search.clinicalgenome.org/kb/gene-dosage/HGNC:29501","2016-08-22T17:49:05+00:00"
"GPX4","HGNC:4556","chr19:1103993-1106778","chr19:1103994-1106779","Gene Associated with Autosomal Recessive Phenotype","No Evidence for Triplosensitivity","https://search.clinicalgenome.org/kb/gene-dosage/HGNC:4556","2016-08-22T17:49:05+00:00"
"GRB10","HGNC:4564","chr7:50657765-50861150","chr7:50590068-50793453","No Evidence for Haploinsufficiency","No Evidence for Triplosensitivity","https://search.clinicalgenome.org/kb/gene-dosage/HGNC:4564","2012-03-23T19:17:41+00:00"
"GREM1","HGNC:2001","chr15:33010205-33037307","chr15:32718004-32745106","No Evidence for Haploinsufficiency","No Evidence for Triplosensitivity","https://search.clinicalgenome.org/kb/gene-dosage/HGNC:2001","2020-08-20T16:46:10+00:00"
"GRHPR","HGNC:4570","chr9:37422693-37436987","chr9:37422435-37439494","Gene Associated with Autosomal Recessive Phenotype","No Evidence for Triplosensitivity","https://search.clinicalgenome.org/kb/gene-dosage/HGNC:4570","2016-08-22T17:49:07+00:00"
"GRIA3","HGNC:4573","chrX:122318131-122624766","chrX:123184278-123490915","Little Evidence for Haploinsufficiency","No Evidence for Triplosensitivity","https://search.clinicalgenome.org/kb/gene-dosage/HGNC:4573","2024-03-29T02:57:19+00:00"
"GRID1","HGNC:4575","chr10:87359309-88126552","chr10:85599552-86366795","No Evidence for Haploinsufficiency","No Evidence for Triplosensitivity","https://search.clinicalgenome.org/kb/gene-dosage/HGNC:4575","2011-12-21T15:48:39+00:00"
"GRIK2","HGNC:4580","chr6:101841584-102517958","chr6:101393708-102070083","Gene Associated with Autosomal Recessive Phenotype","No Evidence for Triplosensitivity","https://search.clinicalgenome.org/kb/gene-dosage/HGNC:4580","2012-09-05T14:36:18+00:00"
"GRIN2A","HGNC:4585","chr16:9847261-10276765","chr16:9753404-10182908","Sufficient Evidence for Haploinsufficiency","No Evidence for Triplosensitivity","https://search.clinicalgenome.org/kb/gene-dosage/HGNC:4585","2024-09-25T17:00:39+00:00"
"GRIN2B","HGNC:4586","chr12:13690271-14134536","chr12:13537337-13982134","Sufficient Evidence for Haploinsufficiency","No Evidence for Triplosensitivity","https://search.clinicalgenome.org/kb/gene-dosage/HGNC:4586","2019-09-25T16:53:37+00:00"
"GRIN3B","HGNC:16768","chr19:1000418-1009731","chr19:1000419-1009732","Dosage Sensitivity Unlikely for Haploinsufficiency","No Evidence for Triplosensitivity","https://search.clinicalgenome.org/kb/gene-dosage/HGNC:16768","2021-02-02T19:48:55+00:00"
"GRIP1","HGNC:18708","chr12:66741211-67463118","chr12:66347431-67069338","Gene Associated with Autosomal Recessive Phenotype","No Evidence for Triplosensitivity","https://search.clinicalgenome.org/kb/gene-dosage/HGNC:18708","2012-07-10T23:23:32+00:00"
"GRM1","HGNC:4593","chr6:146348843-146758737","chr6:146027707-146437601","Gene Associated with Autosomal Recessive Phenotype","Not yet evaluated","https://search.clinicalgenome.org/kb/gene-dosage/HGNC:4593","2016-08-22T17:49:07+00:00"
"GRM6","HGNC:4598","chr5:178405328-178422321","chr5:178978327-178995320","Gene Associated with Autosomal Recessive Phenotype","No Evidence for Triplosensitivity","https://search.clinicalgenome.org/kb/gene-dosage/HGNC:4598","2016-08-22T17:49:08+00:00"
"GRXCR1","HGNC:31673","chr4:42894730-43032675","chr4:42892713-43030658","Gene Associated with Autosomal Recessive Phenotype","No Evidence for Triplosensitivity","https://search.clinicalgenome.org/kb/gene-dosage/HGNC:31673","2018-03-06T21:38:13+00:00"
"GSDMD","HGNC:25697","chr8:144635557-144645232","chr8:143553387-143563062","No Evidence for Haploinsufficiency","No Evidence for Triplosensitivity","https://search.clinicalgenome.org/kb/gene-dosage/HGNC:25697","2024-03-27T16:41:39+00:00"
"GTF2H5","HGNC:21157","chr6:158589382-158620376","chr6:158168350-158199344","Gene Associated with Autosomal Recessive Phenotype","No Evidence for Triplosensitivity","https://search.clinicalgenome.org/kb/gene-dosage/HGNC:21157","2016-08-22T17:49:09+00:00"
"GTF2I","HGNC:4659","chr7:74072044-74175022","chr7:74657718-74760692","No Evidence for Haploinsufficiency","No Evidence for Triplosensitivity","https://search.clinicalgenome.org/kb/gene-dosage/HGNC:4659","2012-08-08T21:30:35+00:00"
"GTF2IRD1","HGNC:4661","chr7:73868236-74016931","chr7:74453906-74602605","No Evidence for Haploinsufficiency","No Evidence for Triplosensitivity","https://search.clinicalgenome.org/kb/gene-dosage/HGNC:4661","2012-10-10T14:30:06+00:00"
"GTF2IRD2","HGNC:30775","chr7:74210490-74267901","chr7:74796151-74851605","No Evidence for Haploinsufficiency","No Evidence for Triplosensitivity","https://search.clinicalgenome.org/kb/gene-dosage/HGNC:30775","2013-12-04T19:58:02+00:00"
"GUCA1C","HGNC:4680","chr3:108626639-108672726","chr3:108907792-108955195","Dosage Sensitivity Unlikely for Haploinsufficiency","No Evidence for Triplosensitivity","https://search.clinicalgenome.org/kb/gene-dosage/HGNC:4680","2021-02-02T19:57:43+00:00"
"GUCY2C","HGNC:4688","chr12:14765566-14849533","chr12:14612632-14696599","No Evidence for Haploinsufficiency","No Evidence for Triplosensitivity","https://search.clinicalgenome.org/kb/gene-dosage/HGNC:4688","2013-09-18T14:49:41+00:00"
"GUSB","HGNC:4696","chr7:65425671-65447200","chr7:65960684-65982213","Gene Associated with Autosomal Recessive Phenotype","No Evidence for Triplosensitivity","https://search.clinicalgenome.org/kb/gene-dosage/HGNC:4696","2015-10-12T03:51:10+00:00"
"GYS2","HGNC:4707","chr12:21689041-21757781","chr12:21532577-21604847","Gene Associated with Autosomal Recessive Phenotype","No Evidence for Triplosensitivity","https://search.clinicalgenome.org/kb/gene-dosage/HGNC:4707","2016-08-22T17:49:10+00:00"
"H1-4","HGNC:4718","chr6:26156557-26157343","chr6:26156329-26157115","No Evidence for Haploinsufficiency","No Evidence for Triplosensitivity","https://search.clinicalgenome.org/kb/gene-dosage/HGNC:4718","2022-07-27T16:10:31+00:00"
"H19","HGNC:4713","chr11:2016406-2022696","chr11:1995176-2001466","No Evidence for Haploinsufficiency","No Evidence for Triplosensitivity","https://search.clinicalgenome.org/kb/gene-dosage/HGNC:4713","2012-03-22T17:46:34+00:00"
"H6PD","HGNC:4795","chr1:9294833-9331396","chr1:9234774-9271337","Gene Associated with Autosomal Recessive Phenotype","No Evidence for Triplosensitivity","https://search.clinicalgenome.org/kb/gene-dosage/HGNC:4795","2016-08-22T17:49:10+00:00"
"HBA1","HGNC:4823","chr16:226679-227521","chr16:176680-177522","Gene Associated with Autosomal Recessive Phenotype","No Evidence for Triplosensitivity","https://search.clinicalgenome.org/kb/gene-dosage/HGNC:4823","2012-04-19T22:15:21+00:00"
"HBA2","HGNC:4824","chr16:222875-223709","chr16:172876-173710","Gene Associated with Autosomal Recessive Phenotype","No Evidence for Triplosensitivity","https://search.clinicalgenome.org/kb/gene-dosage/HGNC:4824","2012-07-06T20:43:01+00:00"
"HCCS","HGNC:4837","chrX:11129452-11141206","chrX:11111332-11123086","Sufficient Evidence for Haploinsufficiency","No Evidence for Triplosensitivity","https://search.clinicalgenome.org/kb/gene-dosage/HGNC:4837","2012-05-10T19:12:47+00:00"
"HDAC4","HGNC:14063","chr2:239969864-240323343","chr2:239048168-239401649","Little Evidence for Haploinsufficiency","No Evidence for Triplosensitivity","https://search.clinicalgenome.org/kb/gene-dosage/HGNC:14063","2024-07-16T15:03:43+00:00"
"HDAC8","HGNC:13315","chrX:71549366-71792693","chrX:72329516-72572843","Sufficient Evidence for Haploinsufficiency","No Evidence for Triplosensitivity","https://search.clinicalgenome.org/kb/gene-dosage/HGNC:13315","2018-03-28T16:20:22+00:00"
"HEXB","HGNC:4879","chr5:73935848-74017113","chr5:74640023-74721288","Gene Associated with Autosomal Recessive Phenotype","Not yet evaluated","https://search.clinicalgenome.org/kb/gene-dosage/HGNC:4879","2016-08-22T17:49:11+00:00"
"HFE","HGNC:4886","chr6:26087657-26098571","chr6:26087429-26098343","Gene Associated with Autosomal Recessive Phenotype","No Evidence for Triplosensitivity","https://search.clinicalgenome.org/kb/gene-dosage/HGNC:4886","2024-04-08T14:07:56+00:00"
"HFM1","HGNC:20193","chr1:91726323-91870394","chr1:91260766-91408007","Gene Associated with Autosomal Recessive Phenotype","No Evidence for Triplosensitivity","https://search.clinicalgenome.org/kb/gene-dosage/HGNC:20193","2016-08-22T17:49:14+00:00"
"HGF","HGNC:4893","chr7:81328326-81399363","chr7:81699010-81770047","Gene Associated with Autosomal Recessive Phenotype","Not yet evaluated","https://search.clinicalgenome.org/kb/gene-dosage/HGNC:4893","2016-08-22T17:49:15+00:00"
"HGSNAT","HGNC:26527","chr8:42995607-43057998","chr8:43140464-43202855","Gene Associated with Autosomal Recessive Phenotype","Not yet evaluated","https://search.clinicalgenome.org/kb/gene-dosage/HGNC:26527","2016-08-22T17:49:15+00:00"
"HIRA","HGNC:4916","chr22:19318221-19419256","chr22:19330698-19431733","No Evidence for Haploinsufficiency","No Evidence for Triplosensitivity","https://search.clinicalgenome.org/kb/gene-dosage/HGNC:4916","2012-08-28T22:07:19+00:00"
"HIVEP2","HGNC:4921","chr6:143072606-143266313","chr6:142751469-142946365","Sufficient Evidence for Haploinsufficiency","No Evidence for Triplosensitivity","https://search.clinicalgenome.org/kb/gene-dosage/HGNC:4921","2018-04-25T16:25:38+00:00"
"HIVEP3","HGNC:13561","chr1:41972036-42501605","chr1:41506365-42035934","Little Evidence for Haploinsufficiency","No Evidence for Triplosensitivity","https://search.clinicalgenome.org/kb/gene-dosage/HGNC:13561","2019-01-23T17:24:05+00:00"
"HJV","HGNC:4887","chr1:145413278-145417543","chr1:146017470-146021735","Gene Associated with Autosomal Recessive Phenotype","Not yet evaluated","https://search.clinicalgenome.org/kb/gene-dosage/HGNC:4887","2016-08-22T17:49:13+00:00"
"HLCS","HGNC:4976","chr21:38120926-38362511","chr21:36748625-36990211","Gene Associated with Autosomal Recessive Phenotype","No Evidence for Triplosensitivity","https://search.clinicalgenome.org/kb/gene-dosage/HGNC:4976","2016-08-22T17:49:16+00:00"
"HMBS","HGNC:4982","chr11:118955591-118964259","chr11:119084881-119093549","Sufficient Evidence for Haploinsufficiency","No Evidence for Triplosensitivity","https://search.clinicalgenome.org/kb/gene-dosage/HGNC:4982","2020-01-08T17:47:56+00:00"
"HMGA2","HGNC:5009","chr12:66218240-66360071","chr12:65824460-65966291","Little Evidence for Haploinsufficiency","No Evidence for Triplosensitivity","https://search.clinicalgenome.org/kb/gene-dosage/HGNC:5009","2021-09-14T16:29:17+00:00"
"HNF1A","HGNC:11621","chr12:121416346-121440315","chr12:120978543-121002512","Sufficient Evidence for Haploinsufficiency","No Evidence for Triplosensitivity","https://search.clinicalgenome.org/kb/gene-dosage/HGNC:11621","2023-12-13T17:08:54+00:00"
"HNF1B","HGNC:11630","chr17:36046434-36105050","chr17:37686431-37745059","Sufficient Evidence for Haploinsufficiency","No Evidence for Triplosensitivity","https://search.clinicalgenome.org/kb/gene-dosage/HGNC:11630","2020-12-21T17:12:17+00:00"
"HNF4A","HGNC:5024","chr20:42984339-43063236","chr20:44355699-44434596","Sufficient Evidence for Haploinsufficiency","No Evidence for Triplosensitivity","https://search.clinicalgenome.org/kb/gene-dosage/HGNC:5024","2025-07-23T17:01:42+00:00"
"HNRNPC","HGNC:5035","chr14:21677306-21737601","chr14:21209147-21269442","Little Evidence for Haploinsufficiency","No Evidence for Triplosensitivity","https://search.clinicalgenome.org/kb/gene-dosage/HGNC:5035","2023-11-29T17:24:58+00:00"
"HNRNPDL","HGNC:5037","chr4:83343717-83351615","chr4:82422564-82430462","No Evidence for Haploinsufficiency","No Evidence for Triplosensitivity","https://search.clinicalgenome.org/kb/gene-dosage/HGNC:5037","2025-04-08T16:04:00+00:00"
"HNRNPK","HGNC:5044","chr9:86582998-86595530","chr9:83968083-83980615","Sufficient Evidence for Haploinsufficiency","No Evidence for Triplosensitivity","https://search.clinicalgenome.org/kb/gene-dosage/HGNC:5044","2023-08-23T16:36:18+00:00"
"HNRNPU","HGNC:5048","chr1:245013599-245027845","chr1:244850297-244864543","Sufficient Evidence for Haploinsufficiency","No Evidence for Triplosensitivity","https://search.clinicalgenome.org/kb/gene-dosage/HGNC:5048","2024-11-27T17:25:52+00:00"
"HOMER2","HGNC:17513","chr15:83517735-83621472","chr15:82834661-82986157","No Evidence for Haploinsufficiency","No Evidence for Triplosensitivity","https://search.clinicalgenome.org/kb/gene-dosage/HGNC:17513","2026-02-10T17:10:25+00:00"
"HOXD13","HGNC:5136","chr2:176957449-176960672","chr2:176087487-176095944","Sufficient Evidence for Haploinsufficiency","No Evidence for Triplosensitivity","https://search.clinicalgenome.org/kb/gene-dosage/HGNC:5136","2020-09-23T16:46:26+00:00"
"HOXD9","HGNC:5140","chr2:176987447-176989665","chr2:176122719-176124937","No Evidence for Haploinsufficiency","No Evidence for Triplosensitivity","https://search.clinicalgenome.org/kb/gene-dosage/HGNC:5140","2012-02-22T14:35:44+00:00"
"HPGD","HGNC:5154","chr4:175411326-175444044","chr4:174490175-174522893","Gene Associated with Autosomal Recessive Phenotype","No Evidence for Triplosensitivity","https://search.clinicalgenome.org/kb/gene-dosage/HGNC:5154","2016-08-22T17:49:17+00:00"
"HPRT1","HGNC:5157","chrX:133594195-133634698","chrX:134460165-134500668","Sufficient Evidence for Haploinsufficiency","No Evidence for Triplosensitivity","https://search.clinicalgenome.org/kb/gene-dosage/HGNC:5157","2021-01-13T14:20:34+00:00"
"HPS1","HGNC:5163","chr10:100175955-100206692","chr10:98413948-98446935","Gene Associated with Autosomal Recessive Phenotype","Not yet evaluated","https://search.clinicalgenome.org/kb/gene-dosage/HGNC:5163","2016-08-22T17:49:18+00:00"
"HPS3","HGNC:15597","chr3:148847425-148891519","chr3:149129638-149173732","Gene Associated with Autosomal Recessive Phenotype","Not yet evaluated","https://search.clinicalgenome.org/kb/gene-dosage/HGNC:15597","2016-08-22T17:49:19+00:00"
"HPSE2","HGNC:18374","chr10:100216834-100995632","chr10:98457077-99315951","Gene Associated with Autosomal Recessive Phenotype","No Evidence for Triplosensitivity","https://search.clinicalgenome.org/kb/gene-dosage/HGNC:18374","2015-03-12T03:27:57+00:00"
"HRAS","HGNC:5173","chr11:532242-535576","chr11:532242-535576","No Evidence for Haploinsufficiency","No Evidence for Triplosensitivity","https://search.clinicalgenome.org/kb/gene-dosage/HGNC:5173","2024-07-15T14:34:32+00:00"
"HSD17B10","HGNC:4800","chrX:53458206-53461323","chrX:53431258-53434376","No Evidence for Haploinsufficiency","No Evidence for Triplosensitivity","https://search.clinicalgenome.org/kb/gene-dosage/HGNC:4800","2012-09-06T18:40:05+00:00"
"HSD17B13","HGNC:18685","chr4:88224946-88244034","chr4:87303794-87322882","Dosage Sensitivity Unlikely for Haploinsufficiency","No Evidence for Triplosensitivity","https://search.clinicalgenome.org/kb/gene-dosage/HGNC:18685","2021-02-02T20:04:07+00:00"
"HSD17B3","HGNC:5212","chr9:98997588-99064458","chr9:96235306-96302176","Gene Associated with Autosomal Recessive Phenotype","Not yet evaluated","https://search.clinicalgenome.org/kb/gene-dosage/HGNC:5212","2016-08-22T17:49:20+00:00"
"HSD17B4","HGNC:5213","chr5:118788192-118878027","chr5:119452497-119542332","Gene Associated with Autosomal Recessive Phenotype","No Evidence for Triplosensitivity","https://search.clinicalgenome.org/kb/gene-dosage/HGNC:5213","2018-03-06T21:35:32+00:00"
"HSD3B7","HGNC:18324","chr16:30996528-31000468","chr16:30985207-30989147","Gene Associated with Autosomal Recessive Phenotype","No Evidence for Triplosensitivity","https://search.clinicalgenome.org/kb/gene-dosage/HGNC:18324","2016-08-22T17:49:21+00:00"
"HSPB8","HGNC:30171","chr12:119616736-119632551","chr12:119178931-119194746","No Evidence for Haploinsufficiency","No Evidence for Triplosensitivity","https://search.clinicalgenome.org/kb/gene-dosage/HGNC:30171","2025-11-18T17:15:09+00:00"
"HSPG2","HGNC:5273","chr1:22148737-22263803","chr1:21822244-21937310","Gene Associated with Autosomal Recessive Phenotype","No Evidence for Triplosensitivity","https://search.clinicalgenome.org/kb/gene-dosage/HGNC:5273","2016-06-02T13:16:19+00:00"
"HTN3","HGNC:5284","chr4:70894176-70902255","chr4:70028459-70036538","Dosage Sensitivity Unlikely for Haploinsufficiency","No Evidence for Triplosensitivity","https://search.clinicalgenome.org/kb/gene-dosage/HGNC:5284","2021-02-02T20:08:19+00:00"
"HUWE1","HGNC:30892","chrX:53559057-53713664","chrX:53532096-53686719","No Evidence for Haploinsufficiency","No Evidence for Triplosensitivity","https://search.clinicalgenome.org/kb/gene-dosage/HGNC:30892","2018-09-26T16:24:20+00:00"
"HYLS1","HGNC:26558","chr11:125753509-125770541","chr11:125883614-125900646","Gene Associated with Autosomal Recessive Phenotype","Not yet evaluated","https://search.clinicalgenome.org/kb/gene-dosage/HGNC:26558","2016-08-22T17:49:21+00:00"
"HYMAI","HGNC:5326","chr6:144326053-144329867","chr6:144004916-144008259","No Evidence for Haploinsufficiency","No Evidence for Triplosensitivity","https://search.clinicalgenome.org/kb/gene-dosage/HGNC:5326","2012-09-06T18:47:49+00:00"
"IDS","HGNC:5389","chrX:148558519-148586836","chrX:149476988-149505306","Sufficient Evidence for Haploinsufficiency","No Evidence for Triplosensitivity","https://search.clinicalgenome.org/kb/gene-dosage/HGNC:5389","2020-11-10T17:15:45+00:00"
"IDUA","HGNC:5391","chr4:980785-998352","chr4:986997-1008351","Gene Associated with Autosomal Recessive Phenotype","Not yet evaluated","https://search.clinicalgenome.org/kb/gene-dosage/HGNC:5391","2016-08-22T17:49:22+00:00"
"IFT140","HGNC:29077","chr16:1560428-1662073","chr16:1510427-1612072","Gene Associated with Autosomal Recessive Phenotype","Not yet evaluated","https://search.clinicalgenome.org/kb/gene-dosage/HGNC:29077","2016-08-22T17:49:23+00:00"
"IFT27","HGNC:18626","chr22:37154255-37172163","chr22:36758211-36776119","Gene Associated with Autosomal Recessive Phenotype","No Evidence for Triplosensitivity","https://search.clinicalgenome.org/kb/gene-dosage/HGNC:18626","2016-08-22T17:49:24+00:00"
"IFT43","HGNC:29669","chr14:76452106-76550416","chr14:75985763-76084073","Gene Associated with Autosomal Recessive Phenotype","Not yet evaluated","https://search.clinicalgenome.org/kb/gene-dosage/HGNC:29669","2016-08-22T17:49:25+00:00"
"IGF1R","HGNC:5465","chr15:99191768-99507759","chr15:98648539-98964530","Sufficient Evidence for Haploinsufficiency","No Evidence for Triplosensitivity","https://search.clinicalgenome.org/kb/gene-dosage/HGNC:5465","2022-11-08T17:23:27+00:00"
"IGF2","HGNC:5466","chr11:2150342-2170833","chr11:2129117-2149566","No Evidence for Haploinsufficiency","No Evidence for Triplosensitivity","https://search.clinicalgenome.org/kb/gene-dosage/HGNC:5466","2012-03-22T17:46:06+00:00"
"IGF2R","HGNC:5467","chr6:160390114-160532536","chr6:159969082-160111504","No Evidence for Haploinsufficiency","No Evidence for Triplosensitivity","https://search.clinicalgenome.org/kb/gene-dosage/HGNC:5467","2012-06-07T22:10:56+00:00"
"IGHMBP2","HGNC:5542","chr11:68671359-68708069","chr11:68903891-68940601","Gene Associated with Autosomal Recessive Phenotype","No Evidence for Triplosensitivity","https://search.clinicalgenome.org/kb/gene-dosage/HGNC:5542","2016-08-22T17:49:27+00:00"
"IGLL1","HGNC:5870","chr22:23915312-23922477","chr22:23573125-23580290","Gene Associated with Autosomal Recessive Phenotype","No Evidence for Triplosensitivity","https://search.clinicalgenome.org/kb/gene-dosage/HGNC:5870","2016-08-22T17:49:27+00:00"
"IKBKG","HGNC:5961","chrX:153769453-153793261","chrX:154541238-154565046","Sufficient Evidence for Haploinsufficiency","No Evidence for Triplosensitivity","https://search.clinicalgenome.org/kb/gene-dosage/HGNC:5961","2020-11-10T17:35:19+00:00"
"IKZF1","HGNC:13176","chr7:50343660-50472799","chr7:50303455-50405101","Sufficient Evidence for Haploinsufficiency","No Evidence for Triplosensitivity","https://search.clinicalgenome.org/kb/gene-dosage/HGNC:13176","2025-10-09T20:32:32+00:00"
"IL10RA","HGNC:5964","chr11:117857109-117873752","chr11:117986394-118003037","Gene Associated with Autosomal Recessive Phenotype","No Evidence for Triplosensitivity","https://search.clinicalgenome.org/kb/gene-dosage/HGNC:5964","2016-08-22T17:49:28+00:00"
"IL17RA","HGNC:5985","chr22:17565890-17596583","chr22:17085000-17115693","Gene Associated with Autosomal Recessive Phenotype","Not yet evaluated","https://search.clinicalgenome.org/kb/gene-dosage/HGNC:5985","2016-08-22T17:49:29+00:00"
"IL1RAPL1","HGNC:5996","chrX:28605563-29974835","chrX:28587446-29956718","Sufficient Evidence for Haploinsufficiency","No Evidence for Triplosensitivity","https://search.clinicalgenome.org/kb/gene-dosage/HGNC:5996","2023-11-14T22:32:55+00:00"
"IL21R","HGNC:6006","chr16:27413495-27463363","chr16:27402174-27452042","Gene Associated with Autosomal Recessive Phenotype","No Evidence for Triplosensitivity","https://search.clinicalgenome.org/kb/gene-dosage/HGNC:6006","2016-08-22T17:49:30+00:00"
"IL2RA","HGNC:6008","chr10:6052652-6104330","chr10:6010689-6062367","Gene Associated with Autosomal Recessive Phenotype","Not yet evaluated","https://search.clinicalgenome.org/kb/gene-dosage/HGNC:6008","2016-08-22T17:49:31+00:00"
"IMMP2L","HGNC:14598","chr7:110302700-111202548","chr7:110662644-111562492","Dosage Sensitivity Unlikely for Haploinsufficiency","No Evidence for Triplosensitivity","https://search.clinicalgenome.org/kb/gene-dosage/HGNC:14598","2022-04-12T16:44:27+00:00"
"IMPA1","HGNC:6050","chr8:82569149-82598560","chr8:81656914-81686325","No Evidence for Haploinsufficiency","No Evidence for Triplosensitivity","https://search.clinicalgenome.org/kb/gene-dosage/HGNC:6050","2012-02-08T20:53:42+00:00"
"INF2","HGNC:23791","chr14:105155955-105188872","chr14:104689618-104722535","No Evidence for Haploinsufficiency","No Evidence for Triplosensitivity","https://search.clinicalgenome.org/kb/gene-dosage/HGNC:23791","2025-12-11T18:08:12+00:00"
"INPP5E","HGNC:21474","chr9:139323071-139334297","chr9:136428619-136439845","Gene Associated with Autosomal Recessive Phenotype","No Evidence for Triplosensitivity","https://search.clinicalgenome.org/kb/gene-dosage/HGNC:21474","2016-08-22T17:49:32+00:00"
"INS","HGNC:6081","chr11:2181009-2182439","chr11:2159779-2161209","No Evidence for Haploinsufficiency","No Evidence for Triplosensitivity","https://search.clinicalgenome.org/kb/gene-dosage/HGNC:6081","2012-03-22T18:25:37+00:00"
"IQSEC2","HGNC:29059","chrX:53262058-53350548","chrX:53225813-53321350","Sufficient Evidence for Haploinsufficiency","No Evidence for Triplosensitivity","https://search.clinicalgenome.org/kb/gene-dosage/HGNC:29059","2025-03-26T16:37:56+00:00"
"IRAK4","HGNC:17967","chr12:44152754-44183344","chr12:43758951-43789541","Gene Associated with Autosomal Recessive Phenotype","No Evidence for Triplosensitivity","https://search.clinicalgenome.org/kb/gene-dosage/HGNC:17967","2016-08-22T17:49:33+00:00"
"IRF2BPL","HGNC:14282","chr14:77490886-77495051","chr14:77024543-77028708","Little Evidence for Haploinsufficiency","No Evidence for Triplosensitivity","https://search.clinicalgenome.org/kb/gene-dosage/HGNC:14282","2025-06-10T16:09:41+00:00"
"IRF6","HGNC:6121","chr1:209958962-209979487","chr1:209785617-209806142","Sufficient Evidence for Haploinsufficiency","No Evidence for Triplosensitivity","https://search.clinicalgenome.org/kb/gene-dosage/HGNC:6121","2012-07-06T20:27:09+00:00"
"ITCH","HGNC:13890","chr20:32951079-33099578","chr20:34363273-34511773","Gene Associated with Autosomal Recessive Phenotype","Not yet evaluated","https://search.clinicalgenome.org/kb/gene-dosage/HGNC:13890","2016-08-22T17:49:36+00:00"
"ITGA3","HGNC:6139","chr17:48133474-48167845","chr17:50056110-50090481","Gene Associated with Autosomal Recessive Phenotype","No Evidence for Triplosensitivity","https://search.clinicalgenome.org/kb/gene-dosage/HGNC:6139","2016-08-22T17:49:36+00:00"
"ITGB2","HGNC:6155","chr21:46305868-46348730","chr21:44885953-44928815","Gene Associated with Autosomal Recessive Phenotype","Not yet evaluated","https://search.clinicalgenome.org/kb/gene-dosage/HGNC:6155","2016-08-22T17:49:37+00:00"
"ITGB3","HGNC:6156","chr17:45331193-45391109","chr17:47253827-47313743","No Evidence for Haploinsufficiency","No Evidence for Triplosensitivity","https://search.clinicalgenome.org/kb/gene-dosage/HGNC:6156","2012-08-27T04:27:40+00:00"
"ITK","HGNC:6171","chr5:156607851-156682195","chr5:157180840-157255185","Gene Associated with Autosomal Recessive Phenotype","No Evidence for Triplosensitivity","https://search.clinicalgenome.org/kb/gene-dosage/HGNC:6171","2016-08-22T17:49:38+00:00"
"ITPR1","HGNC:6180","chr3:4535032-4889190","chr3:4493348-4847506","Little Evidence for Haploinsufficiency","No Evidence for Triplosensitivity","https://search.clinicalgenome.org/kb/gene-dosage/HGNC:6180","2023-10-12T20:09:39+00:00"
"ITSN1","HGNC:6183","chr21:35014807-35272165","chr21:33642501-33899861","Little Evidence for Haploinsufficiency","No Evidence for Triplosensitivity","https://search.clinicalgenome.org/kb/gene-dosage/HGNC:6183","2024-10-08T17:05:28+00:00"
"IYD","HGNC:21071","chr6:150690148-150727105","chr6:150369012-150405969","Gene Associated with Autosomal Recessive Phenotype","No Evidence for Triplosensitivity","https://search.clinicalgenome.org/kb/gene-dosage/HGNC:21071","2016-08-22T17:49:39+00:00"
"JAG1","HGNC:6188","chr20:10618332-10654647","chr20:10637684-10673999","Sufficient Evidence for Haploinsufficiency","No Evidence for Triplosensitivity","https://search.clinicalgenome.org/kb/gene-dosage/HGNC:6188","2020-10-19T16:19:32+00:00"
"JAM3","HGNC:15532","chr11:133938967-134021896","chr11:134069072-134152001","Gene Associated with Autosomal Recessive Phenotype","No Evidence for Triplosensitivity","https://search.clinicalgenome.org/kb/gene-dosage/HGNC:15532","2015-06-11T14:16:48+00:00"
"JARID2","HGNC:6196","chr6:15246300-15522273","chr6:15246069-15522042","Emerging Evidence for Haploinsufficiency","No Evidence for Triplosensitivity","https://search.clinicalgenome.org/kb/gene-dosage/HGNC:6196","2024-06-11T16:21:10+00:00"
"KANK1","HGNC:19309","chr9:470295-746103","chr9:470295-746103","No Evidence for Haploinsufficiency","No Evidence for Triplosensitivity","https://search.clinicalgenome.org/kb/gene-dosage/HGNC:19309","2016-04-28T18:49:45+00:00"
"KANSL1","HGNC:24565","chr17:44107282-44302733","chr17:46029916-46225367","Sufficient Evidence for Haploinsufficiency","No Evidence for Triplosensitivity","https://search.clinicalgenome.org/kb/gene-dosage/HGNC:24565","2013-04-11T19:08:20+00:00"
"KARS1","HGNC:6215","chr16:75661622-75681563","chr16:75627724-75647665","Gene Associated with Autosomal Recessive Phenotype","No Evidence for Triplosensitivity","https://search.clinicalgenome.org/kb/gene-dosage/HGNC:6215","2016-08-22T17:49:40+00:00"
"KAT6A","HGNC:13013","chr8:41786997-41909505","chr8:41929479-42051987","Sufficient Evidence for Haploinsufficiency","No Evidence for Triplosensitivity","https://search.clinicalgenome.org/kb/gene-dosage/HGNC:13013","2018-03-28T16:24:16+00:00"
"KAT6B","HGNC:17582","chr10:76585013-76792382","chr10:74824936-75032624","Sufficient Evidence for Haploinsufficiency","No Evidence for Triplosensitivity","https://search.clinicalgenome.org/kb/gene-dosage/HGNC:17582","2018-04-25T16:42:12+00:00"
"KATNAL2","HGNC:25387","chr18:44497557-44628614","chr18:46917594-47102243","Little Evidence for Haploinsufficiency","No Evidence for Triplosensitivity","https://search.clinicalgenome.org/kb/gene-dosage/HGNC:25387","2018-11-28T17:31:10+00:00"
"KCNA2","HGNC:6220","chr1:111136202-111174062","chr1:110593580-110631440","Little Evidence for Haploinsufficiency","No Evidence for Triplosensitivity","https://search.clinicalgenome.org/kb/gene-dosage/HGNC:6220","2025-05-28T16:51:51+00:00"
"KCNB1","HGNC:6231","chr20:47980414-48099205","chr20:49363877-49483362","No Evidence for Haploinsufficiency","No Evidence for Triplosensitivity","https://search.clinicalgenome.org/kb/gene-dosage/HGNC:6231","2026-04-22T16:32:48+00:00"
"KCNC1","HGNC:6233","chr11:17756328-17804604","chr11:17734781-17783057","Little Evidence for Haploinsufficiency","No Evidence for Triplosensitivity","https://search.clinicalgenome.org/kb/gene-dosage/HGNC:6233","2025-03-31T21:05:29+00:00"
"KCNH1","HGNC:6250","chr1:210851656-211307490","chr1:210678314-211134148","No Evidence for Haploinsufficiency","No Evidence for Triplosensitivity","https://search.clinicalgenome.org/kb/gene-dosage/HGNC:6250","2023-06-28T16:29:27+00:00"
"KCNH2","HGNC:6251","chr7:150642049-150675409","chr7:150944961-150978321","Sufficient Evidence for Haploinsufficiency","No Evidence for Triplosensitivity","https://search.clinicalgenome.org/kb/gene-dosage/HGNC:6251","2020-02-26T17:14:24+00:00"
"KCNJ1","HGNC:6255","chr11:128707915-128737191","chr11:128838020-128867296","Gene Associated with Autosomal Recessive Phenotype","No Evidence for Triplosensitivity","https://search.clinicalgenome.org/kb/gene-dosage/HGNC:6255","2012-03-22T18:41:43+00:00"
"KCNJ6","HGNC:6267","chr21:38979675-39288760","chr21:37607373-37916457","No Evidence for Haploinsufficiency","No Evidence for Triplosensitivity","https://search.clinicalgenome.org/kb/gene-dosage/HGNC:6267","2024-12-11T02:59:23+00:00"
"KCNK9","HGNC:6283","chr8:140613081-140715366","chr8:139600838-139703123","No Evidence for Haploinsufficiency","No Evidence for Triplosensitivity","https://search.clinicalgenome.org/kb/gene-dosage/HGNC:6283","2012-02-29T20:48:33+00:00"
"KCNQ1","HGNC:6294","chr11:2466238-2870340","chr11:2445008-2849105","Sufficient Evidence for Haploinsufficiency","No Evidence for Triplosensitivity","https://search.clinicalgenome.org/kb/gene-dosage/HGNC:6294","2020-10-13T16:21:49+00:00"
"KCNQ1OT1","HGNC:6295","chr11:2629558-2721228","chr11:2608328-2699994","Little Evidence for Haploinsufficiency","No Evidence for Triplosensitivity","https://search.clinicalgenome.org/kb/gene-dosage/HGNC:6295","2023-12-06T22:08:45+00:00"
"KCNQ2","HGNC:6296","chr20:62031561-62104008","chr20:63400208-63472655","Sufficient Evidence for Haploinsufficiency","No Evidence for Triplosensitivity","https://search.clinicalgenome.org/kb/gene-dosage/HGNC:6296","2013-07-18T19:20:04+00:00"
"KCNV2","HGNC:19698","chr9:2717510-2730037","chr9:2717510-2730037","Gene Associated with Autosomal Recessive Phenotype","Not yet evaluated","https://search.clinicalgenome.org/kb/gene-dosage/HGNC:19698","2016-08-22T17:49:41+00:00"
"KCTD7","HGNC:21957","chr7:66093868-66108216","chr7:66628881-66643229","Gene Associated with Autosomal Recessive Phenotype","Not yet evaluated","https://search.clinicalgenome.org/kb/gene-dosage/HGNC:21957","2016-08-22T17:49:41+00:00"
"KDM5B","HGNC:18039","chr1:202693623-202778598","chr1:202724495-202808421","Gene Associated with Autosomal Recessive Phenotype","No Evidence for Triplosensitivity","https://search.clinicalgenome.org/kb/gene-dosage/HGNC:18039","2026-05-26T19:31:04+00:00"
"KDM5C","HGNC:11114","chrX:53205459-53254389","chrX:53176277-53225207","Sufficient Evidence for Haploinsufficiency","No Evidence for Triplosensitivity","https://search.clinicalgenome.org/kb/gene-dosage/HGNC:11114","2023-07-27T16:06:48+00:00"
"KDM6A","HGNC:12637","chrX:44732434-44972024","chrX:44873188-45112779","Sufficient Evidence for Haploinsufficiency","No Evidence for Triplosensitivity","https://search.clinicalgenome.org/kb/gene-dosage/HGNC:12637","2013-07-18T19:34:50+00:00"
"KDM6B","HGNC:29012","chr17:7737535-7758114","chr17:7834217-7854796","Sufficient Evidence for Haploinsufficiency","No Evidence for Triplosensitivity","https://search.clinicalgenome.org/kb/gene-dosage/HGNC:29012","2024-10-23T16:07:32+00:00"
"KERA","HGNC:6309","chr12:91444268-91451801","chr12:91050491-91058024","Gene Associated with Autosomal Recessive Phenotype","Not yet evaluated","https://search.clinicalgenome.org/kb/gene-dosage/HGNC:6309","2016-08-22T17:49:43+00:00"
"KHDC3L","HGNC:33699","chr6:74072381-74073894","chr6:73362658-73364171","Gene Associated with Autosomal Recessive Phenotype","Not yet evaluated","https://search.clinicalgenome.org/kb/gene-dosage/HGNC:33699","2016-08-22T17:49:43+00:00"
"KIF11","HGNC:6388","chr10:94352887-94415152","chr10:92593130-92655395","Sufficient Evidence for Haploinsufficiency","No Evidence for Triplosensitivity","https://search.clinicalgenome.org/kb/gene-dosage/HGNC:6388","2013-08-01T19:42:31+00:00"
"KIF1A","HGNC:888","chr2:241653184-241760820","chr2:240713767-240821403","No Evidence for Haploinsufficiency","No Evidence for Triplosensitivity","https://search.clinicalgenome.org/kb/gene-dosage/HGNC:888","2013-08-08T14:26:35+00:00"
"KIF1C","HGNC:6317","chr17:4901245-4931696","chr17:4997950-5028401","Gene Associated with Autosomal Recessive Phenotype","No Evidence for Triplosensitivity","https://search.clinicalgenome.org/kb/gene-dosage/HGNC:6317","2016-08-22T17:49:46+00:00"
"KIF7","HGNC:30497","chr15:90171208-90198698","chr15:89617309-89663049","Gene Associated with Autosomal Recessive Phenotype","No Evidence for Triplosensitivity","https://search.clinicalgenome.org/kb/gene-dosage/HGNC:30497","2016-08-22T17:49:47+00:00"
"KIFBP","HGNC:23419","chr10:70748559-70776738","chr10:68988803-69016982","Gene Associated with Autosomal Recessive Phenotype","Not yet evaluated","https://search.clinicalgenome.org/kb/gene-dosage/HGNC:23419","2016-08-22T17:49:44+00:00"
"KISS1","HGNC:6341","chr1:204159469-204165619","chr1:204190341-204196491","Gene Associated with Autosomal Recessive Phenotype","Not yet evaluated","https://search.clinicalgenome.org/kb/gene-dosage/HGNC:6341","2016-08-22T17:49:48+00:00"
"KIT","HGNC:6342","chr4:55524124-55606881","chr4:54657957-54740715","Sufficient Evidence for Haploinsufficiency","No Evidence for Triplosensitivity","https://search.clinicalgenome.org/kb/gene-dosage/HGNC:6342","2024-05-08T16:35:44+00:00"
"KLF14","HGNC:23025","chr7:130415525-130418967","chr7:130730697-130734207","No Evidence for Haploinsufficiency","No Evidence for Triplosensitivity","https://search.clinicalgenome.org/kb/gene-dosage/HGNC:23025","2012-04-28T11:05:36+00:00"
"KLF8","HGNC:6351","chrX:55934556-56317964","chrX:55908123-56291531","No Evidence for Haploinsufficiency","No Evidence for Triplosensitivity","https://search.clinicalgenome.org/kb/gene-dosage/HGNC:6351","2012-10-12T13:24:02+00:00"
"KLK12","HGNC:6360","chr19:51532350-51538258","chr19:51029094-51035002","Dosage Sensitivity Unlikely for Haploinsufficiency","No Evidence for Triplosensitivity","https://search.clinicalgenome.org/kb/gene-dosage/HGNC:6360","2021-02-02T20:12:08+00:00"
"KMT2A","HGNC:7132","chr11:118307207-118397547","chr11:118436492-118526832","Sufficient Evidence for Haploinsufficiency","No Evidence for Triplosensitivity","https://search.clinicalgenome.org/kb/gene-dosage/HGNC:7132","2018-05-23T16:10:26+00:00"
"KMT2B","HGNC:15840","chr19:36208905-36229779","chr19:35718003-35738878","Sufficient Evidence for Haploinsufficiency","No Evidence for Triplosensitivity","https://search.clinicalgenome.org/kb/gene-dosage/HGNC:15840","2025-05-13T16:45:12+00:00"
"KMT2C","HGNC:13726","chr7:151832010-152133088","chr7:152134925-152436003","Sufficient Evidence for Haploinsufficiency","No Evidence for Triplosensitivity","https://search.clinicalgenome.org/kb/gene-dosage/HGNC:13726","2018-01-24T19:20:40+00:00"
"KMT2D","HGNC:7133","chr12:49412761-49454577","chr12:49018978-49060794","Sufficient Evidence for Haploinsufficiency","No Evidence for Triplosensitivity","https://search.clinicalgenome.org/kb/gene-dosage/HGNC:7133","2020-01-23T11:33:28+00:00"
"KMT2E","HGNC:18541","chr7:104654652-104755466","chr7:105014205-105115019","Sufficient Evidence for Haploinsufficiency","No Evidence for Triplosensitivity","https://search.clinicalgenome.org/kb/gene-dosage/HGNC:18541","2021-12-29T18:45:24+00:00"
"KMT5B","HGNC:24283","chr11:67922330-67981115","chr11:68154863-68213648","Sufficient Evidence for Haploinsufficiency","No Evidence for Triplosensitivity","https://search.clinicalgenome.org/kb/gene-dosage/HGNC:24283","2023-06-13T16:19:43+00:00"
"KRAS","HGNC:6407","chr12:25358180-25403863","chr12:25205246-25250929","No Evidence for Haploinsufficiency","No Evidence for Triplosensitivity","https://search.clinicalgenome.org/kb/gene-dosage/HGNC:6407","2015-10-08T19:53:52+00:00"
"KRT24","HGNC:18527","chr17:38854243-38860004","chr17:40697991-40703752","Dosage Sensitivity Unlikely for Haploinsufficiency","No Evidence for Triplosensitivity","https://search.clinicalgenome.org/kb/gene-dosage/HGNC:18527","2021-02-02T20:15:06+00:00"
"KRT37","HGNC:6455","chr17:39576799-39580837","chr17:41420547-41424585","Dosage Sensitivity Unlikely for Haploinsufficiency","No Evidence for Triplosensitivity","https://search.clinicalgenome.org/kb/gene-dosage/HGNC:6455","2021-02-02T20:20:21+00:00"
"L1CAM","HGNC:6470","chrX:153126969-153151627","chrX:153861514-153886173","Sufficient Evidence for Haploinsufficiency","No Evidence for Triplosensitivity","https://search.clinicalgenome.org/kb/gene-dosage/HGNC:6470","2020-12-02T17:08:55+00:00"
"L3MBTL1","HGNC:15905","chr20:42136337-42179594","chr20:43507697-43550954","No Evidence for Haploinsufficiency","No Evidence for Triplosensitivity","https://search.clinicalgenome.org/kb/gene-dosage/HGNC:15905","2012-08-29T14:20:17+00:00"
"LAMA1","HGNC:6481","chr18:6941741-7117796","chr18:6941742-7117797","Gene Associated with Autosomal Recessive Phenotype","No Evidence for Triplosensitivity","https://search.clinicalgenome.org/kb/gene-dosage/HGNC:6481","2016-08-22T17:49:48+00:00"
"LAMA2","HGNC:6482","chr6:129204283-129837711","chr6:128883138-129516566","Gene Associated with Autosomal Recessive Phenotype","No Evidence for Triplosensitivity","https://search.clinicalgenome.org/kb/gene-dosage/HGNC:6482","2018-11-28T17:46:24+00:00"
"LAMA3","HGNC:6483","chr18:21269417-21535030","chr18:23689453-23955066","Gene Associated with Autosomal Recessive Phenotype","Not yet evaluated","https://search.clinicalgenome.org/kb/gene-dosage/HGNC:6483","2016-08-22T17:49:49+00:00"
"LAMC2","HGNC:6493","chr1:183155399-183214262","chr1:183186264-183258968","Gene Associated with Autosomal Recessive Phenotype","Not yet evaluated","https://search.clinicalgenome.org/kb/gene-dosage/HGNC:6493","2016-08-22T17:49:50+00:00"
"LAMP2","HGNC:6501","chrX:119560003-119603204","chrX:120426148-120469349","Sufficient Evidence for Haploinsufficiency","No Evidence for Triplosensitivity","https://search.clinicalgenome.org/kb/gene-dosage/HGNC:6501","2021-02-09T17:11:05+00:00"
"LARGE1","HGNC:6511","chr22:33668495-34318812","chr22:33066663-33922824","Gene Associated with Autosomal Recessive Phenotype","No Evidence for Triplosensitivity","https://search.clinicalgenome.org/kb/gene-dosage/HGNC:6511","2016-08-22T17:49:51+00:00"
"LBR","HGNC:6518","chr1:225589204-225616523","chr1:225401502-225428821","Gene Associated with Autosomal Recessive Phenotype","No Evidence for Triplosensitivity","https://search.clinicalgenome.org/kb/gene-dosage/HGNC:6518","2015-02-23T18:21:52+00:00"
"LBX1","HGNC:16960","chr10:102986751-102989220","chr10:101226994-101229463","No Evidence for Haploinsufficiency","No Evidence for Triplosensitivity","https://search.clinicalgenome.org/kb/gene-dosage/HGNC:16960","2014-08-21T14:21:08+00:00"
"LCA5","HGNC:31923","chr6:80194708-80247147","chr6:79484991-79538782","Gene Associated with Autosomal Recessive Phenotype","Not yet evaluated","https://search.clinicalgenome.org/kb/gene-dosage/HGNC:31923","2016-08-22T17:49:52+00:00"
"LCT","HGNC:6530","chr2:136545420-136594754","chr2:135787850-135837184","Gene Associated with Autosomal Recessive Phenotype","No Evidence for Triplosensitivity","https://search.clinicalgenome.org/kb/gene-dosage/HGNC:6530","2016-08-22T17:49:53+00:00"
"LDLR","HGNC:6547","chr19:11200139-11244496","chr19:11089463-11133820","Sufficient Evidence for Haploinsufficiency","No Evidence for Triplosensitivity","https://search.clinicalgenome.org/kb/gene-dosage/HGNC:6547","2021-10-27T16:57:43+00:00"
"LEMD3","HGNC:28887","chr12:65563363-65642135","chr12:65169583-65248355","Sufficient Evidence for Haploinsufficiency","No Evidence for Triplosensitivity","https://search.clinicalgenome.org/kb/gene-dosage/HGNC:28887","2020-10-19T16:18:32+00:00"
"LEO1","HGNC:30401","chr15:52230222-52263975","chr15:51938025-51971778","Little Evidence for Haploinsufficiency","No Evidence for Triplosensitivity","https://search.clinicalgenome.org/kb/gene-dosage/HGNC:30401","2025-03-14T15:05:29+00:00"
"LEPR","HGNC:6554","chr1:65886335-66107242","chr1:65420652-65641559","Gene Associated with Autosomal Recessive Phenotype","Not yet evaluated","https://search.clinicalgenome.org/kb/gene-dosage/HGNC:6554","2016-08-22T17:49:54+00:00"
"LETM1","HGNC:6556","chr4:1813206-1857883","chr4:1811479-1856156","No Evidence for Haploinsufficiency","No Evidence for Triplosensitivity","https://search.clinicalgenome.org/kb/gene-dosage/HGNC:6556","2012-02-03T21:58:50+00:00"
"LFNG","HGNC:6560","chr7:2552163-2568811","chr7:2512529-2529177","Gene Associated with Autosomal Recessive Phenotype","Not yet evaluated","https://search.clinicalgenome.org/kb/gene-dosage/HGNC:6560","2016-08-22T17:49:55+00:00"
"LGI1","HGNC:6572","chr10:95517693-95557916","chr10:93757936-93798159","Sufficient Evidence for Haploinsufficiency","No Evidence for Triplosensitivity","https://search.clinicalgenome.org/kb/gene-dosage/HGNC:6572","2025-07-08T16:22:11+00:00"
"LHX3","HGNC:6595","chr9:139088096-139096974","chr9:136196250-136205128","Gene Associated with Autosomal Recessive Phenotype","Not yet evaluated","https://search.clinicalgenome.org/kb/gene-dosage/HGNC:6595","2016-08-22T17:49:56+00:00"
"LHX4","HGNC:21734","chr1:180199399-180248119","chr1:180228375-180278984","Little Evidence for Haploinsufficiency","No Evidence for Triplosensitivity","https://search.clinicalgenome.org/kb/gene-dosage/HGNC:21734","2022-04-25T16:06:30+00:00"
"LIG4","HGNC:6601","chr13:108859790-108870697","chr13:108207442-108218349","Gene Associated with Autosomal Recessive Phenotype","No Evidence for Triplosensitivity","https://search.clinicalgenome.org/kb/gene-dosage/HGNC:6601","2016-08-22T17:49:57+00:00"
"LIMK1","HGNC:6613","chr7:73498134-73536855","chr7:74083804-74122525","No Evidence for Haploinsufficiency","No Evidence for Triplosensitivity","https://search.clinicalgenome.org/kb/gene-dosage/HGNC:6613","2012-08-22T13:36:58+00:00"
"LINS1","HGNC:30922","chr15:101107129-101142389","chr15:100566924-100602184","Gene Associated with Autosomal Recessive Phenotype","No Evidence for Triplosensitivity","https://search.clinicalgenome.org/kb/gene-dosage/HGNC:30922","2016-08-22T17:49:58+00:00"
"LIPA","HGNC:6617","chr10:90973329-91011532","chr10:89213572-89251775","Gene Associated with Autosomal Recessive Phenotype","Not yet evaluated","https://search.clinicalgenome.org/kb/gene-dosage/HGNC:6617","2016-08-22T17:49:59+00:00"
"LITAF","HGNC:16841","chr16:11641578-11681322","chr16:11547722-11640317","No Evidence for Haploinsufficiency","No Evidence for Triplosensitivity","https://search.clinicalgenome.org/kb/gene-dosage/HGNC:16841","2016-10-21T20:15:32+00:00"
"LMAN1","HGNC:6631","chr18:56995055-57026497","chr18:59327823-59359265","Gene Associated with Autosomal Recessive Phenotype","Not yet evaluated","https://search.clinicalgenome.org/kb/gene-dosage/HGNC:6631","2016-08-22T17:50:00+00:00"
"LMBR1","HGNC:13243","chr7:156461706-156685877","chr7:156669012-156893183","Gene Associated with Autosomal Recessive Phenotype","No Evidence for Triplosensitivity","https://search.clinicalgenome.org/kb/gene-dosage/HGNC:13243","2012-10-18T19:30:54+00:00"
"LMNA","HGNC:6636","chr1:156052364-156109872","chr1:156082573-156140081","Sufficient Evidence for Haploinsufficiency","No Evidence for Triplosensitivity","https://search.clinicalgenome.org/kb/gene-dosage/HGNC:6636","2023-12-14T19:32:36+00:00"
"LMNB1","HGNC:6637","chr5:126112315-126172712","chr5:126776623-126837020","No Evidence for Haploinsufficiency","Sufficient Evidence for Triplosensitivity","https://search.clinicalgenome.org/kb/gene-dosage/HGNC:6637","2023-10-25T16:27:36+00:00"
"LMTK3","HGNC:19295","chr19:48988528-49016446","chr19:48485271-48513680","Little Evidence for Haploinsufficiency","No Evidence for Triplosensitivity","https://search.clinicalgenome.org/kb/gene-dosage/HGNC:19295","2018-07-25T16:11:15+00:00"
"LMX1B","HGNC:6654","chr9:129376207-129463311","chr9:126613928-126701032","Sufficient Evidence for Haploinsufficiency","No Evidence for Triplosensitivity","https://search.clinicalgenome.org/kb/gene-dosage/HGNC:6654","2020-11-10T17:11:38+00:00"
"LOXHD1","HGNC:26521","chr18:44056924-44237183","chr18:46476961-46657220","Gene Associated with Autosomal Recessive Phenotype","No Evidence for Triplosensitivity","https://search.clinicalgenome.org/kb/gene-dosage/HGNC:26521","2016-08-22T17:50:01+00:00"
"LPAR6","HGNC:15520","chr13:48985274-49018805","chr13:48389571-48444669","Gene Associated with Autosomal Recessive Phenotype","Not yet evaluated","https://search.clinicalgenome.org/kb/gene-dosage/HGNC:15520","2016-08-22T17:50:02+00:00"
"LPIN2","HGNC:14450","chr18:2916992-3013142","chr18:2916994-3013144","Gene Associated with Autosomal Recessive Phenotype","No Evidence for Triplosensitivity","https://search.clinicalgenome.org/kb/gene-dosage/HGNC:14450","2016-08-22T17:50:03+00:00"
"LRAT","HGNC:6685","chr4:155661990-155674272","chr4:154740838-154753120","Gene Associated with Autosomal Recessive Phenotype","Not yet evaluated","https://search.clinicalgenome.org/kb/gene-dosage/HGNC:6685","2016-08-22T17:50:04+00:00"
"LRBA","HGNC:1742","chr4:151185587-151936879","chr4:150264435-151015727","Gene Associated with Autosomal Recessive Phenotype","Not yet evaluated","https://search.clinicalgenome.org/kb/gene-dosage/HGNC:1742","2016-08-22T17:50:05+00:00"
"LRP2","HGNC:6694","chr2:169983619-170219044","chr2:169127109-169362534","Gene Associated with Autosomal Recessive Phenotype","No Evidence for Triplosensitivity","https://search.clinicalgenome.org/kb/gene-dosage/HGNC:6694","2019-04-24T16:46:35+00:00"
"LRP5","HGNC:6697","chr11:68080059-68216743","chr11:68298412-68449275","Little Evidence for Haploinsufficiency","No Evidence for Triplosensitivity","https://search.clinicalgenome.org/kb/gene-dosage/HGNC:6697","2024-04-09T16:36:52+00:00"
"LRPAP1","HGNC:6701","chr4:3505339-3534149","chr4:3503612-3532422","Gene Associated with Autosomal Recessive Phenotype","Not yet evaluated","https://search.clinicalgenome.org/kb/gene-dosage/HGNC:6701","2016-08-22T17:50:06+00:00"
"LRPPRC","HGNC:15714","chr2:44113363-44223128","chr2:43886224-43996265","Gene Associated with Autosomal Recessive Phenotype","No Evidence for Triplosensitivity","https://search.clinicalgenome.org/kb/gene-dosage/HGNC:15714","2017-03-20T23:21:54+00:00"
"LSS","HGNC:6708","chr21:47608360-47648688","chr21:46188446-46228774","No Evidence for Haploinsufficiency","No Evidence for Triplosensitivity","https://search.clinicalgenome.org/kb/gene-dosage/HGNC:6708","2012-09-06T18:41:36+00:00"
"LYRM7","HGNC:28072","chr5:130506637-130541121","chr5:131170944-131205428","Gene Associated with Autosomal Recessive Phenotype","No Evidence for Triplosensitivity","https://search.clinicalgenome.org/kb/gene-dosage/HGNC:28072","2016-08-22T17:50:08+00:00"
"LYST","HGNC:1968","chr1:235824331-236047013","chr1:235661031-235883713","Gene Associated with Autosomal Recessive Phenotype","No Evidence for Triplosensitivity","https://search.clinicalgenome.org/kb/gene-dosage/HGNC:1968","2016-08-22T17:50:09+00:00"
"MAD2L2","HGNC:6764","chr1:11734537-11751616","chr1:11674480-11691830","No Evidence for Haploinsufficiency","No Evidence for Triplosensitivity","https://search.clinicalgenome.org/kb/gene-dosage/HGNC:6764","2023-10-20T14:48:40+00:00"
"MAFB","HGNC:6408","chr20:39314488-39317876","chr20:40685848-40689236","No Evidence for Haploinsufficiency","No Evidence for Triplosensitivity","https://search.clinicalgenome.org/kb/gene-dosage/HGNC:6408","2015-05-21T13:14:22+00:00"
"MAGEL2","HGNC:6814","chr15:23888696-23893014","chr15:23643549-23647867","Little Evidence for Haploinsufficiency","No Evidence for Triplosensitivity","https://search.clinicalgenome.org/kb/gene-dosage/HGNC:6814","2025-10-22T16:38:49+00:00"
"MAGT1","HGNC:28880","chrX:77081244-77151065","chrX:77825747-77895568","Sufficient Evidence for Haploinsufficiency","No Evidence for Triplosensitivity","https://search.clinicalgenome.org/kb/gene-dosage/HGNC:28880","2021-09-22T16:23:04+00:00"
"MALT1","HGNC:6819","chr18:56338697-56421709","chr18:58671465-58754477","Gene Associated with Autosomal Recessive Phenotype","No Evidence for Triplosensitivity","https://search.clinicalgenome.org/kb/gene-dosage/HGNC:6819","2016-08-22T17:50:09+00:00"
"MAN2B1","HGNC:6826","chr19:12757326-12777556","chr19:12646512-12666742","Gene Associated with Autosomal Recessive Phenotype","No Evidence for Triplosensitivity","https://search.clinicalgenome.org/kb/gene-dosage/HGNC:6826","2016-08-22T17:50:10+00:00"
"MAOA","HGNC:6833","chrX:43514254-43606064","chrX:43655006-43746817","Sufficient Evidence for Haploinsufficiency","No Evidence for Triplosensitivity","https://search.clinicalgenome.org/kb/gene-dosage/HGNC:6833","2026-03-31T18:37:36+00:00"
"MAP2K1","HGNC:6840","chr15:66679250-66783882","chr15:66386912-66491544","No Evidence for Haploinsufficiency","No Evidence for Triplosensitivity","https://search.clinicalgenome.org/kb/gene-dosage/HGNC:6840","2015-10-13T20:26:57+00:00"
"MAP2K2","HGNC:6842","chr19:4090319-4124119","chr19:4090321-4124122","Little Evidence for Haploinsufficiency","No Evidence for Triplosensitivity","https://search.clinicalgenome.org/kb/gene-dosage/HGNC:6842","2015-05-27T22:47:25+00:00"
"MAP3K1","HGNC:6848","chr5:56111376-56191979","chr5:56815549-56896152","No Evidence for Haploinsufficiency","No Evidence for Triplosensitivity","https://search.clinicalgenome.org/kb/gene-dosage/HGNC:6848","2013-08-22T20:00:49+00:00"
"MAPKBP1","HGNC:29536","chr15:42066682-42120053","chr15:41774484-41827855","Gene Associated with Autosomal Recessive Phenotype","No Evidence for Triplosensitivity","https://search.clinicalgenome.org/kb/gene-dosage/HGNC:29536","2025-06-26T14:21:21+00:00"
"MAPT","HGNC:6893","chr17:43971920-44105700","chr17:45894554-46028334","No Evidence for Haploinsufficiency","No Evidence for Triplosensitivity","https://search.clinicalgenome.org/kb/gene-dosage/HGNC:6893","2012-05-08T07:31:13+00:00"
"MARVELD2","HGNC:26401","chr5:68710943-68740157","chr5:69415116-69444330","Gene Associated with Autosomal Recessive Phenotype","No Evidence for Triplosensitivity","https://search.clinicalgenome.org/kb/gene-dosage/HGNC:26401","2016-08-22T17:50:11+00:00"
"MASP2","HGNC:6902","chr1:11086580-11107296","chr1:11026523-11047239","Gene Associated with Autosomal Recessive Phenotype","Not yet evaluated","https://search.clinicalgenome.org/kb/gene-dosage/HGNC:6902","2016-08-22T17:50:12+00:00"
"MATN3","HGNC:6909","chr2:20191813-20212429","chr2:19992052-20012668","No Evidence for Haploinsufficiency","No Evidence for Triplosensitivity","https://search.clinicalgenome.org/kb/gene-dosage/HGNC:6909","2014-03-12T13:22:25+00:00"
"MAX","HGNC:6913","chr14:65472819-65569413","chr14:65006101-65102695","Sufficient Evidence for Haploinsufficiency","No Evidence for Triplosensitivity","https://search.clinicalgenome.org/kb/gene-dosage/HGNC:6913","2021-07-20T16:41:37+00:00"
"MBD5","HGNC:20444","chr2:148778580-149274540","chr2:148020927-148516971","Sufficient Evidence for Haploinsufficiency","No Evidence for Triplosensitivity","https://search.clinicalgenome.org/kb/gene-dosage/HGNC:20444","2025-08-29T19:56:13+00:00"
"MC2R","HGNC:6930","chr18:13882043-13915706","chr18:13882044-13915707","Gene Associated with Autosomal Recessive Phenotype","Not yet evaluated","https://search.clinicalgenome.org/kb/gene-dosage/HGNC:6930","2016-08-22T17:50:13+00:00"
"MCCC1","HGNC:6936","chr3:182733006-182817375","chr3:183015218-183116196","Gene Associated with Autosomal Recessive Phenotype","No Evidence for Triplosensitivity","https://search.clinicalgenome.org/kb/gene-dosage/HGNC:6936","2016-08-22T17:50:14+00:00"
"MCEE","HGNC:16732","chr2:71336817-71357359","chr2:71109687-71130229","Gene Associated with Autosomal Recessive Phenotype","No Evidence for Triplosensitivity","https://search.clinicalgenome.org/kb/gene-dosage/HGNC:16732","2015-03-25T14:32:03+00:00"
"MCFD2","HGNC:18451","chr2:47129009-47168994","chr2:46901870-46941855","Gene Associated with Autosomal Recessive Phenotype","No Evidence for Triplosensitivity","https://search.clinicalgenome.org/kb/gene-dosage/HGNC:18451","2016-08-22T17:50:15+00:00"
"MCPH1","HGNC:6954","chr8:6264148-6506029","chr8:6406627-6648508","Gene Associated with Autosomal Recessive Phenotype","Not yet evaluated","https://search.clinicalgenome.org/kb/gene-dosage/HGNC:6954","2016-08-22T17:50:15+00:00"
"MECP2","HGNC:6990","chrX:153287024-153363174","chrX:154021573-154097717","Sufficient Evidence for Haploinsufficiency","No Evidence for Triplosensitivity","https://search.clinicalgenome.org/kb/gene-dosage/HGNC:6990","2021-02-22T17:50:36+00:00"
"MED12","HGNC:11957","chrX:70338446-70362300","chrX:71118596-71142450","Sufficient Evidence for Haploinsufficiency","No Evidence for Triplosensitivity","https://search.clinicalgenome.org/kb/gene-dosage/HGNC:11957","2026-04-14T16:21:28+00:00"
"MED13L","HGNC:22962","chr12:116396381-116715498","chr12:115958576-116277693","Sufficient Evidence for Haploinsufficiency","No Evidence for Triplosensitivity","https://search.clinicalgenome.org/kb/gene-dosage/HGNC:22962","2023-08-08T16:24:06+00:00"
"MEF2C","HGNC:6996","chr5:88012934-88199922","chr5:88717117-88904105","Sufficient Evidence for Haploinsufficiency","Little Evidence for Triplosensitivity","https://search.clinicalgenome.org/kb/gene-dosage/HGNC:6996","2020-02-26T17:33:14+00:00"
"MEFV","HGNC:6998","chr16:3292027-3306633","chr16:3242027-3256633","No Evidence for Haploinsufficiency","No Evidence for Triplosensitivity","https://search.clinicalgenome.org/kb/gene-dosage/HGNC:6998","2018-08-16T23:50:34+00:00"
"MEG3","HGNC:14575","chr14:101292445-101327363","chr14:100826108-100861026","Little Evidence for Haploinsufficiency","No Evidence for Triplosensitivity","https://search.clinicalgenome.org/kb/gene-dosage/HGNC:14575","2024-09-12T19:51:02+00:00"
"MEIS2","HGNC:7001","chr15:37181405-37393512","chr15:36889204-37101311","Sufficient Evidence for Haploinsufficiency","No Evidence for Triplosensitivity","https://search.clinicalgenome.org/kb/gene-dosage/HGNC:7001","2021-09-14T16:47:18+00:00"
"MEN1","HGNC:7010","chr11:64570986-64578766","chr11:64803516-64811294","Sufficient Evidence for Haploinsufficiency","No Evidence for Triplosensitivity","https://search.clinicalgenome.org/kb/gene-dosage/HGNC:7010","2022-01-12T17:39:34+00:00"
"MEST","HGNC:7028","chr7:130126016-130146306","chr7:130486175-130506465","No Evidence for Haploinsufficiency","No Evidence for Triplosensitivity","https://search.clinicalgenome.org/kb/gene-dosage/HGNC:7028","2012-04-04T18:50:50+00:00"
"MET","HGNC:7029","chr7:116312250-116438431","chr7:116672196-116798377","No Evidence for Haploinsufficiency","No Evidence for Triplosensitivity","https://search.clinicalgenome.org/kb/gene-dosage/HGNC:7029","2012-09-06T19:43:27+00:00"
"METTL23","HGNC:26988","chr17:74722123-74729963","chr17:76726041-76733881","Gene Associated with Autosomal Recessive Phenotype","No Evidence for Triplosensitivity","https://search.clinicalgenome.org/kb/gene-dosage/HGNC:26988","2016-08-22T17:50:16+00:00"
"MFHAS1","HGNC:16982","chr8:8640864-8751140","chr8:8783354-8893630","No Evidence for Haploinsufficiency","No Evidence for Triplosensitivity","https://search.clinicalgenome.org/kb/gene-dosage/HGNC:16982","2012-02-08T20:52:27+00:00"
"MFN2","HGNC:16877","chr1:12040501-12073565","chr1:11980444-12013508","No Evidence for Haploinsufficiency","No Evidence for Triplosensitivity","https://search.clinicalgenome.org/kb/gene-dosage/HGNC:16877","2017-02-02T14:59:08+00:00"
"MFRP","HGNC:18121","chr11:119209652-119217415","chr11:119338942-119346705","Gene Associated with Autosomal Recessive Phenotype","No Evidence for Triplosensitivity","https://search.clinicalgenome.org/kb/gene-dosage/HGNC:18121","2016-08-22T17:50:17+00:00"
"MFSD8","HGNC:28486","chr4:128838887-128887118","chr4:127917732-127965963","Gene Associated with Autosomal Recessive Phenotype","No Evidence for Triplosensitivity","https://search.clinicalgenome.org/kb/gene-dosage/HGNC:28486","2016-08-22T17:50:18+00:00"
"MGP","HGNC:7060","chr12:15033798-15038788","chr12:14880864-14885854","Gene Associated with Autosomal Recessive Phenotype","No Evidence for Triplosensitivity","https://search.clinicalgenome.org/kb/gene-dosage/HGNC:7060","2021-02-08T18:21:30+00:00"
"MID1","HGNC:7095","chrX:10413350-10851802","chrX:10445310-10833683","Sufficient Evidence for Haploinsufficiency","No Evidence for Triplosensitivity","https://search.clinicalgenome.org/kb/gene-dosage/HGNC:7095","2021-08-23T15:48:58+00:00"
"MID2","HGNC:7096","chrX:107068965-107174867","chrX:107825735-107931637","No Evidence for Haploinsufficiency","No Evidence for Triplosensitivity","https://search.clinicalgenome.org/kb/gene-dosage/HGNC:7096","2012-07-25T14:31:09+00:00"
"MITF","HGNC:7105","chr3:69788615-70017483","chr3:69739464-69968332","Sufficient Evidence for Haploinsufficiency","No Evidence for Triplosensitivity","https://search.clinicalgenome.org/kb/gene-dosage/HGNC:7105","2021-04-13T16:15:04+00:00"
"MKKS","HGNC:7108","chr20:10381657-10414870","chr20:10401009-10434222","Gene Associated with Autosomal Recessive Phenotype","Not yet evaluated","https://search.clinicalgenome.org/kb/gene-dosage/HGNC:7108","2016-08-22T17:50:19+00:00"
"MKRN3","HGNC:7114","chr15:23810821-23813191","chr15:23565674-23568044","No Evidence for Haploinsufficiency","No Evidence for Triplosensitivity","https://search.clinicalgenome.org/kb/gene-dosage/HGNC:7114","2012-04-25T01:46:53+00:00"
"MKS1","HGNC:7121","chr17:56282797-56296966","chr17:58205441-58219255","Gene Associated with Autosomal Recessive Phenotype","No Evidence for Triplosensitivity","https://search.clinicalgenome.org/kb/gene-dosage/HGNC:7121","2016-08-22T17:50:20+00:00"
"MLC1","HGNC:17082","chr22:50497820-50524304","chr22:50059391-50085875","Gene Associated with Autosomal Recessive Phenotype","Not yet evaluated","https://search.clinicalgenome.org/kb/gene-dosage/HGNC:17082","2016-08-22T17:50:21+00:00"
"MLH1","HGNC:7127","chr3:37035009-37092337","chr3:36993466-37050846","Sufficient Evidence for Haploinsufficiency","No Evidence for Triplosensitivity","https://search.clinicalgenome.org/kb/gene-dosage/HGNC:7127","2021-10-13T18:22:36+00:00"
"MLPH","HGNC:29643","chr2:238395053-238463965","chr2:237486410-237555322","Gene Associated with Autosomal Recessive Phenotype","Not yet evaluated","https://search.clinicalgenome.org/kb/gene-dosage/HGNC:29643","2016-08-22T17:50:21+00:00"
"MLYCD","HGNC:7150","chr16:83932720-83960636","chr16:83899115-83927031","Gene Associated with Autosomal Recessive Phenotype","No Evidence for Triplosensitivity","https://search.clinicalgenome.org/kb/gene-dosage/HGNC:7150","2016-08-22T17:50:22+00:00"
"MMAA","HGNC:18871","chr4:146540537-146581185","chr4:145619385-145660033","Gene Associated with Autosomal Recessive Phenotype","No Evidence for Triplosensitivity","https://search.clinicalgenome.org/kb/gene-dosage/HGNC:18871","2016-08-22T17:56:54+00:00"
"MMAB","HGNC:19331","chr12:109991520-110011309","chr12:109553715-109573504","Gene Associated with Autosomal Recessive Phenotype","No Evidence for Triplosensitivity","https://search.clinicalgenome.org/kb/gene-dosage/HGNC:19331","2017-06-30T17:12:15+00:00"
"MMACHC","HGNC:24525","chr1:45965972-45979054","chr1:45500300-45513382","Gene Associated with Autosomal Recessive Phenotype","Not yet evaluated","https://search.clinicalgenome.org/kb/gene-dosage/HGNC:24525","2016-08-22T17:50:23+00:00"
"MMADHC","HGNC:25221","chr2:150426151-150444289","chr2:149569637-149587775","Gene Associated with Autosomal Recessive Phenotype","No Evidence for Triplosensitivity","https://search.clinicalgenome.org/kb/gene-dosage/HGNC:25221","2016-07-21T21:00:45+00:00"
"MMUT","HGNC:7526","chr6:49398073-49430966","chr6:49430360-49463253","Gene Associated with Autosomal Recessive Phenotype","No Evidence for Triplosensitivity","https://search.clinicalgenome.org/kb/gene-dosage/HGNC:7526","2016-08-25T21:41:16+00:00"
"MNX1","HGNC:4979","chr7:156797548-156803357","chr7:157004854-157010663","Sufficient Evidence for Haploinsufficiency","No Evidence for Triplosensitivity","https://search.clinicalgenome.org/kb/gene-dosage/HGNC:4979","2012-10-04T19:05:41+00:00"
"MOCS2","HGNC:7193","chr5:52391509-52405587","chr5:53095679-53109757","Gene Associated with Autosomal Recessive Phenotype","No Evidence for Triplosensitivity","https://search.clinicalgenome.org/kb/gene-dosage/HGNC:7193","2016-08-22T17:50:24+00:00"
"MOV10","HGNC:7200","chr1:113216934-113243368","chr1:112674439-112700739","No Evidence for Haploinsufficiency","No Evidence for Triplosensitivity","https://search.clinicalgenome.org/kb/gene-dosage/HGNC:7200","2019-03-12T17:54:50+00:00"
"MPDZ","HGNC:7208","chr9:13105706-13279691","chr9:13105707-13279692","Gene Associated with Autosomal Recessive Phenotype","No Evidence for Triplosensitivity","https://search.clinicalgenome.org/kb/gene-dosage/HGNC:7208","2016-08-22T17:50:25+00:00"
"MPLKIP","HGNC:16002","chr7:40165626-40174221","chr7:40126027-40134622","Gene Associated with Autosomal Recessive Phenotype","Not yet evaluated","https://search.clinicalgenome.org/kb/gene-dosage/HGNC:16002","2016-08-22T17:50:25+00:00"
"MRE11","HGNC:7230","chr11:94148736-94227010","chr11:94415570-94512412","Gene Associated with Autosomal Recessive Phenotype","No Evidence for Triplosensitivity","https://search.clinicalgenome.org/kb/gene-dosage/HGNC:7230","2023-12-19T14:45:21+00:00"
"MSH2","HGNC:7325","chr2:47630206-47710367","chr2:47403067-47709830","Sufficient Evidence for Haploinsufficiency","No Evidence for Triplosensitivity","https://search.clinicalgenome.org/kb/gene-dosage/HGNC:7325","2021-10-13T18:24:26+00:00"
"MSH3","HGNC:7326","chr5:79950471-80172634","chr5:80654652-80876815","Gene Associated with Autosomal Recessive Phenotype","No Evidence for Triplosensitivity","https://search.clinicalgenome.org/kb/gene-dosage/HGNC:7326","2020-05-08T22:02:56+00:00"
"MSH6","HGNC:7329","chr2:48010284-48034092","chr2:47783145-47810101","Sufficient Evidence for Haploinsufficiency","No Evidence for Triplosensitivity","https://search.clinicalgenome.org/kb/gene-dosage/HGNC:7329","2021-10-13T16:40:38+00:00"
"MSL3","HGNC:7370","chrX:11776278-11793891","chrX:11758159-11775772","Sufficient Evidence for Haploinsufficiency","No Evidence for Triplosensitivity","https://search.clinicalgenome.org/kb/gene-dosage/HGNC:7370","2023-08-23T16:27:00+00:00"
"MSRB3","HGNC:27375","chr12:65672463-65860687","chr12:65278683-65466907","Gene Associated with Autosomal Recessive Phenotype","No Evidence for Triplosensitivity","https://search.clinicalgenome.org/kb/gene-dosage/HGNC:27375","2021-08-23T16:01:08+00:00"
"MSX1","HGNC:7391","chr4:4861392-4865663","chr4:4859665-4863936","Sufficient Evidence for Haploinsufficiency","No Evidence for Triplosensitivity","https://search.clinicalgenome.org/kb/gene-dosage/HGNC:7391","2021-01-12T17:12:44+00:00"
"MSX2","HGNC:7392","chr5:174151585-174157899","chr5:174724582-174730896","Little Evidence for Haploinsufficiency","No Evidence for Triplosensitivity","https://search.clinicalgenome.org/kb/gene-dosage/HGNC:7392","2023-06-28T16:10:14+00:00"
"MTAP","HGNC:7413","chr9:21802635-21867080","chr9:21802636-21941115","Little Evidence for Haploinsufficiency","No Evidence for Triplosensitivity","https://search.clinicalgenome.org/kb/gene-dosage/HGNC:7413","2022-10-12T17:00:57+00:00"
"MTFMT","HGNC:29666","chr15:65293850-65321977","chr15:65001512-65029639","Gene Associated with Autosomal Recessive Phenotype","No Evidence for Triplosensitivity","https://search.clinicalgenome.org/kb/gene-dosage/HGNC:29666","2016-08-22T17:50:26+00:00"
"MTHFR","HGNC:7436","chr1:11845780-11866021","chr1:11785723-11805964","Gene Associated with Autosomal Recessive Phenotype","Not yet evaluated","https://search.clinicalgenome.org/kb/gene-dosage/HGNC:7436","2016-08-22T17:50:27+00:00"
"MTM1","HGNC:7448","chrX:149737071-149841616","chrX:150562653-150673143","Sufficient Evidence for Haploinsufficiency","No Evidence for Triplosensitivity","https://search.clinicalgenome.org/kb/gene-dosage/HGNC:7448","2021-01-11T21:11:12+00:00"
"MTMR2","HGNC:7450","chr11:95566044-95657271","chr11:95832880-95924107","Gene Associated with Autosomal Recessive Phenotype","Not yet evaluated","https://search.clinicalgenome.org/kb/gene-dosage/HGNC:7450","2016-08-22T17:50:27+00:00"
"MTO1","HGNC:19261","chr6:74171460-74218959","chr6:73461737-73509236","Gene Associated with Autosomal Recessive Phenotype","No Evidence for Triplosensitivity","https://search.clinicalgenome.org/kb/gene-dosage/HGNC:19261","2016-08-22T17:50:28+00:00"
"MTR","HGNC:7468","chr1:236958581-237067281","chr1:236795281-236903981","Gene Associated with Autosomal Recessive Phenotype","No Evidence for Triplosensitivity","https://search.clinicalgenome.org/kb/gene-dosage/HGNC:7468","2016-08-22T17:50:29+00:00"
"MTRR","HGNC:7473","chr5:7869261-7901226","chr5:7850859-7901113","Gene Associated with Autosomal Recessive Phenotype","No Evidence for Triplosensitivity","https://search.clinicalgenome.org/kb/gene-dosage/HGNC:7473","2016-08-22T17:50:30+00:00"
"MTTP","HGNC:7467","chr4:100485287-100545154","chr4:99564130-99623997","Gene Associated with Autosomal Recessive Phenotype","No Evidence for Triplosensitivity","https://search.clinicalgenome.org/kb/gene-dosage/HGNC:7467","2016-08-22T17:50:31+00:00"
"MTX2","HGNC:7506","chr2:177134170-177202753","chr2:176269442-176338025","Gene Associated with Autosomal Recessive Phenotype","No Evidence for Triplosensitivity","https://search.clinicalgenome.org/kb/gene-dosage/HGNC:7506","2026-06-25T18:01:41+00:00"
"MUTYH","HGNC:7527","chr1:45794914-45806112","chr1:45329242-45340440","Gene Associated with Autosomal Recessive Phenotype","No Evidence for Triplosensitivity","https://search.clinicalgenome.org/kb/gene-dosage/HGNC:7527","2015-11-11T17:23:11+00:00"
"MYBPC3","HGNC:7551","chr11:47352957-47374253","chr11:47331406-47352702","Sufficient Evidence for Haploinsufficiency","No Evidence for Triplosensitivity","https://search.clinicalgenome.org/kb/gene-dosage/HGNC:7551","2023-01-10T17:17:15+00:00"
"MYCN","HGNC:7559","chr2:16080672-16087126","chr2:15940550-15947004","Sufficient Evidence for Haploinsufficiency","No Evidence for Triplosensitivity","https://search.clinicalgenome.org/kb/gene-dosage/HGNC:7559","2017-07-12T21:09:52+00:00"
"MYH10","HGNC:7568","chr17:8377530-8534043","chr17:8474212-8630725","Little Evidence for Haploinsufficiency","No Evidence for Triplosensitivity","https://search.clinicalgenome.org/kb/gene-dosage/HGNC:7568","2019-01-23T17:36:30+00:00"
"MYH11","HGNC:7569","chr16:15796992-15950885","chr16:15703135-15857028","No Evidence for Haploinsufficiency","No Evidence for Triplosensitivity","https://search.clinicalgenome.org/kb/gene-dosage/HGNC:7569","2024-09-25T18:46:31+00:00"
"MYH14","HGNC:23212","chr19:50706879-50813797","chr19:50203622-50310540","Little Evidence for Haploinsufficiency","No Evidence for Triplosensitivity","https://search.clinicalgenome.org/kb/gene-dosage/HGNC:23212","2026-06-26T14:16:16+00:00"
"MYH7","HGNC:7577","chr14:23881949-23904869","chr14:23412740-23435660","No Evidence for Haploinsufficiency","No Evidence for Triplosensitivity","https://search.clinicalgenome.org/kb/gene-dosage/HGNC:7577","2015-11-16T02:00:43+00:00"
"MYH9","HGNC:7579","chr22:36677326-36784012","chr22:36281280-36387967","Little Evidence for Haploinsufficiency","No Evidence for Triplosensitivity","https://search.clinicalgenome.org/kb/gene-dosage/HGNC:7579","2024-09-04T19:47:17+00:00"
"MYL2","HGNC:7583","chr12:111348649-111358383","chr12:110910845-110921449","Gene Associated with Autosomal Recessive Phenotype","No Evidence for Triplosensitivity","https://search.clinicalgenome.org/kb/gene-dosage/HGNC:7583","2026-07-02T20:45:09+00:00"
"MYL3","HGNC:7584","chr3:46899362-46904934","chr3:46857872-46882182","No Evidence for Haploinsufficiency","No Evidence for Triplosensitivity","https://search.clinicalgenome.org/kb/gene-dosage/HGNC:7584","2015-11-18T20:47:37+00:00"
"MYLK","HGNC:7590","chr3:123328896-123603179","chr3:123610049-123884332","Sufficient Evidence for Haploinsufficiency","No Evidence for Triplosensitivity","https://search.clinicalgenome.org/kb/gene-dosage/HGNC:7590","2026-05-12T16:23:06+00:00"
"MYO15A","HGNC:7594","chr17:18012070-18083114","chr17:18108756-18179800","Gene Associated with Autosomal Recessive Phenotype","Not yet evaluated","https://search.clinicalgenome.org/kb/gene-dosage/HGNC:7594","2016-08-22T17:50:32+00:00"
"MYO1E","HGNC:7599","chr15:59424633-59665070","chr15:59132434-59372871","Gene Associated with Autosomal Recessive Phenotype","No Evidence for Triplosensitivity","https://search.clinicalgenome.org/kb/gene-dosage/HGNC:7599","2016-08-22T17:50:32+00:00"
"MYO3A","HGNC:7601","chr10:26223158-26501461","chr10:25934229-26212532","Gene Associated with Autosomal Recessive Phenotype","No Evidence for Triplosensitivity","https://search.clinicalgenome.org/kb/gene-dosage/HGNC:7601","2018-03-06T21:52:11+00:00"
"MYO5A","HGNC:7602","chr15:52599480-52821247","chr15:52307283-52529050","Gene Associated with Autosomal Recessive Phenotype","No Evidence for Triplosensitivity","https://search.clinicalgenome.org/kb/gene-dosage/HGNC:7602","2016-08-22T17:50:33+00:00"
"MYO5B","HGNC:7603","chr18:47349159-47721517","chr18:49822789-50195147","Gene Associated with Autosomal Recessive Phenotype","No Evidence for Triplosensitivity","https://search.clinicalgenome.org/kb/gene-dosage/HGNC:7603","2015-04-09T03:17:07+00:00"
"MYSM1","HGNC:29401","chr1:59120415-59165734","chr1:58654743-58700062","Gene Associated with Autosomal Recessive Phenotype","No Evidence for Triplosensitivity","https://search.clinicalgenome.org/kb/gene-dosage/HGNC:29401","2025-05-30T14:45:07+00:00"
"MYT1L","HGNC:7623","chr2:1792885-2335047","chr2:1789113-2331275","Sufficient Evidence for Haploinsufficiency","No Evidence for Triplosensitivity","https://search.clinicalgenome.org/kb/gene-dosage/HGNC:7623","2017-03-09T19:58:56+00:00"
"NAA10","HGNC:18704","chrX:153194678-153200490","chrX:153929225-153935037","Little Evidence for Haploinsufficiency","No Evidence for Triplosensitivity","https://search.clinicalgenome.org/kb/gene-dosage/HGNC:18704","2022-08-09T16:11:40+00:00"
"NAA15","HGNC:30782","chr4:140222659-140312538","chr4:139301505-139391384","Sufficient Evidence for Haploinsufficiency","No Evidence for Triplosensitivity","https://search.clinicalgenome.org/kb/gene-dosage/HGNC:30782","2021-04-13T16:31:54+00:00"
"NAALADL2","HGNC:23219","chr3:174577124-175528336","chr3:174440982-175810548","No Evidence for Haploinsufficiency","No Evidence for Triplosensitivity","https://search.clinicalgenome.org/kb/gene-dosage/HGNC:23219","2016-01-07T17:38:02+00:00"
"NAF1","HGNC:25126","chr4:164047860-164088042","chr4:163103929-163166890","Little Evidence for Haploinsufficiency","No Evidence for Triplosensitivity","https://search.clinicalgenome.org/kb/gene-dosage/HGNC:25126","2024-08-20T10:38:57+00:00"
"NBAS","HGNC:15625","chr2:15307040-15701458","chr2:14778909-15561334","Gene Associated with Autosomal Recessive Phenotype","Not yet evaluated","https://search.clinicalgenome.org/kb/gene-dosage/HGNC:15625","2016-08-22T17:50:35+00:00"
"NBEA","HGNC:7648","chr13:35516407-36246873","chr13:34942270-35672736","Sufficient Evidence for Haploinsufficiency","No Evidence for Triplosensitivity","https://search.clinicalgenome.org/kb/gene-dosage/HGNC:7648","2019-06-26T16:59:21+00:00"
"NBN","HGNC:7652","chr8:90945559-90996895","chr8:89933331-89984667","Gene Associated with Autosomal Recessive Phenotype","No Evidence for Triplosensitivity","https://search.clinicalgenome.org/kb/gene-dosage/HGNC:7652","2024-04-10T16:18:49+00:00"
"NCF1","HGNC:7660","chr7:74188309-74203720","chr7:74774011-74789315","Gene Associated with Autosomal Recessive Phenotype","No Evidence for Triplosensitivity","https://search.clinicalgenome.org/kb/gene-dosage/HGNC:7660","2012-10-10T14:09:03+00:00"
"NCF2","HGNC:7661","chr1:183524697-183560049","chr1:183555562-183601849","Gene Associated with Autosomal Recessive Phenotype","No Evidence for Triplosensitivity","https://search.clinicalgenome.org/kb/gene-dosage/HGNC:7661","2016-08-22T17:50:35+00:00"
"NCF4","HGNC:7662","chr22:37257048-37274057","chr22:36861006-36878015","Gene Associated with Autosomal Recessive Phenotype","Not yet evaluated","https://search.clinicalgenome.org/kb/gene-dosage/HGNC:7662","2016-08-22T17:50:36+00:00"
"NCKAP1","HGNC:7666","chr2:183773843-183903185","chr2:182909115-183038457","Sufficient Evidence for Haploinsufficiency","No Evidence for Triplosensitivity","https://search.clinicalgenome.org/kb/gene-dosage/HGNC:7666","2017-12-27T18:11:26+00:00"
"NDE1","HGNC:17619","chr16:15737239-15820210","chr16:15643382-15726353","Gene Associated with Autosomal Recessive Phenotype","No Evidence for Triplosensitivity","https://search.clinicalgenome.org/kb/gene-dosage/HGNC:17619","2016-04-29T17:08:43+00:00"
"NDN","HGNC:7675","chr15:23930547-23932452","chr15:23685400-23687305","No Evidence for Haploinsufficiency","No Evidence for Triplosensitivity","https://search.clinicalgenome.org/kb/gene-dosage/HGNC:7675","2012-04-27T03:57:36+00:00"
"NDP","HGNC:7678","chrX:43808022-43832636","chrX:43948776-43973390","Sufficient Evidence for Haploinsufficiency","No Evidence for Triplosensitivity","https://search.clinicalgenome.org/kb/gene-dosage/HGNC:7678","2012-06-14T19:05:29+00:00"
"NDRG1","HGNC:7679","chr8:134249418-134309495","chr8:133237175-133297252","Gene Associated with Autosomal Recessive Phenotype","Not yet evaluated","https://search.clinicalgenome.org/kb/gene-dosage/HGNC:7679","2016-08-22T17:50:37+00:00"
"NDUFA1","HGNC:7683","chrX:119005795-119010625","chrX:119871832-119876662","No Evidence for Haploinsufficiency","No Evidence for Triplosensitivity","https://search.clinicalgenome.org/kb/gene-dosage/HGNC:7683","2012-07-25T14:34:36+00:00"
"NDUFA10","HGNC:7684","chr2:240831859-240964759","chr2:239892442-240025342","Gene Associated with Autosomal Recessive Phenotype","No Evidence for Triplosensitivity","https://search.clinicalgenome.org/kb/gene-dosage/HGNC:7684","2016-08-22T17:50:38+00:00"
"NDUFAF1","HGNC:18828","chr15:41679551-41694694","chr15:41387353-41403026","Gene Associated with Autosomal Recessive Phenotype","No Evidence for Triplosensitivity","https://search.clinicalgenome.org/kb/gene-dosage/HGNC:18828","2016-08-22T17:50:39+00:00"
"NDUFAF2","HGNC:28086","chr5:60241032-60448853","chr5:60945205-61153026","Gene Associated with Autosomal Recessive Phenotype","No Evidence for Triplosensitivity","https://search.clinicalgenome.org/kb/gene-dosage/HGNC:28086","2016-08-22T17:50:40+00:00"
"NDUFAF5","HGNC:15899","chr20:13765674-13802226","chr20:13785028-13821580","Gene Associated with Autosomal Recessive Phenotype","No Evidence for Triplosensitivity","https://search.clinicalgenome.org/kb/gene-dosage/HGNC:15899","2016-08-22T17:50:41+00:00"
"NDUFB3","HGNC:7698","chr2:201936724-201950473","chr2:201072001-201085750","Gene Associated with Autosomal Recessive Phenotype","Not yet evaluated","https://search.clinicalgenome.org/kb/gene-dosage/HGNC:7698","2016-08-22T17:50:41+00:00"
"NDUFS4","HGNC:7711","chr5:52856469-52979168","chr5:53560639-53683338","Gene Associated with Autosomal Recessive Phenotype","Not yet evaluated","https://search.clinicalgenome.org/kb/gene-dosage/HGNC:7711","2016-08-22T17:50:42+00:00"
"NDUFS6","HGNC:7713","chr5:1801521-1816162","chr5:1801407-1816048","Gene Associated with Autosomal Recessive Phenotype","No Evidence for Triplosensitivity","https://search.clinicalgenome.org/kb/gene-dosage/HGNC:7713","2016-08-22T17:50:43+00:00"
"NDUFS7","HGNC:7714","chr19:1383906-1395583","chr19:1383907-1395584","Gene Associated with Autosomal Recessive Phenotype","No Evidence for Triplosensitivity","https://search.clinicalgenome.org/kb/gene-dosage/HGNC:7714","2016-08-22T17:50:44+00:00"
"NDUFS8","HGNC:7715","chr11:67798148-67804111","chr11:68030681-68036644","Gene Associated with Autosomal Recessive Phenotype","No Evidence for Triplosensitivity","https://search.clinicalgenome.org/kb/gene-dosage/HGNC:7715","2016-08-22T17:50:44+00:00"
"NDUFV1","HGNC:7716","chr11:67374407-67380025","chr11:67606936-67612554","Gene Associated with Autosomal Recessive Phenotype","No Evidence for Triplosensitivity","https://search.clinicalgenome.org/kb/gene-dosage/HGNC:7716","2012-03-22T18:36:39+00:00"
"NDUFV2","HGNC:7717","chr18:9102697-9134339","chr18:9102699-9134341","Gene Associated with Autosomal Recessive Phenotype","No Evidence for Triplosensitivity","https://search.clinicalgenome.org/kb/gene-dosage/HGNC:7717","2016-08-22T17:50:45+00:00"
"NEBL","HGNC:16932","chr10:21068902-21581979","chr10:20779973-21293050","No Evidence for Haploinsufficiency","No Evidence for Triplosensitivity","https://search.clinicalgenome.org/kb/gene-dosage/HGNC:16932","2011-12-21T15:14:43+00:00"
"NEDD9","HGNC:7733","chr6:11183531-11382581","chr6:11183298-11382348","Little Evidence for Haploinsufficiency","No Evidence for Triplosensitivity","https://search.clinicalgenome.org/kb/gene-dosage/HGNC:7733","2019-02-27T17:19:10+00:00"
"NEFH","HGNC:7737","chr22:29876207-29887379","chr22:29480218-29491390","No Evidence for Haploinsufficiency","No Evidence for Triplosensitivity","https://search.clinicalgenome.org/kb/gene-dosage/HGNC:7737","2025-07-08T16:32:59+00:00"
"NEFL","HGNC:7739","chr8:24808468-24814126","chr8:24950955-24956612","No Evidence for Haploinsufficiency","No Evidence for Triplosensitivity","https://search.clinicalgenome.org/kb/gene-dosage/HGNC:7739","2018-09-17T19:20:30+00:00"
"NEK1","HGNC:7744","chr4:170313960-170533734","chr4:169392809-169612583","Gene Associated with Autosomal Recessive Phenotype","No Evidence for Triplosensitivity","https://search.clinicalgenome.org/kb/gene-dosage/HGNC:7744","2013-08-01T16:42:40+00:00"
"NELFA","HGNC:12768","chr4:1984450-2010701","chr4:1982723-2008974","No Evidence for Haploinsufficiency","No Evidence for Triplosensitivity","https://search.clinicalgenome.org/kb/gene-dosage/HGNC:12768","2012-09-06T16:57:44+00:00"
"NEXMIF","HGNC:29433","chrX:73952691-74145287","chrX:74732856-74925452","Sufficient Evidence for Haploinsufficiency","No Evidence for Triplosensitivity","https://search.clinicalgenome.org/kb/gene-dosage/HGNC:29433","2019-06-26T16:41:14+00:00"
"NF1","HGNC:7765","chr17:29421945-29704695","chr17:31094927-31377677","Sufficient Evidence for Haploinsufficiency","No Evidence for Triplosensitivity","https://search.clinicalgenome.org/kb/gene-dosage/HGNC:7765","2023-02-12T05:32:18+00:00"
"NF2","HGNC:7773","chr22:29999545-30094589","chr22:29603556-29698600","Sufficient Evidence for Haploinsufficiency","No Evidence for Triplosensitivity","https://search.clinicalgenome.org/kb/gene-dosage/HGNC:7773","2020-09-08T17:01:48+00:00"
"NFIA","HGNC:7784","chr1:61542899-61928460","chr1:61077227-61462788","Sufficient Evidence for Haploinsufficiency","No Evidence for Triplosensitivity","https://search.clinicalgenome.org/kb/gene-dosage/HGNC:7784","2017-01-12T19:28:00+00:00"
"NFIB","HGNC:7785","chr9:14081842-14532075","chr9:14081843-14532077","Sufficient Evidence for Haploinsufficiency","No Evidence for Triplosensitivity","https://search.clinicalgenome.org/kb/gene-dosage/HGNC:7785","2024-12-10T17:26:33+00:00"
"NFIX","HGNC:7788","chr19:13106289-13209610","chr19:12995475-13098796","Sufficient Evidence for Haploinsufficiency","No Evidence for Triplosensitivity","https://search.clinicalgenome.org/kb/gene-dosage/HGNC:7788","2022-04-12T16:18:38+00:00"
"NGLY1","HGNC:17646","chr3:25760435-25831530","chr3:25718944-25790039","Gene Associated with Autosomal Recessive Phenotype","No Evidence for Triplosensitivity","https://search.clinicalgenome.org/kb/gene-dosage/HGNC:17646","2015-02-18T15:59:30+00:00"
"NHP2","HGNC:14377","chr5:177576464-177580886","chr5:178149463-178153885","Gene Associated with Autosomal Recessive Phenotype","No Evidence for Triplosensitivity","https://search.clinicalgenome.org/kb/gene-dosage/HGNC:14377","2015-03-04T15:42:36+00:00"
"NHS","HGNC:7820","chrX:17393323-17754114","chrX:17375200-17735994","Sufficient Evidence for Haploinsufficiency","No Evidence for Triplosensitivity","https://search.clinicalgenome.org/kb/gene-dosage/HGNC:7820","2021-04-28T16:21:25+00:00"
"NIPA1","HGNC:17043","chr15:23043279-23086843","chr15:22786225-22829789","No Evidence for Haploinsufficiency","No Evidence for Triplosensitivity","https://search.clinicalgenome.org/kb/gene-dosage/HGNC:17043","2012-04-04T18:51:08+00:00"
"NIPA2","HGNC:17044","chr15:23004684-23034402","chr15:22838666-22868384","No Evidence for Haploinsufficiency","No Evidence for Triplosensitivity","https://search.clinicalgenome.org/kb/gene-dosage/HGNC:17044","2012-04-04T18:51:44+00:00"
"NIPBL","HGNC:28862","chr5:36876871-37066515","chr5:36876769-37066413","Sufficient Evidence for Haploinsufficiency","Little Evidence for Triplosensitivity","https://search.clinicalgenome.org/kb/gene-dosage/HGNC:28862","2020-08-26T16:34:41+00:00"
"NKX2-5","HGNC:2488","chr5:172659112-172662209","chr5:173232109-173235206","Sufficient Evidence for Haploinsufficiency","No Evidence for Triplosensitivity","https://search.clinicalgenome.org/kb/gene-dosage/HGNC:2488","2020-07-22T17:41:24+00:00"
"NKX3-2","HGNC:951","chr4:13542454-13546132","chr4:13540830-13547744","Gene Associated with Autosomal Recessive Phenotype","Not yet evaluated","https://search.clinicalgenome.org/kb/gene-dosage/HGNC:951","2016-08-22T17:50:46+00:00"
"NLGN1","HGNC:14291","chr3:173113742-174012162","chr3:173395952-174294372","No Evidence for Haploinsufficiency","No Evidence for Triplosensitivity","https://search.clinicalgenome.org/kb/gene-dosage/HGNC:14291","2016-03-25T17:26:30+00:00"
"NLGN3","HGNC:14289","chrX:70364691-70391051","chrX:71144841-71175307","No Evidence for Haploinsufficiency","No Evidence for Triplosensitivity","https://search.clinicalgenome.org/kb/gene-dosage/HGNC:14289","2012-07-25T14:56:36+00:00"
"NLGN4X","HGNC:14287","chrX:5808083-6146908","chrX:5890042-6228867","Emerging Evidence for Haploinsufficiency","No Evidence for Triplosensitivity","https://search.clinicalgenome.org/kb/gene-dosage/HGNC:14287","2025-03-26T16:55:45+00:00"
"NNAT","HGNC:7860","chr20:36149652-36152092","chr20:37521250-37523690","No Evidence for Haploinsufficiency","No Evidence for Triplosensitivity","https://search.clinicalgenome.org/kb/gene-dosage/HGNC:7860","2012-04-28T10:58:02+00:00"
"NODAL","HGNC:7865","chr10:72191692-72207707","chr10:70431936-70447951","Little Evidence for Haploinsufficiency","No Evidence for Triplosensitivity","https://search.clinicalgenome.org/kb/gene-dosage/HGNC:7865","2013-08-08T14:20:40+00:00"
"NOG","HGNC:7866","chr17:54671060-54672972","chr17:56593699-56595611","Sufficient Evidence for Haploinsufficiency","No Evidence for Triplosensitivity","https://search.clinicalgenome.org/kb/gene-dosage/HGNC:7866","2021-01-12T17:18:02+00:00"
"NONO","HGNC:7871","chrX:70503485-70521018","chrX:71283635-71301168","Sufficient Evidence for Haploinsufficiency","No Evidence for Triplosensitivity","https://search.clinicalgenome.org/kb/gene-dosage/HGNC:7871","2024-07-24T16:51:14+00:00"
"NOP10","HGNC:14378","chr15:34633920-34635337","chr15:34341719-34343136","No Evidence for Haploinsufficiency","No Evidence for Triplosensitivity","https://search.clinicalgenome.org/kb/gene-dosage/HGNC:14378","2025-02-12T20:08:39+00:00"
"NOTCH1","HGNC:7881","chr9:139388885-139440500","chr9:136494433-136546048","Sufficient Evidence for Haploinsufficiency","No Evidence for Triplosensitivity","https://search.clinicalgenome.org/kb/gene-dosage/HGNC:7881","2024-09-24T16:12:51+00:00"
"NOTCH2","HGNC:7882","chr1:120454176-120612276","chr1:119911553-120069662","No Evidence for Haploinsufficiency","No Evidence for Triplosensitivity","https://search.clinicalgenome.org/kb/gene-dosage/HGNC:7882","2014-07-17T20:20:14+00:00"
"NPC1","HGNC:7897","chr18:21111406-21166470","chr18:23506184-23586506","Gene Associated with Autosomal Recessive Phenotype","Not yet evaluated","https://search.clinicalgenome.org/kb/gene-dosage/HGNC:7897","2016-08-22T17:50:47+00:00"
"NPHP1","HGNC:7905","chr2:110880925-110962590","chr2:110123348-110205013","Gene Associated with Autosomal Recessive Phenotype","No Evidence for Triplosensitivity","https://search.clinicalgenome.org/kb/gene-dosage/HGNC:7905","2012-10-10T14:05:41+00:00"
"NPHP4","HGNC:19104","chr1:5922871-6052485","chr1:5862811-5992425","Gene Associated with Autosomal Recessive Phenotype","Not yet evaluated","https://search.clinicalgenome.org/kb/gene-dosage/HGNC:19104","2016-08-22T17:50:47+00:00"
"NPHS1","HGNC:7908","chr19:36316274-36343406","chr19:35825372-35852504","Gene Associated with Autosomal Recessive Phenotype","No Evidence for Triplosensitivity","https://search.clinicalgenome.org/kb/gene-dosage/HGNC:7908","2016-08-22T17:50:48+00:00"
"NPRL3","HGNC:14124","chr16:135385-188672","chr16:85386-138673","Sufficient Evidence for Haploinsufficiency","No Evidence for Triplosensitivity","https://search.clinicalgenome.org/kb/gene-dosage/HGNC:14124","2023-12-12T17:21:05+00:00"
"NPTX2","HGNC:7953","chr7:98246597-98259181","chr7:98617285-98629869","No Evidence for Haploinsufficiency","No Evidence for Triplosensitivity","https://search.clinicalgenome.org/kb/gene-dosage/HGNC:7953","2012-10-10T14:09:33+00:00"
"NR0B1","HGNC:7960","chrX:30322323-30327507","chrX:30304206-30309390","Sufficient Evidence for Haploinsufficiency","No Evidence for Triplosensitivity","https://search.clinicalgenome.org/kb/gene-dosage/HGNC:7960","2020-05-06T03:21:44+00:00"
"NR2F1","HGNC:7975","chr5:92918928-92930317","chr5:93583222-93594611","Sufficient Evidence for Haploinsufficiency","No Evidence for Triplosensitivity","https://search.clinicalgenome.org/kb/gene-dosage/HGNC:7975","2022-08-09T16:48:17+00:00"
"NR2F2","HGNC:7976","chr15:96869275-96883492","chr15:96326046-96340263","No Evidence for Haploinsufficiency","No Evidence for Triplosensitivity","https://search.clinicalgenome.org/kb/gene-dosage/HGNC:7976","2012-07-10T23:27:30+00:00"
"NR3C2","HGNC:7979","chr4:148999915-149365850","chr4:148078764-148445508","Sufficient Evidence for Haploinsufficiency","No Evidence for Triplosensitivity","https://search.clinicalgenome.org/kb/gene-dosage/HGNC:7979","2020-04-06T20:05:17+00:00"
"NR4A2","HGNC:7981","chr2:157180949-157189233","chr2:156324437-156332721","Sufficient Evidence for Haploinsufficiency","No Evidence for Triplosensitivity","https://search.clinicalgenome.org/kb/gene-dosage/HGNC:7981","2022-09-27T16:19:05+00:00"
"NR5A1","HGNC:7983","chr9:127243515-127269678","chr9:124481236-124507399","Sufficient Evidence for Haploinsufficiency","No Evidence for Triplosensitivity","https://search.clinicalgenome.org/kb/gene-dosage/HGNC:7983","2021-02-24T17:34:03+00:00"
"NRAS","HGNC:7989","chr1:115247090-115259392","chr1:114704469-114716771","No Evidence for Haploinsufficiency","No Evidence for Triplosensitivity","https://search.clinicalgenome.org/kb/gene-dosage/HGNC:7989","2026-02-25T17:36:43+00:00"
"NRG3","HGNC:7999","chr10:83634950-84746935","chr10:81875194-82987179","No Evidence for Haploinsufficiency","No Evidence for Triplosensitivity","https://search.clinicalgenome.org/kb/gene-dosage/HGNC:7999","2011-12-21T15:09:37+00:00"
"NRXN1","HGNC:8008","chr2:50145641-51259270","chr2:49918503-51032132","Sufficient Evidence for Haploinsufficiency","No Evidence for Triplosensitivity","https://search.clinicalgenome.org/kb/gene-dosage/HGNC:8008","2021-06-08T17:03:21+00:00"
"NSD1","HGNC:14234","chr5:176560016-176727214","chr5:177131798-177300213","Sufficient Evidence for Haploinsufficiency","No Evidence for Triplosensitivity","https://search.clinicalgenome.org/kb/gene-dosage/HGNC:14234","2020-07-27T19:42:36+00:00"
"NSD2","HGNC:12766","chr4:1873120-1983919","chr4:1871393-1982192","Sufficient Evidence for Haploinsufficiency","No Evidence for Triplosensitivity","https://search.clinicalgenome.org/kb/gene-dosage/HGNC:12766","2023-10-25T16:13:58+00:00"
"NSDHL","HGNC:13398","chrX:151999607-152038273","chrX:152831063-152869729","Sufficient Evidence for Haploinsufficiency","No Evidence for Triplosensitivity","https://search.clinicalgenome.org/kb/gene-dosage/HGNC:13398","2019-09-25T16:57:27+00:00"
"NTAN1","HGNC:29909","chr16:15131714-15149931","chr16:15037857-15056074","No Evidence for Haploinsufficiency","No Evidence for Triplosensitivity","https://search.clinicalgenome.org/kb/gene-dosage/HGNC:29909","2018-09-17T19:46:23+00:00"
"NTHL1","HGNC:8028","chr16:2089821-2097835","chr16:2039820-2047834","Gene Associated with Autosomal Recessive Phenotype","No Evidence for Triplosensitivity","https://search.clinicalgenome.org/kb/gene-dosage/HGNC:8028","2020-07-06T16:26:00+00:00"
"NUDT13","HGNC:18827","chr10:74870213-74891581","chr10:73110455-73131823","Dosage Sensitivity Unlikely for Haploinsufficiency","No Evidence for Triplosensitivity","https://search.clinicalgenome.org/kb/gene-dosage/HGNC:18827","2021-02-02T20:25:54+00:00"
"NUS1","HGNC:21042","chr6:117996632-118031890","chr6:117675469-117710727","Sufficient Evidence for Haploinsufficiency","No Evidence for Triplosensitivity","https://search.clinicalgenome.org/kb/gene-dosage/HGNC:21042","2022-09-27T17:57:10+00:00"
"NXF5","HGNC:8075","chrX:101087085-101112549","chrX:101832112-101857577","No Evidence for Haploinsufficiency","No Evidence for Triplosensitivity","https://search.clinicalgenome.org/kb/gene-dosage/HGNC:8075","2025-06-19T20:23:06+00:00"
"NYX","HGNC:8082","chrX:41306596-41334905","chrX:41447343-41475652","Sufficient Evidence for Haploinsufficiency","No Evidence for Triplosensitivity","https://search.clinicalgenome.org/kb/gene-dosage/HGNC:8082","2020-01-22T18:40:36+00:00"
"OAT","HGNC:8091","chr10:126085872-126107492","chr10:124397303-124418923","Gene Associated with Autosomal Recessive Phenotype","Not yet evaluated","https://search.clinicalgenome.org/kb/gene-dosage/HGNC:8091","2016-08-22T17:50:49+00:00"
"OBSL1","HGNC:29092","chr2:220415450-220436261","chr2:219547206-219571539","Gene Associated with Autosomal Recessive Phenotype","No Evidence for Triplosensitivity","https://search.clinicalgenome.org/kb/gene-dosage/HGNC:29092","2016-08-22T17:50:50+00:00"
"OCA2","HGNC:8101","chr15:28000021-28344461","chr15:27719008-28099315","Gene Associated with Autosomal Recessive Phenotype","No Evidence for Triplosensitivity","https://search.clinicalgenome.org/kb/gene-dosage/HGNC:8101","2012-04-28T11:08:55+00:00"
"OCLN","HGNC:8104","chr5:68788374-68853931","chr5:69492547-69558104","Gene Associated with Autosomal Recessive Phenotype","Not yet evaluated","https://search.clinicalgenome.org/kb/gene-dosage/HGNC:8104","2016-08-22T17:50:51+00:00"
"OCRL","HGNC:8108","chrX:128674236-128726533","chrX:129540259-129592556","Sufficient Evidence for Haploinsufficiency","No Evidence for Triplosensitivity","https://search.clinicalgenome.org/kb/gene-dosage/HGNC:8108","2021-01-12T17:42:36+00:00"
"OFD1","HGNC:2567","chrX:13752867-13787476","chrX:13714505-13773738","Sufficient Evidence for Haploinsufficiency","No Evidence for Triplosensitivity","https://search.clinicalgenome.org/kb/gene-dosage/HGNC:2567","2021-04-13T16:19:27+00:00"
"OPHN1","HGNC:8148","chrX:67262186-67653337","chrX:68042344-68433841","Sufficient Evidence for Haploinsufficiency","No Evidence for Triplosensitivity","https://search.clinicalgenome.org/kb/gene-dosage/HGNC:8148","2023-03-22T16:46:36+00:00"
"OR5AU1","HGNC:15362","chr14:21623024-21624222","chr14:21154865-21156063","No Evidence for Haploinsufficiency","No Evidence for Triplosensitivity","https://search.clinicalgenome.org/kb/gene-dosage/HGNC:15362","2015-03-11T14:53:25+00:00"
"ORC4","HGNC:8490","chr2:148687965-148779120","chr2:147930396-148021551","Gene Associated with Autosomal Recessive Phenotype","No Evidence for Triplosensitivity","https://search.clinicalgenome.org/kb/gene-dosage/HGNC:8490","2015-11-06T04:38:54+00:00"
"ORC6","HGNC:17151","chr16:46723571-46732306","chr16:46689659-46698394","Gene Associated with Autosomal Recessive Phenotype","Not yet evaluated","https://search.clinicalgenome.org/kb/gene-dosage/HGNC:17151","2016-08-22T17:50:52+00:00"
"OSBPL2","HGNC:15761","chr20:60813577-60871239","chr20:62238521-62296183","Little Evidence for Haploinsufficiency","No Evidence for Triplosensitivity","https://search.clinicalgenome.org/kb/gene-dosage/HGNC:15761","2025-12-02T17:58:40+00:00"
"OSBPL5","HGNC:16392","chr11:3108337-3186540","chr11:3087107-3165310","No Evidence for Haploinsufficiency","No Evidence for Triplosensitivity","https://search.clinicalgenome.org/kb/gene-dosage/HGNC:16392","2012-09-06T18:47:15+00:00"
"OSTM1","HGNC:21652","chr6:108362613-108395945","chr6:108041409-108074741","Gene Associated with Autosomal Recessive Phenotype","No Evidence for Triplosensitivity","https://search.clinicalgenome.org/kb/gene-dosage/HGNC:21652","2016-08-22T17:50:52+00:00"
"OTC","HGNC:8512","chrX:38211857-38280699","chrX:38327684-38422928","Sufficient Evidence for Haploinsufficiency","No Evidence for Triplosensitivity","https://search.clinicalgenome.org/kb/gene-dosage/HGNC:8512","2012-06-28T19:15:09+00:00"
"OTOA","HGNC:16378","chr16:21675289-21772050","chr16:21663968-21760729","Gene Associated with Autosomal Recessive Phenotype","No Evidence for Triplosensitivity","https://search.clinicalgenome.org/kb/gene-dosage/HGNC:16378","2016-08-22T17:50:53+00:00"
"OTOF","HGNC:8515","chr2:26680071-26781624","chr2:26457203-26558756","Gene Associated with Autosomal Recessive Phenotype","Not yet evaluated","https://search.clinicalgenome.org/kb/gene-dosage/HGNC:8515","2016-08-22T17:50:54+00:00"
"OTOGL","HGNC:26901","chr12:80493317-80774660","chr12:80099537-80380880","Gene Associated with Autosomal Recessive Phenotype","No Evidence for Triplosensitivity","https://search.clinicalgenome.org/kb/gene-dosage/HGNC:26901","2016-08-22T17:50:54+00:00"
"OTUD7A","HGNC:20718","chr15:31767601-32162876","chr15:31475398-31870673","No Evidence for Haploinsufficiency","No Evidence for Triplosensitivity","https://search.clinicalgenome.org/kb/gene-dosage/HGNC:20718","2018-04-27T23:05:24+00:00"
"OTX2","HGNC:8522","chr14:57266623-57277197","chr14:56799905-56810479","Sufficient Evidence for Haploinsufficiency","No Evidence for Triplosensitivity","https://search.clinicalgenome.org/kb/gene-dosage/HGNC:8522","2020-09-08T16:12:58+00:00"
"OXCT1","HGNC:8527","chr5:41730167-41870527","chr5:41730065-41870425","Gene Associated with Autosomal Recessive Phenotype","Not yet evaluated","https://search.clinicalgenome.org/kb/gene-dosage/HGNC:8527","2016-08-22T17:50:55+00:00"
"P3H1","HGNC:19316","chr1:43212045-43232699","chr1:42746374-42767028","Gene Associated with Autosomal Recessive Phenotype","No Evidence for Triplosensitivity","https://search.clinicalgenome.org/kb/gene-dosage/HGNC:19316","2015-03-12T03:36:34+00:00"
"PACS1","HGNC:30032","chr11:65837743-66012215","chr11:66070272-66244744","No Evidence for Haploinsufficiency","No Evidence for Triplosensitivity","https://search.clinicalgenome.org/kb/gene-dosage/HGNC:30032","2021-12-14T17:12:39+00:00"
"PACS2","HGNC:23794","chr14:105767111-105864484","chr14:105300774-105398147","No Evidence for Haploinsufficiency","No Evidence for Triplosensitivity","https://search.clinicalgenome.org/kb/gene-dosage/HGNC:23794","2026-02-25T18:00:30+00:00"
"PAFAH1B1","HGNC:8574","chr17:2496948-2588909","chr17:2593183-2685615","Sufficient Evidence for Haploinsufficiency","No Evidence for Triplosensitivity","https://search.clinicalgenome.org/kb/gene-dosage/HGNC:8574","2020-10-13T16:14:55+00:00"
"PAH","HGNC:8582","chr12:103230667-103352219","chr12:102836889-102958441","Gene Associated with Autosomal Recessive Phenotype","No Evidence for Triplosensitivity","https://search.clinicalgenome.org/kb/gene-dosage/HGNC:8582","2014-08-28T19:21:24+00:00"
"PAK2","HGNC:8591","chr3:196466728-196559518","chr3:196739857-196832647","Little Evidence for Haploinsufficiency","Little Evidence for Triplosensitivity","https://search.clinicalgenome.org/kb/gene-dosage/HGNC:8591","2011-12-27T19:25:56+00:00"
"PAK3","HGNC:8592","chrX:110187625-110470589","chrX:110944397-111227361","Sufficient Evidence for Haploinsufficiency","No Evidence for Triplosensitivity","https://search.clinicalgenome.org/kb/gene-dosage/HGNC:8592","2025-04-01T02:08:03+00:00"
"PALB2","HGNC:26144","chr16:23614486-23652631","chr16:23603165-23641310","Sufficient Evidence for Haploinsufficiency","No Evidence for Triplosensitivity","https://search.clinicalgenome.org/kb/gene-dosage/HGNC:26144","2025-02-24T15:16:39+00:00"
"PALLD","HGNC:17068","chr4:169418203-169849592","chr4:168497052-168928441","No Evidence for Haploinsufficiency","Not yet evaluated","https://search.clinicalgenome.org/kb/gene-dosage/HGNC:17068","2025-06-16T22:32:46+00:00"
"PARK7","HGNC:16369","chr1:8021771-8045565","chr1:7961711-7985505","Gene Associated with Autosomal Recessive Phenotype","No Evidence for Triplosensitivity","https://search.clinicalgenome.org/kb/gene-dosage/HGNC:16369","2016-08-22T17:50:56+00:00"
"PARN","HGNC:8609","chr16:14529558-14724117","chr16:14435701-14630260","Sufficient Evidence for Haploinsufficiency","No Evidence for Triplosensitivity","https://search.clinicalgenome.org/kb/gene-dosage/HGNC:8609","2026-05-26T15:36:39+00:00"
"PAX1","HGNC:8615","chr20:21686302-21699119","chr20:21705664-21718481","Gene Associated with Autosomal Recessive Phenotype","No Evidence for Triplosensitivity","https://search.clinicalgenome.org/kb/gene-dosage/HGNC:8615","2016-08-22T17:50:57+00:00"
"PAX2","HGNC:8616","chr10:102495153-102589701","chr10:100735396-100829944","Sufficient Evidence for Haploinsufficiency","No Evidence for Triplosensitivity","https://search.clinicalgenome.org/kb/gene-dosage/HGNC:8616","2020-02-26T17:11:04+00:00"
"PAX3","HGNC:8617","chr2:223064606-223163717","chr2:222199887-222298998","Sufficient Evidence for Haploinsufficiency","No Evidence for Triplosensitivity","https://search.clinicalgenome.org/kb/gene-dosage/HGNC:8617","2020-05-27T16:26:44+00:00"
"PAX5","HGNC:8619","chr9:36833266-37034265","chr9:36833269-37034268","Little Evidence for Haploinsufficiency","No Evidence for Triplosensitivity","https://search.clinicalgenome.org/kb/gene-dosage/HGNC:8619","2025-02-12T20:09:17+00:00"
"PAX6","HGNC:8620","chr11:31810574-31839509","chr11:31789026-31817961","Sufficient Evidence for Haploinsufficiency","Little Evidence for Triplosensitivity","https://search.clinicalgenome.org/kb/gene-dosage/HGNC:8620","2015-11-05T20:48:10+00:00"
"PAX8","HGNC:8622","chr2:113973574-114036498","chr2:113215997-113278921","Little Evidence for Haploinsufficiency","No Evidence for Triplosensitivity","https://search.clinicalgenome.org/kb/gene-dosage/HGNC:8622","2021-11-09T17:09:19+00:00"
"PAX9","HGNC:8623","chr14:37126773-37148567","chr14:36657568-36679362","Sufficient Evidence for Haploinsufficiency","No Evidence for Triplosensitivity","https://search.clinicalgenome.org/kb/gene-dosage/HGNC:8623","2020-07-08T18:50:12+00:00"
"PBX1","HGNC:8632","chr1:164528421-164855284","chr1:164559184-164886047","Sufficient Evidence for Haploinsufficiency","No Evidence for Triplosensitivity","https://search.clinicalgenome.org/kb/gene-dosage/HGNC:8632","2019-09-05T17:48:07+00:00"
"PC","HGNC:8636","chr11:66615891-66725854","chr11:66848420-66958383","Gene Associated with Autosomal Recessive Phenotype","Not yet evaluated","https://search.clinicalgenome.org/kb/gene-dosage/HGNC:8636","2016-08-22T17:50:58+00:00"
"PCARE","HGNC:34383","chr2:29284561-29297389","chr2:29061695-29074523","Gene Associated with Autosomal Recessive Phenotype","No Evidence for Triplosensitivity","https://search.clinicalgenome.org/kb/gene-dosage/HGNC:34383","2014-09-25T19:12:59+00:00"
"PCCA","HGNC:8653","chr13:100741347-101182689","chr13:100089093-100530435","Gene Associated with Autosomal Recessive Phenotype","No Evidence for Triplosensitivity","https://search.clinicalgenome.org/kb/gene-dosage/HGNC:8653","2016-08-22T17:50:59+00:00"
"PCDH15","HGNC:14674","chr10:55562531-57387702","chr10:53802771-55627942","Gene Associated with Autosomal Recessive Phenotype","No Evidence for Triplosensitivity","https://search.clinicalgenome.org/kb/gene-dosage/HGNC:14674","2016-08-22T17:51:00+00:00"
"PCDH19","HGNC:14270","chrX:99546642-99665271","chrX:100291644-100410273","Sufficient Evidence for Haploinsufficiency","No Evidence for Triplosensitivity","https://search.clinicalgenome.org/kb/gene-dosage/HGNC:14270","2023-02-14T17:39:03+00:00"
"PCDH9","HGNC:8661","chr13:66876966-67804468","chr13:66302834-67230336","No Evidence for Haploinsufficiency","No Evidence for Triplosensitivity","https://search.clinicalgenome.org/kb/gene-dosage/HGNC:8661","2012-06-08T00:17:09+00:00"
"PCDHGA8","HGNC:8706","chr5:140772200-140892542","chr5:141392633-141512975","Dosage Sensitivity Unlikely for Haploinsufficiency","No Evidence for Triplosensitivity","https://search.clinicalgenome.org/kb/gene-dosage/HGNC:8706","2021-02-02T20:31:03+00:00"
"PCSK9","HGNC:20001","chr1:55505221-55530525","chr1:55039548-55064852","Dosage Sensitivity Unlikely for Haploinsufficiency","No Evidence for Triplosensitivity","https://search.clinicalgenome.org/kb/gene-dosage/HGNC:20001","2015-12-17T19:50:38+00:00"
"PCYT1A","HGNC:8754","chr3:195961239-196014597","chr3:196234368-196287726","Gene Associated with Autosomal Recessive Phenotype","No Evidence for Triplosensitivity","https://search.clinicalgenome.org/kb/gene-dosage/HGNC:8754","2016-08-22T17:51:01+00:00"
"PDE4D","HGNC:8783","chr5:58264865-59792113","chr5:58969038-60522128","No Evidence for Haploinsufficiency","No Evidence for Triplosensitivity","https://search.clinicalgenome.org/kb/gene-dosage/HGNC:8783","2018-02-02T17:51:16+00:00"
"PDE6C","HGNC:8787","chr10:95372294-95425767","chr10:93612537-93666010","Gene Associated with Autosomal Recessive Phenotype","No Evidence for Triplosensitivity","https://search.clinicalgenome.org/kb/gene-dosage/HGNC:8787","2016-08-22T17:51:01+00:00"
"PDE6G","HGNC:8789","chr17:79617489-79630157","chr17:81650459-81663127","Gene Associated with Autosomal Recessive Phenotype","No Evidence for Triplosensitivity","https://search.clinicalgenome.org/kb/gene-dosage/HGNC:8789","2025-05-29T16:38:58+00:00"
"PDGFRA","HGNC:8803","chr4:55095460-55164412","chr4:54229293-54298245","No Evidence for Haploinsufficiency","No Evidence for Triplosensitivity","https://search.clinicalgenome.org/kb/gene-dosage/HGNC:8803","2025-02-12T20:07:45+00:00"
"PDHA1","HGNC:8806","chrX:19362045-19379836","chrX:19343927-19361718","Sufficient Evidence for Haploinsufficiency","No Evidence for Triplosensitivity","https://search.clinicalgenome.org/kb/gene-dosage/HGNC:8806","2022-09-27T16:16:19+00:00"
"PDHX","HGNC:21350","chr11:34937677-35017675","chr11:34915920-34996128","Gene Associated with Autosomal Recessive Phenotype","Not yet evaluated","https://search.clinicalgenome.org/kb/gene-dosage/HGNC:21350","2016-08-22T17:51:02+00:00"
"PDP1","HGNC:9279","chr8:94929151-94938296","chr8:93916923-93926068","Gene Associated with Autosomal Recessive Phenotype","Not yet evaluated","https://search.clinicalgenome.org/kb/gene-dosage/HGNC:9279","2016-08-22T17:51:03+00:00"
"PDSS2","HGNC:23041","chr6:107473766-107780768","chr6:107152562-107459564","Gene Associated with Autosomal Recessive Phenotype","Not yet evaluated","https://search.clinicalgenome.org/kb/gene-dosage/HGNC:23041","2016-08-22T17:51:04+00:00"
"PDX1","HGNC:6107","chr13:28494137-28500450","chr13:27920000-27926313","Gene Associated with Autosomal Recessive Phenotype","No Evidence for Triplosensitivity","https://search.clinicalgenome.org/kb/gene-dosage/HGNC:6107","2016-08-22T17:51:05+00:00"
"PEG10","HGNC:14005","chr7:94285637-94299007","chr7:94656325-94669695","No Evidence for Haploinsufficiency","No Evidence for Triplosensitivity","https://search.clinicalgenome.org/kb/gene-dosage/HGNC:14005","2012-08-22T14:04:19+00:00"
"PEG3","HGNC:8826","chr19:57321450-57352094","chr19:56810082-56840726","No Evidence for Haploinsufficiency","No Evidence for Triplosensitivity","https://search.clinicalgenome.org/kb/gene-dosage/HGNC:8826","2012-05-17T19:08:38+00:00"
"PEPD","HGNC:8840","chr19:33877856-34012697","chr19:33386950-33521791","Gene Associated with Autosomal Recessive Phenotype","Not yet evaluated","https://search.clinicalgenome.org/kb/gene-dosage/HGNC:8840","2016-08-22T17:51:06+00:00"
"PEX1","HGNC:8850","chr7:92116339-92157834","chr7:92487025-92528520","Gene Associated with Autosomal Recessive Phenotype","Not yet evaluated","https://search.clinicalgenome.org/kb/gene-dosage/HGNC:8850","2016-08-22T17:51:07+00:00"
"PEX11B","HGNC:8853","chr1:145516372-145523732","chr1:145911348-145918717","Gene Associated with Autosomal Recessive Phenotype","No Evidence for Triplosensitivity","https://search.clinicalgenome.org/kb/gene-dosage/HGNC:8853","2016-08-22T17:51:07+00:00"
"PEX14","HGNC:8856","chr1:10535007-10690815","chr1:10474950-10630758","Gene Associated with Autosomal Recessive Phenotype","No Evidence for Triplosensitivity","https://search.clinicalgenome.org/kb/gene-dosage/HGNC:8856","2016-08-22T17:51:08+00:00"
"PEX16","HGNC:8857","chr11:45931214-45939428","chr11:45909663-45918822","Gene Associated with Autosomal Recessive Phenotype","No Evidence for Triplosensitivity","https://search.clinicalgenome.org/kb/gene-dosage/HGNC:8857","2016-08-22T17:51:09+00:00"
"PEX26","HGNC:22965","chr22:18560756-18588162","chr22:18077990-18105396","Gene Associated with Autosomal Recessive Phenotype","No Evidence for Triplosensitivity","https://search.clinicalgenome.org/kb/gene-dosage/HGNC:22965","2016-08-22T17:51:10+00:00"
"PEX3","HGNC:8858","chr6:143771942-143811753","chr6:143450805-143490616","Gene Associated with Autosomal Recessive Phenotype","No Evidence for Triplosensitivity","https://search.clinicalgenome.org/kb/gene-dosage/HGNC:8858","2016-08-22T17:51:11+00:00"
"PEX7","HGNC:8860","chr6:137143730-137235072","chr6:136822592-136913934","Gene Associated with Autosomal Recessive Phenotype","Not yet evaluated","https://search.clinicalgenome.org/kb/gene-dosage/HGNC:8860","2016-08-22T17:51:12+00:00"
"PGAP3","HGNC:23719","chr17:37827375-37844310","chr17:39671122-39688057","Gene Associated with Autosomal Recessive Phenotype","Not yet evaluated","https://search.clinicalgenome.org/kb/gene-dosage/HGNC:23719","2016-08-22T17:51:14+00:00"
"PGK1","HGNC:8896","chrX:77359745-77384792","chrX:78104248-78129295","Little Evidence for Haploinsufficiency","No Evidence for Triplosensitivity","https://search.clinicalgenome.org/kb/gene-dosage/HGNC:8896","2024-09-10T16:11:19+00:00"
"PGM1","HGNC:8905","chr1:64059082-64125916","chr1:63593411-63660245","Gene Associated with Autosomal Recessive Phenotype","Not yet evaluated","https://search.clinicalgenome.org/kb/gene-dosage/HGNC:8905","2016-08-22T17:51:14+00:00"
"PGM3","HGNC:8907","chr6:83860447-83903619","chr6:83148705-83193900","Gene Associated with Autosomal Recessive Phenotype","No Evidence for Triplosensitivity","https://search.clinicalgenome.org/kb/gene-dosage/HGNC:8907","2016-08-22T17:51:16+00:00"
"PHC1","HGNC:3182","chr12:9067105-9094063","chr12:8913843-8941467","Gene Associated with Autosomal Recessive Phenotype","No Evidence for Triplosensitivity","https://search.clinicalgenome.org/kb/gene-dosage/HGNC:3182","2016-08-22T17:51:18+00:00"
"PHEX","HGNC:8918","chrX:22050443-22269427","chrX:22032325-22251310","Sufficient Evidence for Haploinsufficiency","No Evidence for Triplosensitivity","https://search.clinicalgenome.org/kb/gene-dosage/HGNC:8918","2012-06-28T19:15:31+00:00"
"PHF12","HGNC:20816","chr17:27232268-27278536","chr17:28905250-28951518","Sufficient Evidence for Haploinsufficiency","No Evidence for Triplosensitivity","https://search.clinicalgenome.org/kb/gene-dosage/HGNC:20816","2025-04-01T01:06:54+00:00"
"PHF2","HGNC:8920","chr9:96338866-96441869","chr9:93576584-93679587","Little Evidence for Haploinsufficiency","No Evidence for Triplosensitivity","https://search.clinicalgenome.org/kb/gene-dosage/HGNC:8920","2019-02-27T18:00:10+00:00"
"PHF21A","HGNC:24156","chr11:45950870-46143005","chr11:45929319-46121454","Sufficient Evidence for Haploinsufficiency","No Evidence for Triplosensitivity","https://search.clinicalgenome.org/kb/gene-dosage/HGNC:24156","2023-09-21T19:13:34+00:00"
"PHF3","HGNC:8921","chr6:64345707-64435904","chr6:63635802-63726011","Little Evidence for Haploinsufficiency","No Evidence for Triplosensitivity","https://search.clinicalgenome.org/kb/gene-dosage/HGNC:8921","2019-02-27T21:46:18+00:00"
"PHF6","HGNC:18145","chrX:133507342-133562820","chrX:134373312-134428790","Sufficient Evidence for Haploinsufficiency","No Evidence for Triplosensitivity","https://search.clinicalgenome.org/kb/gene-dosage/HGNC:18145","2021-02-24T17:36:09+00:00"
"PHF8","HGNC:20672","chrX:53963113-54071569","chrX:53936680-54048936","Sufficient Evidence for Haploinsufficiency","No Evidence for Triplosensitivity","https://search.clinicalgenome.org/kb/gene-dosage/HGNC:20672","2020-08-26T16:13:38+00:00"
"PHIP","HGNC:15673","chr6:79644136-79787971","chr6:78934419-79078254","Sufficient Evidence for Haploinsufficiency","No Evidence for Triplosensitivity","https://search.clinicalgenome.org/kb/gene-dosage/HGNC:15673","2022-04-13T18:51:12+00:00"
"PHKB","HGNC:8927","chr16:47495210-47735434","chr16:47461299-47701523","Gene Associated with Autosomal Recessive Phenotype","No Evidence for Triplosensitivity","https://search.clinicalgenome.org/kb/gene-dosage/HGNC:8927","2016-08-22T17:51:18+00:00"
"PHKG2","HGNC:8931","chr16:30759746-30772497","chr16:30748425-30761176","Gene Associated with Autosomal Recessive Phenotype","Not yet evaluated","https://search.clinicalgenome.org/kb/gene-dosage/HGNC:8931","2016-08-22T17:51:20+00:00"
"PHLDA2","HGNC:12385","chr11:2949503-2950650","chr11:2928273-2929420","No Evidence for Haploinsufficiency","No Evidence for Triplosensitivity","https://search.clinicalgenome.org/kb/gene-dosage/HGNC:12385","2012-03-22T18:34:55+00:00"
"PHOX2B","HGNC:9143","chr4:41746099-41750742","chr4:41744082-41748725","Sufficient Evidence for Haploinsufficiency","No Evidence for Triplosensitivity","https://search.clinicalgenome.org/kb/gene-dosage/HGNC:9143","2024-07-10T14:14:20+00:00"
"PHYH","HGNC:8940","chr10:13319799-13342064","chr10:13277799-13300064","Gene Associated with Autosomal Recessive Phenotype","Not yet evaluated","https://search.clinicalgenome.org/kb/gene-dosage/HGNC:8940","2016-08-22T17:51:21+00:00"
"PIGA","HGNC:8957","chrX:15337573-15353676","chrX:15319451-15335554","Little Evidence for Haploinsufficiency","No Evidence for Triplosensitivity","https://search.clinicalgenome.org/kb/gene-dosage/HGNC:8957","2025-04-10T19:21:55+00:00"
"PIGN","HGNC:8967","chr18:59708397-59854289","chr18:62017615-62187056","Gene Associated with Autosomal Recessive Phenotype","Not yet evaluated","https://search.clinicalgenome.org/kb/gene-dosage/HGNC:8967","2016-08-22T17:51:22+00:00"
"PIGO","HGNC:23215","chr9:35088685-35096588","chr9:35088688-35096591","Gene Associated with Autosomal Recessive Phenotype","No Evidence for Triplosensitivity","https://search.clinicalgenome.org/kb/gene-dosage/HGNC:23215","2016-08-22T17:51:22+00:00"
"PIGW","HGNC:23213","chr17:34890814-34895152","chr17:36534987-36539303","Gene Associated with Autosomal Recessive Phenotype","No Evidence for Triplosensitivity","https://search.clinicalgenome.org/kb/gene-dosage/HGNC:23213","2016-08-22T17:51:23+00:00"
"PIK3CA","HGNC:8975","chr3:178866145-178957881","chr3:179148126-179240093","No Evidence for Haploinsufficiency","No Evidence for Triplosensitivity","https://search.clinicalgenome.org/kb/gene-dosage/HGNC:8975","2025-03-13T13:33:59+00:00"
"PIK3R2","HGNC:8980","chr19:18263973-18281342","chr19:18153163-18170532","No Evidence for Haploinsufficiency","No Evidence for Triplosensitivity","https://search.clinicalgenome.org/kb/gene-dosage/HGNC:8980","2015-06-25T13:49:31+00:00"
"PINK1","HGNC:14581","chr1:20959951-20978004","chr1:20633458-20651511","Gene Associated with Autosomal Recessive Phenotype","Not yet evaluated","https://search.clinicalgenome.org/kb/gene-dosage/HGNC:14581","2016-08-22T17:51:24+00:00"
"PIP5K1C","HGNC:8996","chr19:3630181-3700466","chr19:3630183-3700468","Gene Associated with Autosomal Recessive Phenotype","Not yet evaluated","https://search.clinicalgenome.org/kb/gene-dosage/HGNC:8996","2016-08-22T17:51:25+00:00"
"PITPNA","HGNC:9001","chr17:1421012-1466086","chr17:1517718-1562792","No Evidence for Haploinsufficiency","No Evidence for Triplosensitivity","https://search.clinicalgenome.org/kb/gene-dosage/HGNC:9001","2012-06-07T23:01:19+00:00"
"PITX2","HGNC:9005","chr4:111538579-111563279","chr4:110617423-110642123","Sufficient Evidence for Haploinsufficiency","No Evidence for Triplosensitivity","https://search.clinicalgenome.org/kb/gene-dosage/HGNC:9005","2022-10-24T14:31:19+00:00"
"PITX3","HGNC:9006","chr10:103989946-104001269","chr10:102230189-102241512","No Evidence for Haploinsufficiency","No Evidence for Triplosensitivity","https://search.clinicalgenome.org/kb/gene-dosage/HGNC:9006","2013-11-06T15:06:36+00:00"
"PKD1","HGNC:9008","chr16:2138709-2185899","chr16:2088708-2135898","Sufficient Evidence for Haploinsufficiency","No Evidence for Triplosensitivity","https://search.clinicalgenome.org/kb/gene-dosage/HGNC:9008","2020-06-10T19:11:44+00:00"
"PKD2","HGNC:9009","chr4:88928787-88998929","chr4:88007635-88077777","Sufficient Evidence for Haploinsufficiency","No Evidence for Triplosensitivity","https://search.clinicalgenome.org/kb/gene-dosage/HGNC:9009","2012-07-06T20:00:34+00:00"
"PKP2","HGNC:9024","chr12:32943689-33049711","chr12:32790755-32896777","Sufficient Evidence for Haploinsufficiency","No Evidence for Triplosensitivity","https://search.clinicalgenome.org/kb/gene-dosage/HGNC:9024","2023-05-10T16:50:26+00:00"
"PLA2G6","HGNC:9039","chr22:38507502-38577837","chr22:38111495-38181830","Gene Associated with Autosomal Recessive Phenotype","Not yet evaluated","https://search.clinicalgenome.org/kb/gene-dosage/HGNC:9039","2016-08-22T17:51:26+00:00"
"PLAGL1","HGNC:9046","chr6:144261437-144385736","chr6:143940300-144064599","No Evidence for Haploinsufficiency","No Evidence for Triplosensitivity","https://search.clinicalgenome.org/kb/gene-dosage/HGNC:9046","2012-08-27T02:00:59+00:00"
"PLCB1","HGNC:15917","chr20:8112913-8865547","chr20:8132266-8884900","Gene Associated with Autosomal Recessive Phenotype","No Evidence for Triplosensitivity","https://search.clinicalgenome.org/kb/gene-dosage/HGNC:15917","2016-08-22T17:51:27+00:00"
"PLEKHG5","HGNC:29105","chr1:6526152-6580152","chr1:6467122-6520092","Gene Associated with Autosomal Recessive Phenotype","No Evidence for Triplosensitivity","https://search.clinicalgenome.org/kb/gene-dosage/HGNC:29105","2016-08-22T17:51:28+00:00"
"PLN","HGNC:9080","chr6:118869459-118882879","chr6:118548296-118561716","Little Evidence for Haploinsufficiency","No Evidence for Triplosensitivity","https://search.clinicalgenome.org/kb/gene-dosage/HGNC:9080","2025-08-29T19:59:09+00:00"
"PLOD1","HGNC:9081","chr1:11994774-12035594","chr1:11934717-11975537","Gene Associated with Autosomal Recessive Phenotype","Not yet evaluated","https://search.clinicalgenome.org/kb/gene-dosage/HGNC:9081","2016-08-22T17:51:30+00:00"
"PLOD2","HGNC:9082","chr3:145787227-145878971","chr3:146069440-146161184","Gene Associated with Autosomal Recessive Phenotype","Not yet evaluated","https://search.clinicalgenome.org/kb/gene-dosage/HGNC:9082","2016-08-22T17:51:31+00:00"
"PLOD3","HGNC:9083","chr7:100849265-100860862","chr7:101205984-101217581","Gene Associated with Autosomal Recessive Phenotype","No Evidence for Triplosensitivity","https://search.clinicalgenome.org/kb/gene-dosage/HGNC:9083","2016-08-22T17:51:32+00:00"
"PLP1","HGNC:9086","chrX:103031434-103047548","chrX:103776506-103792619","Sufficient Evidence for Haploinsufficiency","Sufficient Evidence for Triplosensitivity","https://search.clinicalgenome.org/kb/gene-dosage/HGNC:9086","2021-04-12T15:06:26+00:00"
"PMM2","HGNC:9115","chr16:8891696-8943182","chr16:8797839-8849325","Gene Associated with Autosomal Recessive Phenotype","No Evidence for Triplosensitivity","https://search.clinicalgenome.org/kb/gene-dosage/HGNC:9115","2016-08-22T17:51:33+00:00"
"PMP22","HGNC:9118","chr17:15133096-15168643","chr17:15229779-15265326","Sufficient Evidence for Haploinsufficiency","No Evidence for Triplosensitivity","https://search.clinicalgenome.org/kb/gene-dosage/HGNC:9118","2012-07-12T19:09:22+00:00"
"PMS2","HGNC:9122","chr7:6010556-6048737","chr7:5970925-6009106","Sufficient Evidence for Haploinsufficiency","No Evidence for Triplosensitivity","https://search.clinicalgenome.org/kb/gene-dosage/HGNC:9122","2026-04-22T21:04:40+00:00"
"PNP","HGNC:7892","chr14:20937565-20945248","chr14:20469406-20477089","Gene Associated with Autosomal Recessive Phenotype","No Evidence for Triplosensitivity","https://search.clinicalgenome.org/kb/gene-dosage/HGNC:7892","2016-08-22T17:51:34+00:00"
"POGZ","HGNC:18801","chr1:151375200-151431970","chr1:151402724-151459494","Sufficient Evidence for Haploinsufficiency","No Evidence for Triplosensitivity","https://search.clinicalgenome.org/kb/gene-dosage/HGNC:18801","2017-12-27T17:50:10+00:00"
"POLD1","HGNC:9175","chr19:50887580-50921275","chr19:50384323-50418018","Little Evidence for Haploinsufficiency","No Evidence for Triplosensitivity","https://search.clinicalgenome.org/kb/gene-dosage/HGNC:9175","2020-06-05T21:15:44+00:00"
"POLE","HGNC:9177","chr12:133200348-133263928","chr12:132623762-132687342","Little Evidence for Haploinsufficiency","No Evidence for Triplosensitivity","https://search.clinicalgenome.org/kb/gene-dosage/HGNC:9177","2019-12-16T22:15:42+00:00"
"POLH","HGNC:9181","chr6:43543922-43588260","chr6:43576185-43620523","Gene Associated with Autosomal Recessive Phenotype","No Evidence for Triplosensitivity","https://search.clinicalgenome.org/kb/gene-dosage/HGNC:9181","2024-11-13T22:13:36+00:00"
"POLL","HGNC:9184","chr10:103338639-103348027","chr10:101578882-101588270","No Evidence for Haploinsufficiency","No Evidence for Triplosensitivity","https://search.clinicalgenome.org/kb/gene-dosage/HGNC:9184","2011-12-21T15:42:56+00:00"
"POLR1D","HGNC:20422","chr13:28194880-28241548","chr13:27620743-27667411","Sufficient Evidence for Haploinsufficiency","No Evidence for Triplosensitivity","https://search.clinicalgenome.org/kb/gene-dosage/HGNC:20422","2021-06-23T16:35:48+00:00"
"POMP","HGNC:20330","chr13:29233267-29253096","chr13:28659130-28678959","Gene Associated with Autosomal Recessive Phenotype","No Evidence for Triplosensitivity","https://search.clinicalgenome.org/kb/gene-dosage/HGNC:20330","2015-08-27T14:20:53+00:00"
"POMT1","HGNC:9202","chr9:134378305-134399186","chr9:131502918-131523799","Gene Associated with Autosomal Recessive Phenotype","No Evidence for Triplosensitivity","https://search.clinicalgenome.org/kb/gene-dosage/HGNC:9202","2025-07-25T15:37:11+00:00"
"POMT2","HGNC:19743","chr14:77741299-77787226","chr14:77274956-77320883","Gene Associated with Autosomal Recessive Phenotype","Not yet evaluated","https://search.clinicalgenome.org/kb/gene-dosage/HGNC:19743","2016-08-22T17:51:35+00:00"
"POR","HGNC:9208","chr7:75544473-75616173","chr7:75915155-75986855","Gene Associated with Autosomal Recessive Phenotype","Not yet evaluated","https://search.clinicalgenome.org/kb/gene-dosage/HGNC:9208","2016-08-22T17:51:36+00:00"
"PORCN","HGNC:17652","chrX:48367380-48379202","chrX:48508992-48520814","Sufficient Evidence for Haploinsufficiency","No Evidence for Triplosensitivity","https://search.clinicalgenome.org/kb/gene-dosage/HGNC:17652","2012-08-23T19:26:29+00:00"
"POT1","HGNC:17284","chr7:124462440-124569879","chr7:124822386-124929825","Emerging Evidence for Haploinsufficiency","No Evidence for Triplosensitivity","https://search.clinicalgenome.org/kb/gene-dosage/HGNC:17284","2025-05-30T21:24:40+00:00"
"POU3F3","HGNC:9216","chr2:105470573-105475032","chr2:104854115-104858574","No Evidence for Haploinsufficiency","Not yet evaluated","https://search.clinicalgenome.org/kb/gene-dosage/HGNC:9216","2025-01-14T17:26:24+00:00"
"POU3F4","HGNC:9217","chrX:82763298-82767135","chrX:83508290-83512127","Sufficient Evidence for Haploinsufficiency","No Evidence for Triplosensitivity","https://search.clinicalgenome.org/kb/gene-dosage/HGNC:9217","2025-05-28T16:27:06+00:00"
"POU4F3","HGNC:9220","chr5:145718402-145721291","chr5:146338839-146341728","Sufficient Evidence for Haploinsufficiency","No Evidence for Triplosensitivity","https://search.clinicalgenome.org/kb/gene-dosage/HGNC:9220","2023-11-29T17:37:53+00:00"
"PPIB","HGNC:9255","chr15:64448016-64455221","chr15:64155817-64163022","Gene Associated with Autosomal Recessive Phenotype","No Evidence for Triplosensitivity","https://search.clinicalgenome.org/kb/gene-dosage/HGNC:9255","2016-08-22T17:51:37+00:00"
"PPIP5K1","HGNC:29023","chr15:43825660-43882451","chr15:43533475-43590253","Gene Associated with Autosomal Recessive Phenotype","No Evidence for Triplosensitivity","https://search.clinicalgenome.org/kb/gene-dosage/HGNC:29023","2012-08-27T00:33:04+00:00"
"PPM1D","HGNC:9277","chr17:58677554-58743641","chr17:60600193-60666280","No Evidence for Haploinsufficiency","No Evidence for Triplosensitivity","https://search.clinicalgenome.org/kb/gene-dosage/HGNC:9277","2023-03-28T16:22:11+00:00"
"PPP1CB","HGNC:9282","chr2:28974470-29025806","chr2:28751604-28802940","No Evidence for Haploinsufficiency","No Evidence for Triplosensitivity","https://search.clinicalgenome.org/kb/gene-dosage/HGNC:9282","2025-05-28T16:35:43+00:00"
"PPP1R9A","HGNC:14946","chr7:94536906-94925727","chr7:94907236-95296415","No Evidence for Haploinsufficiency","No Evidence for Triplosensitivity","https://search.clinicalgenome.org/kb/gene-dosage/HGNC:14946","2012-04-04T14:29:23+00:00"
"PPP2R1A","HGNC:9302","chr19:52693305-52732771","chr19:52190052-52229518","No Evidence for Haploinsufficiency","No Evidence for Triplosensitivity","https://search.clinicalgenome.org/kb/gene-dosage/HGNC:9302","2023-12-06T17:52:07+00:00"
"PPP2R5D","HGNC:9312","chr6:42952308-42980080","chr6:42984570-43012342","Little Evidence for Haploinsufficiency","No Evidence for Triplosensitivity","https://search.clinicalgenome.org/kb/gene-dosage/HGNC:9312","2021-05-26T16:13:52+00:00"
"PPT1","HGNC:9325","chr1:40537133-40562924","chr1:40071461-40097252","Gene Associated with Autosomal Recessive Phenotype","No Evidence for Triplosensitivity","https://search.clinicalgenome.org/kb/gene-dosage/HGNC:9325","2016-08-22T17:51:38+00:00"
"PQBP1","HGNC:9330","chrX:48755213-48760420","chrX:48897930-48903143","Sufficient Evidence for Haploinsufficiency","No Evidence for Triplosensitivity","https://search.clinicalgenome.org/kb/gene-dosage/HGNC:9330","2020-04-09T19:32:14+00:00"
"PRCD","HGNC:32528","chr17:74523668-74541458","chr17:76527586-76553580","Gene Associated with Autosomal Recessive Phenotype","No Evidence for Triplosensitivity","https://search.clinicalgenome.org/kb/gene-dosage/HGNC:32528","2016-08-22T17:51:39+00:00"
"PRDM6","HGNC:9350","chr5:122424936-122529960","chr5:123089241-123194266","No Evidence for Haploinsufficiency","No Evidence for Triplosensitivity","https://search.clinicalgenome.org/kb/gene-dosage/HGNC:9350","2017-12-14T17:45:09+00:00"
"PREPL","HGNC:30228","chr2:44544746-44589001","chr2:44317607-44361862","Gene Associated with Autosomal Recessive Phenotype","No Evidence for Triplosensitivity","https://search.clinicalgenome.org/kb/gene-dosage/HGNC:30228","2012-03-21T14:38:43+00:00"
"PRF1","HGNC:9360","chr10:72357104-72362497","chr10:70597348-70602741","Gene Associated with Autosomal Recessive Phenotype","Not yet evaluated","https://search.clinicalgenome.org/kb/gene-dosage/HGNC:9360","2025-07-09T16:21:45+00:00"
"PRG4","HGNC:9364","chr1:186265405-186283699","chr1:186296273-186314567","Gene Associated with Autosomal Recessive Phenotype","No Evidence for Triplosensitivity","https://search.clinicalgenome.org/kb/gene-dosage/HGNC:9364","2016-08-22T17:51:39+00:00"
"PRKAG2","HGNC:9386","chr7:151253213-151574200","chr7:151556127-151877115","No Evidence for Haploinsufficiency","No Evidence for Triplosensitivity","https://search.clinicalgenome.org/kb/gene-dosage/HGNC:9386","2015-11-05T23:57:45+00:00"
"PRKAR1A","HGNC:9388","chr17:66409764-66547457","chr17:68413623-68551316","Sufficient Evidence for Haploinsufficiency","No Evidence for Triplosensitivity","https://search.clinicalgenome.org/kb/gene-dosage/HGNC:9388","2024-10-09T16:50:46+00:00"
"PRKCSH","HGNC:9411","chr19:11546456-11561783","chr19:11435635-11450968","Sufficient Evidence for Haploinsufficiency","No Evidence for Triplosensitivity","https://search.clinicalgenome.org/kb/gene-dosage/HGNC:9411","2025-07-08T16:46:20+00:00"
"PRKD1","HGNC:9407","chr14:30045685-30397053","chr14:29576479-29927847","No Evidence for Haploinsufficiency","Not yet evaluated","https://search.clinicalgenome.org/kb/gene-dosage/HGNC:9407","2025-04-08T16:15:08+00:00"
"PRKN","HGNC:8607","chr6:161768449-163148798","chr6:161347417-162727766","Gene Associated with Autosomal Recessive Phenotype","No Evidence for Triplosensitivity","https://search.clinicalgenome.org/kb/gene-dosage/HGNC:8607","2018-05-15T13:43:46+00:00"
"PRODH","HGNC:9453","chr22:18900294-18924066","chr22:18912781-18936553","Gene Associated with Autosomal Recessive Phenotype","No Evidence for Triplosensitivity","https://search.clinicalgenome.org/kb/gene-dosage/HGNC:9453","2022-11-08T17:14:17+00:00"
"PROP1","HGNC:9455","chr5:177419236-177423243","chr5:177992235-177996242","Gene Associated with Autosomal Recessive Phenotype","No Evidence for Triplosensitivity","https://search.clinicalgenome.org/kb/gene-dosage/HGNC:9455","2016-08-22T17:51:41+00:00"
"PRPS1","HGNC:9462","chrX:106871740-106894256","chrX:107628510-107651026","Sufficient Evidence for Haploinsufficiency","No Evidence for Triplosensitivity","https://search.clinicalgenome.org/kb/gene-dosage/HGNC:9462","2012-05-17T19:10:54+00:00"
"PRR12","HGNC:29217","chr19:50094439-50129696","chr19:49591182-49626439","Sufficient Evidence for Haploinsufficiency","No Evidence for Triplosensitivity","https://search.clinicalgenome.org/kb/gene-dosage/HGNC:29217","2023-11-29T17:41:51+00:00"
"PRRT2","HGNC:30500","chr16:29823514-29827202","chr16:29812193-29815881","Sufficient Evidence for Haploinsufficiency","No Evidence for Triplosensitivity","https://search.clinicalgenome.org/kb/gene-dosage/HGNC:30500","2025-10-28T20:47:06+00:00"
"PRSS1","HGNC:9475","chr7:142457323-142460923","chr7:142749472-142753072","No Evidence for Haploinsufficiency","No Evidence for Triplosensitivity","https://search.clinicalgenome.org/kb/gene-dosage/HGNC:9475","2026-05-13T01:13:44+00:00"
"PSAT1","HGNC:19129","chr9:80912041-80945009","chr9:78297125-78330093","Gene Associated with Autosomal Recessive Phenotype","Not yet evaluated","https://search.clinicalgenome.org/kb/gene-dosage/HGNC:19129","2016-08-22T17:51:42+00:00"
"PSD3","HGNC:19093","chr8:18384813-18871213","chr8:18527303-19084805","No Evidence for Haploinsufficiency","No Evidence for Triplosensitivity","https://search.clinicalgenome.org/kb/gene-dosage/HGNC:19093","2016-12-07T19:50:24+00:00"
"PSORS1C2","HGNC:17199","chr6:31105311-31106843","chr6:31137534-31139066","Dosage Sensitivity Unlikely for Haploinsufficiency","No Evidence for Triplosensitivity","https://search.clinicalgenome.org/kb/gene-dosage/HGNC:17199","2021-02-02T20:38:57+00:00"
"PSPH","HGNC:9577","chr7:56078757-56119137","chr7:56011064-56051444","Gene Associated with Autosomal Recessive Phenotype","No Evidence for Triplosensitivity","https://search.clinicalgenome.org/kb/gene-dosage/HGNC:9577","2016-08-22T17:51:43+00:00"
"PTCH1","HGNC:9585","chr9:98205262-98279253","chr9:95442980-95516971","Sufficient Evidence for Haploinsufficiency","No Evidence for Triplosensitivity","https://search.clinicalgenome.org/kb/gene-dosage/HGNC:9585","2020-07-01T16:12:20+00:00"
"PTCHD1","HGNC:26392","chrX:23352966-23422491","chrX:23334396-23404374","Sufficient Evidence for Haploinsufficiency","No Evidence for Triplosensitivity","https://search.clinicalgenome.org/kb/gene-dosage/HGNC:26392","2018-02-28T17:09:01+00:00"
"PTEN","HGNC:9588","chr10:89623382-89731687","chr10:87863625-87971930","Sufficient Evidence for Haploinsufficiency","No Evidence for Triplosensitivity","https://search.clinicalgenome.org/kb/gene-dosage/HGNC:9588","2020-06-24T16:14:33+00:00"
"PTH1R","HGNC:9608","chr3:46919211-46945289","chr3:46877721-46903799","Sufficient Evidence for Haploinsufficiency","No Evidence for Triplosensitivity","https://search.clinicalgenome.org/kb/gene-dosage/HGNC:9608","2024-06-28T12:22:23+00:00"
"PTHLH","HGNC:9607","chr12:28111017-28125666","chr12:27958084-27972733","Sufficient Evidence for Haploinsufficiency","Little Evidence for Triplosensitivity","https://search.clinicalgenome.org/kb/gene-dosage/HGNC:9607","2023-01-25T18:07:31+00:00"
"PTPN11","HGNC:9644","chr12:112856751-112947722","chr12:112418947-112509918","Sufficient Evidence for Haploinsufficiency","No Evidence for Triplosensitivity","https://search.clinicalgenome.org/kb/gene-dosage/HGNC:9644","2020-09-08T16:21:03+00:00"
"PTPRQ","HGNC:9679","chr12:80838015-81074052","chr12:80444235-80680273","Gene Associated with Autosomal Recessive Phenotype","Not yet evaluated","https://search.clinicalgenome.org/kb/gene-dosage/HGNC:9679","2016-08-22T17:51:44+00:00"
"PTS","HGNC:9689","chr11:112097151-112104696","chr11:112226428-112233973","Gene Associated with Autosomal Recessive Phenotype","No Evidence for Triplosensitivity","https://search.clinicalgenome.org/kb/gene-dosage/HGNC:9689","2016-08-22T17:51:44+00:00"
"PUF60","HGNC:17042","chr8:144898514-144911485","chr8:143816344-143829315","Sufficient Evidence for Haploinsufficiency","No Evidence for Triplosensitivity","https://search.clinicalgenome.org/kb/gene-dosage/HGNC:17042","2024-01-09T17:24:43+00:00"
"PURA","HGNC:9701","chr5:139493694-139505204","chr5:140114109-140125619","Sufficient Evidence for Haploinsufficiency","No Evidence for Triplosensitivity","https://search.clinicalgenome.org/kb/gene-dosage/HGNC:9701","2025-03-26T16:52:08+00:00"
"PXDN","HGNC:14966","chr2:1635659-1748287","chr2:1631887-1744901","Gene Associated with Autosomal Recessive Phenotype","No Evidence for Triplosensitivity","https://search.clinicalgenome.org/kb/gene-dosage/HGNC:14966","2016-08-22T17:51:45+00:00"
"PYCR1","HGNC:9721","chr17:79890267-79895176","chr17:81932391-81937300","Gene Associated with Autosomal Recessive Phenotype","Not yet evaluated","https://search.clinicalgenome.org/kb/gene-dosage/HGNC:9721","2016-08-22T17:51:46+00:00"
"QDPR","HGNC:9752","chr4:17488018-17513713","chr4:17486395-17512090","Gene Associated with Autosomal Recessive Phenotype","Not yet evaluated","https://search.clinicalgenome.org/kb/gene-dosage/HGNC:9752","2016-08-22T17:51:46+00:00"
"QRICH1","HGNC:24713","chr3:49067140-49131806","chr3:49029707-49094373","Sufficient Evidence for Haploinsufficiency","No Evidence for Triplosensitivity","https://search.clinicalgenome.org/kb/gene-dosage/HGNC:24713","2023-11-15T14:45:30+00:00"
"RAB27A","HGNC:9766","chr15:55495164-55582011","chr15:55202966-55289813","Gene Associated with Autosomal Recessive Phenotype","Not yet evaluated","https://search.clinicalgenome.org/kb/gene-dosage/HGNC:9766","2016-08-22T17:51:47+00:00"
"RAB28","HGNC:9768","chr4:13369348-13485964","chr4:13367724-13484340","Gene Associated with Autosomal Recessive Phenotype","Not yet evaluated","https://search.clinicalgenome.org/kb/gene-dosage/HGNC:9768","2016-08-22T17:51:48+00:00"
"RAB39B","HGNC:16499","chrX:154487520-154493776","chrX:155258235-155264491","Sufficient Evidence for Haploinsufficiency","No Evidence for Triplosensitivity","https://search.clinicalgenome.org/kb/gene-dosage/HGNC:16499","2020-05-29T05:20:46+00:00"
"RAB3GAP1","HGNC:17063","chr2:135809862-135928280","chr2:135052292-135176396","Gene Associated with Autosomal Recessive Phenotype","Not yet evaluated","https://search.clinicalgenome.org/kb/gene-dosage/HGNC:17063","2016-08-22T17:51:48+00:00"
"RAB3GAP2","HGNC:17168","chr1:220321635-220445795","chr1:220148293-220272453","Gene Associated with Autosomal Recessive Phenotype","No Evidence for Triplosensitivity","https://search.clinicalgenome.org/kb/gene-dosage/HGNC:17168","2016-08-22T17:51:49+00:00"
"RABL2A","HGNC:9799","chr2:114384843-114400969","chr2:113627266-113643392","Dosage Sensitivity Unlikely for Haploinsufficiency","No Evidence for Triplosensitivity","https://search.clinicalgenome.org/kb/gene-dosage/HGNC:9799","2021-02-02T20:43:12+00:00"
"RAD21","HGNC:9811","chr8:117858173-117887015","chr8:116845934-116874776","Sufficient Evidence for Haploinsufficiency","No Evidence for Triplosensitivity","https://search.clinicalgenome.org/kb/gene-dosage/HGNC:9811","2022-03-08T17:34:37+00:00"
"RAD50","HGNC:9816","chr5:131892669-131982041","chr5:132556977-132646349","Little Evidence for Haploinsufficiency","No Evidence for Triplosensitivity","https://search.clinicalgenome.org/kb/gene-dosage/HGNC:9816","2025-03-12T16:43:46+00:00"
"RAD51B","HGNC:9822","chr14:68286496-69149813","chr14:67819779-68683096","Little Evidence for Haploinsufficiency","No Evidence for Triplosensitivity","https://search.clinicalgenome.org/kb/gene-dosage/HGNC:9822","2025-06-19T21:07:58+00:00"
"RAD51C","HGNC:9820","chr17:56769934-56812972","chr17:58692573-58735611","Sufficient Evidence for Haploinsufficiency","No Evidence for Triplosensitivity","https://search.clinicalgenome.org/kb/gene-dosage/HGNC:9820","2020-07-08T16:34:36+00:00"
"RAD51D","HGNC:9823","chr17:33419240-33446879","chr17:35092221-35119860","Sufficient Evidence for Haploinsufficiency","No Evidence for Triplosensitivity","https://search.clinicalgenome.org/kb/gene-dosage/HGNC:9823","2024-01-09T17:38:35+00:00"
"RAF1","HGNC:9829","chr3:12625100-12705616","chr3:12583601-12664117","No Evidence for Haploinsufficiency","No Evidence for Triplosensitivity","https://search.clinicalgenome.org/kb/gene-dosage/HGNC:9829","2018-09-13T18:34:18+00:00"
"RAG1","HGNC:9831","chr11:36531903-36601312","chr11:36510353-36579762","Gene Associated with Autosomal Recessive Phenotype","Not yet evaluated","https://search.clinicalgenome.org/kb/gene-dosage/HGNC:9831","2016-08-22T17:51:50+00:00"
"RAG2","HGNC:9832","chr11:36613493-36619786","chr11:36590996-36598236","Gene Associated with Autosomal Recessive Phenotype","Not yet evaluated","https://search.clinicalgenome.org/kb/gene-dosage/HGNC:9832","2016-08-22T17:51:50+00:00"
"RAI1","HGNC:9834","chr17:17584772-17714767","chr17:17681458-17811453","Sufficient Evidence for Haploinsufficiency","No Evidence for Triplosensitivity","https://search.clinicalgenome.org/kb/gene-dosage/HGNC:9834","2020-10-13T16:11:47+00:00"
"RALGAPB","HGNC:29221","chr20:37101486-37207501","chr20:38472843-38578858","Little Evidence for Haploinsufficiency","No Evidence for Triplosensitivity","https://search.clinicalgenome.org/kb/gene-dosage/HGNC:29221","2019-02-27T17:45:04+00:00"
"RARS2","HGNC:21406","chr6:88223656-88299705","chr6:87513938-87589987","Gene Associated with Autosomal Recessive Phenotype","No Evidence for Triplosensitivity","https://search.clinicalgenome.org/kb/gene-dosage/HGNC:21406","2015-04-09T03:17:36+00:00"
"RASA1","HGNC:9871","chr5:86563700-86687733","chr5:87267883-87391916","Sufficient Evidence for Haploinsufficiency","No Evidence for Triplosensitivity","https://search.clinicalgenome.org/kb/gene-dosage/HGNC:9871","2020-04-22T16:05:15+00:00"
"RAX","HGNC:18662","chr18:56934270-56940686","chr18:59267038-59273454","Gene Associated with Autosomal Recessive Phenotype","Not yet evaluated","https://search.clinicalgenome.org/kb/gene-dosage/HGNC:18662","2016-08-22T17:51:51+00:00"
"RB1","HGNC:9884","chr13:48877887-49056026","chr13:48303751-48481890","Sufficient Evidence for Haploinsufficiency","No Evidence for Triplosensitivity","https://search.clinicalgenome.org/kb/gene-dosage/HGNC:9884","2021-03-09T17:19:02+00:00"
"RB1CC1","HGNC:15574","chr8:53535018-53626995","chr8:52622458-52714435","Little Evidence for Haploinsufficiency","No Evidence for Triplosensitivity","https://search.clinicalgenome.org/kb/gene-dosage/HGNC:15574","2018-07-25T18:39:03+00:00"
"RBBP8","HGNC:9891","chr18:20513291-20606449","chr18:22914139-23026486","Gene Associated with Autosomal Recessive Phenotype","Not yet evaluated","https://search.clinicalgenome.org/kb/gene-dosage/HGNC:9891","2016-08-22T17:51:52+00:00"
"RBM20","HGNC:27424","chr10:112404094-112599226","chr10:110643245-110839468","Little Evidence for Haploinsufficiency","No Evidence for Triplosensitivity","https://search.clinicalgenome.org/kb/gene-dosage/HGNC:27424","2026-03-26T19:55:08+00:00"
"RBP3","HGNC:9921","chr10:48381481-48390999","chr10:47348363-47357881","Gene Associated with Autosomal Recessive Phenotype","No Evidence for Triplosensitivity","https://search.clinicalgenome.org/kb/gene-dosage/HGNC:9921","2016-08-22T17:51:52+00:00"
"RCAN1","HGNC:3040","chr21:35888740-35987412","chr21:34516442-34615113","No Evidence for Haploinsufficiency","No Evidence for Triplosensitivity","https://search.clinicalgenome.org/kb/gene-dosage/HGNC:3040","2012-04-27T03:38:04+00:00"
"RDX","HGNC:9944","chr11:110045647-110167339","chr11:110174922-110296614","Gene Associated with Autosomal Recessive Phenotype","No Evidence for Triplosensitivity","https://search.clinicalgenome.org/kb/gene-dosage/HGNC:9944","2016-08-22T17:51:54+00:00"
"RECQL","HGNC:9948","chr12:21621844-21654569","chr12:21468910-21501635","Gene Associated with Autosomal Recessive Phenotype","Not yet evaluated","https://search.clinicalgenome.org/kb/gene-dosage/HGNC:9948","2024-09-11T16:24:46+00:00"
"REEP6","HGNC:30078","chr19:1491180-1497926","chr19:1491181-1497927","Gene Associated with Autosomal Recessive Phenotype","No Evidence for Triplosensitivity","https://search.clinicalgenome.org/kb/gene-dosage/HGNC:30078","2025-08-04T20:51:39+00:00"
"RELN","HGNC:9957","chr7:103112236-103630105","chr7:103471789-103989658","No Evidence for Haploinsufficiency","No Evidence for Triplosensitivity","https://search.clinicalgenome.org/kb/gene-dosage/HGNC:9957","2023-12-14T22:09:00+00:00"
"RERE","HGNC:9965","chr1:8412464-8877699","chr1:8352404-8817640","Little Evidence for Haploinsufficiency","Not yet evaluated","https://search.clinicalgenome.org/kb/gene-dosage/HGNC:9965","2026-04-14T16:47:19+00:00"
"RET","HGNC:9967","chr10:43572517-43625799","chr10:43077069-43130351","Sufficient Evidence for Haploinsufficiency","No Evidence for Triplosensitivity","https://search.clinicalgenome.org/kb/gene-dosage/HGNC:9967","2020-08-26T16:40:35+00:00"
"RETREG1","HGNC:25964","chr5:16473162-16617106","chr5:16473053-16616997","Gene Associated with Autosomal Recessive Phenotype","No Evidence for Triplosensitivity","https://search.clinicalgenome.org/kb/gene-dosage/HGNC:25964","2016-08-22T17:48:26+00:00"
"RFX3","HGNC:9984","chr9:3218297-3526001","chr9:3218297-3526001","Sufficient Evidence for Haploinsufficiency","No Evidence for Triplosensitivity","https://search.clinicalgenome.org/kb/gene-dosage/HGNC:9984","2026-03-25T16:28:11+00:00"
"RFX6","HGNC:21478","chr6:117198405-117253324","chr6:116877242-116932161","Gene Associated with Autosomal Recessive Phenotype","No Evidence for Triplosensitivity","https://search.clinicalgenome.org/kb/gene-dosage/HGNC:21478","2015-09-18T19:56:16+00:00"
"RHBDF2","HGNC:20788","chr17:74466975-74497509","chr17:76470893-76501427","No Evidence for Haploinsufficiency","No Evidence for Triplosensitivity","https://search.clinicalgenome.org/kb/gene-dosage/HGNC:20788","2025-09-10T13:23:45+00:00"
"RIMS1","HGNC:17282","chr6:72596253-73112847","chr6:71886550-72403145","Little Evidence for Haploinsufficiency","No Evidence for Triplosensitivity","https://search.clinicalgenome.org/kb/gene-dosage/HGNC:17282","2018-01-24T17:22:13+00:00"
"RIN2","HGNC:18750","chr20:19738902-19983100","chr20:19757599-20002456","Gene Associated with Autosomal Recessive Phenotype","Not yet evaluated","https://search.clinicalgenome.org/kb/gene-dosage/HGNC:18750","2016-08-22T17:51:55+00:00"
"RINT1","HGNC:21876","chr7:105172648-105208124","chr7:105532201-105567677","No Evidence for Haploinsufficiency","No Evidence for Triplosensitivity","https://search.clinicalgenome.org/kb/gene-dosage/HGNC:21876","2024-07-10T14:06:47+00:00"
"RIPK4","HGNC:496","chr21:43159533-43187212","chr21:41739373-41767052","Gene Associated with Autosomal Recessive Phenotype","No Evidence for Triplosensitivity","https://search.clinicalgenome.org/kb/gene-dosage/HGNC:496","2016-08-22T17:51:56+00:00"
"RIT1","HGNC:10023","chr1:155867599-155881140","chr1:155897808-155911349","No Evidence for Haploinsufficiency","No Evidence for Triplosensitivity","https://search.clinicalgenome.org/kb/gene-dosage/HGNC:10023","2025-09-24T16:44:31+00:00"
"RMND1","HGNC:21176","chr6:151725897-151773261","chr6:151404762-151452126","Gene Associated with Autosomal Recessive Phenotype","No Evidence for Triplosensitivity","https://search.clinicalgenome.org/kb/gene-dosage/HGNC:21176","2016-08-22T17:51:57+00:00"
"RMRP","HGNC:10031","chr9:35657748-35658015","chr9:35657750-35658019","Gene Associated with Autosomal Recessive Phenotype","Not yet evaluated","https://search.clinicalgenome.org/kb/gene-dosage/HGNC:10031","2016-08-22T17:51:58+00:00"
"RNASEH2A","HGNC:18518","chr19:12917398-12924454","chr19:12806584-12813640","Gene Associated with Autosomal Recessive Phenotype","Not yet evaluated","https://search.clinicalgenome.org/kb/gene-dosage/HGNC:18518","2016-08-22T17:51:58+00:00"
"RNF135","HGNC:21158","chr17:29298057-29326929","chr17:30958921-30999911","No Evidence for Haploinsufficiency","No Evidence for Triplosensitivity","https://search.clinicalgenome.org/kb/gene-dosage/HGNC:21158","2021-09-22T16:14:37+00:00"
"RNF168","HGNC:26661","chr3:196195654-196230639","chr3:196468783-196503768","Gene Associated with Autosomal Recessive Phenotype","No Evidence for Triplosensitivity","https://search.clinicalgenome.org/kb/gene-dosage/HGNC:26661","2016-08-22T17:51:59+00:00"
"RNF32","HGNC:17118","chr7:156433468-156469824","chr7:156640204-156677130","Dosage Sensitivity Unlikely for Haploinsufficiency","No Evidence for Triplosensitivity","https://search.clinicalgenome.org/kb/gene-dosage/HGNC:17118","2021-02-02T20:46:43+00:00"
"RNF43","HGNC:18505","chr17:56429861-56494895","chr17:58352500-58417534","Emerging Evidence for Haploinsufficiency","No Evidence for Triplosensitivity","https://search.clinicalgenome.org/kb/gene-dosage/HGNC:18505","2026-01-14T17:30:25+00:00"
"ROBO1","HGNC:10249","chr3:78646389-79817148","chr3:78597239-79767998","No Evidence for Haploinsufficiency","No Evidence for Triplosensitivity","https://search.clinicalgenome.org/kb/gene-dosage/HGNC:10249","2018-09-25T18:13:34+00:00"
"ROBO3","HGNC:13433","chr11:124735328-124751367","chr11:124865432-124881471","Gene Associated with Autosomal Recessive Phenotype","No Evidence for Triplosensitivity","https://search.clinicalgenome.org/kb/gene-dosage/HGNC:13433","2016-08-22T17:52:00+00:00"
"ROGDI","HGNC:29478","chr16:4846969-4852634","chr16:4796968-4802633","Gene Associated with Autosomal Recessive Phenotype","No Evidence for Triplosensitivity","https://search.clinicalgenome.org/kb/gene-dosage/HGNC:29478","2015-02-12T19:55:30+00:00"
"ROR2","HGNC:10257","chr9:94484883-94712510","chr9:91722601-91950228","No Evidence for Haploinsufficiency","No Evidence for Triplosensitivity","https://search.clinicalgenome.org/kb/gene-dosage/HGNC:10257","2013-03-27T18:19:01+00:00"
"RORB","HGNC:10259","chr9:77112251-77308093","chr9:74497335-74693177","Sufficient Evidence for Haploinsufficiency","No Evidence for Triplosensitivity","https://search.clinicalgenome.org/kb/gene-dosage/HGNC:10259","2025-01-14T17:57:00+00:00"
"RP2","HGNC:10274","chrX:46696478-46741793","chrX:46837043-46882358","Sufficient Evidence for Haploinsufficiency","No Evidence for Triplosensitivity","https://search.clinicalgenome.org/kb/gene-dosage/HGNC:10274","2012-10-04T19:17:34+00:00"
"RPE65","HGNC:10294","chr1:68894505-68915637","chr1:68428822-68449954","Gene Associated with Autosomal Recessive Phenotype","No Evidence for Triplosensitivity","https://search.clinicalgenome.org/kb/gene-dosage/HGNC:10294","2025-02-27T20:50:52+00:00"
"RPGRIP1","HGNC:13436","chr14:21748242-21819460","chr14:21280083-21351301","Gene Associated with Autosomal Recessive Phenotype","No Evidence for Triplosensitivity","https://search.clinicalgenome.org/kb/gene-dosage/HGNC:13436","2016-08-22T17:52:01+00:00"
"RPH3A","HGNC:17056","chr12:113013040-113336686","chr12:112575236-112898881","Little Evidence for Haploinsufficiency","No Evidence for Triplosensitivity","https://search.clinicalgenome.org/kb/gene-dosage/HGNC:17056","2018-07-25T16:33:18+00:00"
"RPL10","HGNC:10298","chrX:153626406-153630680","chrX:154398065-154402339","No Evidence for Haploinsufficiency","No Evidence for Triplosensitivity","https://search.clinicalgenome.org/kb/gene-dosage/HGNC:10298","2018-10-24T16:04:51+00:00"
"RPL15","HGNC:10306","chr3:23958036-23966122","chr3:23916545-23924631","Little Evidence for Haploinsufficiency","No Evidence for Triplosensitivity","https://search.clinicalgenome.org/kb/gene-dosage/HGNC:10306","2014-07-16T14:39:28+00:00"
"RPL5","HGNC:10360","chr1:93297543-93307481","chr1:92831986-92841924","Sufficient Evidence for Haploinsufficiency","No Evidence for Triplosensitivity","https://search.clinicalgenome.org/kb/gene-dosage/HGNC:10360","2026-07-01T02:36:06+00:00"
"RPS10","HGNC:10383","chr6:34385231-34393846","chr6:34417454-34426069","Emerging Evidence for Haploinsufficiency","No Evidence for Triplosensitivity","https://search.clinicalgenome.org/kb/gene-dosage/HGNC:10383","2025-12-11T15:20:36+00:00"
"RPS17","HGNC:10397","chr15:83205501-83209208","chr15:82536750-82540457","Sufficient Evidence for Haploinsufficiency","No Evidence for Triplosensitivity","https://search.clinicalgenome.org/kb/gene-dosage/HGNC:10397","2015-12-10T21:48:07+00:00"
"RPS19","HGNC:10402","chr19:42364325-42376993","chr19:41860255-41872925","Sufficient Evidence for Haploinsufficiency","No Evidence for Triplosensitivity","https://search.clinicalgenome.org/kb/gene-dosage/HGNC:10402","2021-03-24T19:03:22+00:00"
"RPS20","HGNC:10405","chr8:56979813-56987065","chr8:56067254-56074506","No Evidence for Haploinsufficiency","No Evidence for Triplosensitivity","https://search.clinicalgenome.org/kb/gene-dosage/HGNC:10405","2024-12-12T14:16:46+00:00"
"RPS24","HGNC:10411","chr10:79793621-79816564","chr10:78033863-78056806","Sufficient Evidence for Haploinsufficiency","No Evidence for Triplosensitivity","https://search.clinicalgenome.org/kb/gene-dosage/HGNC:10411","2025-04-09T21:26:34+00:00"
"RPS26","HGNC:10414","chr12:56435702-56438481","chr12:56041918-56044697","Sufficient Evidence for Haploinsufficiency","No Evidence for Triplosensitivity","https://search.clinicalgenome.org/kb/gene-dosage/HGNC:10414","2019-10-23T16:46:13+00:00"
"RPS6KA3","HGNC:10432","chrX:20168029-20285027","chrX:20149911-20267097","Sufficient Evidence for Haploinsufficiency","No Evidence for Triplosensitivity","https://search.clinicalgenome.org/kb/gene-dosage/HGNC:10432","2022-06-14T16:10:45+00:00"
"RPS7","HGNC:10440","chr2:3622850-3628510","chr2:3575260-3580920","Emerging Evidence for Haploinsufficiency","No Evidence for Triplosensitivity","https://search.clinicalgenome.org/kb/gene-dosage/HGNC:10440","2025-10-16T19:45:17+00:00"
"RS1","HGNC:10457","chrX:18657808-18690228","chrX:18639688-18672108","Sufficient Evidence for Haploinsufficiency","No Evidence for Triplosensitivity","https://search.clinicalgenome.org/kb/gene-dosage/HGNC:10457","2021-08-02T16:04:12+00:00"
"RSPH1","HGNC:12371","chr21:43892596-43916334","chr21:42472486-42496224","Gene Associated with Autosomal Recessive Phenotype","Not yet evaluated","https://search.clinicalgenome.org/kb/gene-dosage/HGNC:12371","2016-08-22T17:52:02+00:00"
"RSPH4A","HGNC:21558","chr6:116937642-116954148","chr6:116616479-116632985","Gene Associated with Autosomal Recessive Phenotype","Not yet evaluated","https://search.clinicalgenome.org/kb/gene-dosage/HGNC:21558","2016-08-22T17:52:02+00:00"
"RSPO4","HGNC:16175","chr20:939095-982954","chr20:958452-1002311","Gene Associated with Autosomal Recessive Phenotype","Not yet evaluated","https://search.clinicalgenome.org/kb/gene-dosage/HGNC:16175","2016-08-22T17:52:03+00:00"
"RTTN","HGNC:18654","chr18:67670267-67872923","chr18:70003031-70205687","Gene Associated with Autosomal Recessive Phenotype","Not yet evaluated","https://search.clinicalgenome.org/kb/gene-dosage/HGNC:18654","2016-08-22T17:52:05+00:00"
"RUNX1","HGNC:10471","chr21:36160098-36421599","chr21:34787801-35049302","Sufficient Evidence for Haploinsufficiency","No Evidence for Triplosensitivity","https://search.clinicalgenome.org/kb/gene-dosage/HGNC:10471","2023-06-14T16:45:14+00:00"
"RXFP2","HGNC:17318","chr13:32313663-32377526","chr13:31739526-31803389","No Evidence for Haploinsufficiency","No Evidence for Triplosensitivity","https://search.clinicalgenome.org/kb/gene-dosage/HGNC:17318","2012-07-06T19:40:52+00:00"
"RYR1","HGNC:10483","chr19:38924331-39078204","chr19:38433691-38587564","Gene Associated with Autosomal Recessive Phenotype","No Evidence for Triplosensitivity","https://search.clinicalgenome.org/kb/gene-dosage/HGNC:10483","2026-05-29T00:21:41+00:00"
"RYR2","HGNC:10484","chr1:237205484-237997288","chr1:237042184-237833988","No Evidence for Haploinsufficiency","No Evidence for Triplosensitivity","https://search.clinicalgenome.org/kb/gene-dosage/HGNC:10484","2015-11-06T03:54:07+00:00"
"SACS","HGNC:10519","chr13:23902969-24007841","chr13:23328830-23433702","Gene Associated with Autosomal Recessive Phenotype","No Evidence for Triplosensitivity","https://search.clinicalgenome.org/kb/gene-dosage/HGNC:10519","2016-08-22T17:52:06+00:00"
"SALL1","HGNC:10524","chr16:51169893-51185181","chr16:51135982-51152334","Little Evidence for Haploinsufficiency","No Evidence for Triplosensitivity","https://search.clinicalgenome.org/kb/gene-dosage/HGNC:10524","2021-01-27T21:30:45+00:00"
"SALL4","HGNC:15924","chr20:50398870-50419060","chr20:51782331-51802521","Sufficient Evidence for Haploinsufficiency","No Evidence for Triplosensitivity","https://search.clinicalgenome.org/kb/gene-dosage/HGNC:15924","2021-01-11T21:08:18+00:00"
"SAMD9","HGNC:1348","chr7:92728831-92747292","chr7:93099518-93117979","No Evidence for Haploinsufficiency","Not yet evaluated","https://search.clinicalgenome.org/kb/gene-dosage/HGNC:1348","2024-05-14T16:34:10+00:00"
"SAMHD1","HGNC:15925","chr20:35518176-35580111","chr20:36889773-36951708","Gene Associated with Autosomal Recessive Phenotype","No Evidence for Triplosensitivity","https://search.clinicalgenome.org/kb/gene-dosage/HGNC:15925","2025-03-28T15:48:19+00:00"
"SATB2","HGNC:21637","chr2:200134223-200335989","chr2:199269500-199471266","Sufficient Evidence for Haploinsufficiency","No Evidence for Triplosensitivity","https://search.clinicalgenome.org/kb/gene-dosage/HGNC:21637","2020-07-15T19:50:43+00:00"
"SBDS","HGNC:19440","chr7:66452667-66460573","chr7:66987680-66995586","Gene Associated with Autosomal Recessive Phenotype","No Evidence for Triplosensitivity","https://search.clinicalgenome.org/kb/gene-dosage/HGNC:19440","2024-05-08T16:32:55+00:00"
"SBF2","HGNC:2135","chr11:9800215-10315766","chr11:9778668-10303837","Gene Associated with Autosomal Recessive Phenotype","Not yet evaluated","https://search.clinicalgenome.org/kb/gene-dosage/HGNC:2135","2016-08-22T17:52:07+00:00"
"SCARB2","HGNC:1665","chr4:77079890-77134977","chr4:76158737-76234532","No Evidence for Haploinsufficiency","No Evidence for Triplosensitivity","https://search.clinicalgenome.org/kb/gene-dosage/HGNC:1665","2012-07-06T19:41:56+00:00"
"SCARF2","HGNC:19869","chr22:20778874-20792112","chr22:20424584-20437825","Gene Associated with Autosomal Recessive Phenotype","No Evidence for Triplosensitivity","https://search.clinicalgenome.org/kb/gene-dosage/HGNC:19869","2016-08-22T17:52:08+00:00"
"SCN1A","HGNC:10585","chr2:166841151-167005671","chr2:165984641-166149161","Sufficient Evidence for Haploinsufficiency","No Evidence for Triplosensitivity","https://search.clinicalgenome.org/kb/gene-dosage/HGNC:10585","2012-07-06T20:26:07+00:00"
"SCN1B","HGNC:10586","chr19:35521374-35531353","chr19:35030470-35040449","No Evidence for Haploinsufficiency","No Evidence for Triplosensitivity","https://search.clinicalgenome.org/kb/gene-dosage/HGNC:10586","2019-09-04T15:12:47+00:00"
"SCN2A","HGNC:10588","chr2:166095924-166248814","chr2:165239414-165392304","Sufficient Evidence for Haploinsufficiency","No Evidence for Triplosensitivity","https://search.clinicalgenome.org/kb/gene-dosage/HGNC:10588","2020-04-22T16:09:34+00:00"
"SCN5A","HGNC:10593","chr3:38589553-38691178","chr3:38548062-38649687","Sufficient Evidence for Haploinsufficiency","No Evidence for Triplosensitivity","https://search.clinicalgenome.org/kb/gene-dosage/HGNC:10593","2021-06-08T16:18:34+00:00"
"SCN8A","HGNC:10596","chr12:51985017-52206648","chr12:51591233-51812864","Little Evidence for Haploinsufficiency","No Evidence for Triplosensitivity","https://search.clinicalgenome.org/kb/gene-dosage/HGNC:10596","2023-02-14T19:00:34+00:00"
"SDCCAG8","HGNC:10671","chr1:243419343-243663393","chr1:243256041-243500091","Gene Associated with Autosomal Recessive Phenotype","No Evidence for Triplosensitivity","https://search.clinicalgenome.org/kb/gene-dosage/HGNC:10671","2016-08-22T17:52:08+00:00"
"SDHAF1","HGNC:33867","chr19:36486090-36487214","chr19:35995188-35996312","Gene Associated with Autosomal Recessive Phenotype","No Evidence for Triplosensitivity","https://search.clinicalgenome.org/kb/gene-dosage/HGNC:33867","2016-08-22T17:52:09+00:00"
"SDHAF2","HGNC:26034","chr11:61197596-61214205","chr11:61430124-61446733","Sufficient Evidence for Haploinsufficiency","No Evidence for Triplosensitivity","https://search.clinicalgenome.org/kb/gene-dosage/HGNC:26034","2022-05-11T16:22:43+00:00"
"SDHB","HGNC:10681","chr1:17345217-17380527","chr1:17018722-17054032","Sufficient Evidence for Haploinsufficiency","No Evidence for Triplosensitivity","https://search.clinicalgenome.org/kb/gene-dosage/HGNC:10681","2020-07-22T17:40:14+00:00"
"SDHC","HGNC:10682","chr1:161284171-161345130","chr1:161314381-161363206","Sufficient Evidence for Haploinsufficiency","No Evidence for Triplosensitivity","https://search.clinicalgenome.org/kb/gene-dosage/HGNC:10682","2021-10-13T16:46:56+00:00"
"SDHD","HGNC:10683","chr11:111957597-111966518","chr11:112086873-112095794","Sufficient Evidence for Haploinsufficiency","No Evidence for Triplosensitivity","https://search.clinicalgenome.org/kb/gene-dosage/HGNC:10683","2021-08-11T16:24:55+00:00"
"SDR42E1","HGNC:29834","chr16:82022460-82045075","chr16:81988855-82011470","Dosage Sensitivity Unlikely for Haploinsufficiency","No Evidence for Triplosensitivity","https://search.clinicalgenome.org/kb/gene-dosage/HGNC:29834","2021-02-02T20:49:58+00:00"
"SEC14L4","HGNC:20627","chr22:30884889-30901682","chr22:30488902-30505695","Dosage Sensitivity Unlikely for Haploinsufficiency","No Evidence for Triplosensitivity","https://search.clinicalgenome.org/kb/gene-dosage/HGNC:20627","2021-02-02T20:54:40+00:00"
"SEC23B","HGNC:10702","chr20:18488192-18542059","chr20:18507548-18561415","Gene Associated with Autosomal Recessive Phenotype","No Evidence for Triplosensitivity","https://search.clinicalgenome.org/kb/gene-dosage/HGNC:10702","2016-08-22T17:52:10+00:00"
"SEC63","HGNC:21082","chr6:108188960-108279412","chr6:107867756-107958208","Sufficient Evidence for Haploinsufficiency","No Evidence for Triplosensitivity","https://search.clinicalgenome.org/kb/gene-dosage/HGNC:21082","2026-07-01T02:03:03+00:00"
"SEM1","HGNC:10845","chr7:96110938-96339158","chr7:96481626-96709846","No Evidence for Haploinsufficiency","No Evidence for Triplosensitivity","https://search.clinicalgenome.org/kb/gene-dosage/HGNC:10845","2012-05-14T21:36:19+00:00"
"SEMA3A","HGNC:10723","chr7:83585093-83824105","chr7:83955777-84492725","Little Evidence for Haploinsufficiency","No Evidence for Triplosensitivity","https://search.clinicalgenome.org/kb/gene-dosage/HGNC:10723","2017-08-07T19:49:47+00:00"
"SEPSECS","HGNC:30605","chr4:25121636-25162071","chr4:25120014-25160582","Gene Associated with Autosomal Recessive Phenotype","Not yet evaluated","https://search.clinicalgenome.org/kb/gene-dosage/HGNC:30605","2016-08-22T17:52:10+00:00"
"SERAC1","HGNC:21061","chr6:158530551-158589294","chr6:158109519-158168262","Gene Associated with Autosomal Recessive Phenotype","Not yet evaluated","https://search.clinicalgenome.org/kb/gene-dosage/HGNC:21061","2016-08-22T17:52:11+00:00"
"SERPINA1","HGNC:8941","chr14:94843084-94856972","chr14:94376747-94390635","Gene Associated with Autosomal Recessive Phenotype","No Evidence for Triplosensitivity","https://search.clinicalgenome.org/kb/gene-dosage/HGNC:8941","2017-05-09T04:29:55+00:00"
"SERPINB6","HGNC:8950","chr6:2948393-2972027","chr6:2948159-2971793","Gene Associated with Autosomal Recessive Phenotype","No Evidence for Triplosensitivity","https://search.clinicalgenome.org/kb/gene-dosage/HGNC:8950","2016-08-22T17:52:11+00:00"
"SERPINB7","HGNC:13902","chr18:61420291-61472604","chr18:63753057-63805370","Gene Associated with Autosomal Recessive Phenotype","No Evidence for Triplosensitivity","https://search.clinicalgenome.org/kb/gene-dosage/HGNC:13902","2014-11-13T15:02:37+00:00"
"SERPIND1","HGNC:4838","chr22:21128401-21142008","chr22:20774113-20787720","No Evidence for Haploinsufficiency","No Evidence for Triplosensitivity","https://search.clinicalgenome.org/kb/gene-dosage/HGNC:4838","2025-11-18T17:32:12+00:00"
"SERPINE1","HGNC:8583","chr7:100770385-100782528","chr7:101127104-101139247","Gene Associated with Autosomal Recessive Phenotype","Not yet evaluated","https://search.clinicalgenome.org/kb/gene-dosage/HGNC:8583","2016-08-22T17:52:12+00:00"
"SERPINF1","HGNC:8824","chr17:1665354-1680859","chr17:1762060-1777565","Gene Associated with Autosomal Recessive Phenotype","Not yet evaluated","https://search.clinicalgenome.org/kb/gene-dosage/HGNC:8824","2016-08-22T17:52:13+00:00"
"SET","HGNC:10760","chr9:131445703-131458675","chr9:128683424-128696396","Sufficient Evidence for Haploinsufficiency","No Evidence for Triplosensitivity","https://search.clinicalgenome.org/kb/gene-dosage/HGNC:10760","2025-01-22T17:10:26+00:00"
"SETBP1","HGNC:15573","chr18:42260038-42648475","chr18:44680073-45068510","Sufficient Evidence for Haploinsufficiency","No Evidence for Triplosensitivity","https://search.clinicalgenome.org/kb/gene-dosage/HGNC:15573","2018-05-23T16:20:58+00:00"
"SETD1A","HGNC:29010","chr16:30969075-30995985","chr16:30957754-30984664","Sufficient Evidence for Haploinsufficiency","No Evidence for Triplosensitivity","https://search.clinicalgenome.org/kb/gene-dosage/HGNC:29010","2018-02-28T17:21:56+00:00"
"SETD1B","HGNC:29187","chr12:122241915-122270562","chr12:121790155-121832656","Sufficient Evidence for Haploinsufficiency","No Evidence for Triplosensitivity","https://search.clinicalgenome.org/kb/gene-dosage/HGNC:29187","2024-08-28T16:10:37+00:00"
"SETD2","HGNC:18420","chr3:47057926-47205603","chr3:47016436-47164840","Sufficient Evidence for Haploinsufficiency","No Evidence for Triplosensitivity","https://search.clinicalgenome.org/kb/gene-dosage/HGNC:18420","2022-03-08T17:28:07+00:00"
"SETD5","HGNC:25566","chr3:9439299-9519838","chr3:9397615-9478154","Sufficient Evidence for Haploinsufficiency","No Evidence for Triplosensitivity","https://search.clinicalgenome.org/kb/gene-dosage/HGNC:25566","2014-11-06T20:08:57+00:00"
"SF3B4","HGNC:10771","chr1:149895209-149899695","chr1:149923317-149927803","Sufficient Evidence for Haploinsufficiency","No Evidence for Triplosensitivity","https://search.clinicalgenome.org/kb/gene-dosage/HGNC:10771","2014-07-17T19:43:19+00:00"
"SGCE","HGNC:10808","chr7:94214292-94285445","chr7:94584980-94656133","Sufficient Evidence for Haploinsufficiency","No Evidence for Triplosensitivity","https://search.clinicalgenome.org/kb/gene-dosage/HGNC:10808","2021-11-11T19:55:03+00:00"
"SGCG","HGNC:10809","chr13:23734647-23899301","chr13:23160508-23325162","Gene Associated with Autosomal Recessive Phenotype","No Evidence for Triplosensitivity","https://search.clinicalgenome.org/kb/gene-dosage/HGNC:10809","2016-08-22T17:52:13+00:00"
"SGSH","HGNC:10818","chr17:78183075-78194132","chr17:80200673-80220333","Gene Associated with Autosomal Recessive Phenotype","No Evidence for Triplosensitivity","https://search.clinicalgenome.org/kb/gene-dosage/HGNC:10818","2015-02-12T21:09:07+00:00"
"SH2B1","HGNC:30417","chr16:28857927-28885526","chr16:28846606-28874205","Little Evidence for Haploinsufficiency","No Evidence for Triplosensitivity","https://search.clinicalgenome.org/kb/gene-dosage/HGNC:30417","2021-07-13T16:24:29+00:00"
"SH2D1A","HGNC:10820","chrX:123480413-123507010","chrX:124346563-124373160","Sufficient Evidence for Haploinsufficiency","No Evidence for Triplosensitivity","https://search.clinicalgenome.org/kb/gene-dosage/HGNC:10820","2021-01-27T17:14:38+00:00"
"SH3TC2","HGNC:29427","chr5:148361713-148442625","chr5:148982150-149063062","Gene Associated with Autosomal Recessive Phenotype","Not yet evaluated","https://search.clinicalgenome.org/kb/gene-dosage/HGNC:29427","2016-08-22T17:52:14+00:00"
"SHANK1","HGNC:15474","chr19:51162512-51223059","chr19:50659255-50719802","Little Evidence for Haploinsufficiency","No Evidence for Triplosensitivity","https://search.clinicalgenome.org/kb/gene-dosage/HGNC:15474","2025-03-11T16:14:49+00:00"
"SHANK2","HGNC:14295","chr11:70313959-70963623","chr11:70467854-71253228","Sufficient Evidence for Haploinsufficiency","No Evidence for Triplosensitivity","https://search.clinicalgenome.org/kb/gene-dosage/HGNC:14295","2023-10-26T19:19:22+00:00"
"SHANK3","HGNC:14294","chr22:51111251-51171640","chr22:50672823-50733212","Sufficient Evidence for Haploinsufficiency","No Evidence for Triplosensitivity","https://search.clinicalgenome.org/kb/gene-dosage/HGNC:14294","2018-08-14T13:32:59+00:00"
"SHH","HGNC:10848","chr7:155592674-155605157","chr7:155799980-155812463","Sufficient Evidence for Haploinsufficiency","No Evidence for Triplosensitivity","https://search.clinicalgenome.org/kb/gene-dosage/HGNC:10848","2020-06-24T16:42:59+00:00"
"SHOC2","HGNC:15454","chr10:112679128-112773423","chr10:110919370-111013665","No Evidence for Haploinsufficiency","No Evidence for Triplosensitivity","https://search.clinicalgenome.org/kb/gene-dosage/HGNC:15454","2018-09-25T16:27:29+00:00"
"SHOX","HGNC:10853","chrX:585079-620146","chrX:624344-659411","Sufficient Evidence for Haploinsufficiency","No Evidence for Triplosensitivity","https://search.clinicalgenome.org/kb/gene-dosage/HGNC:10853","2015-10-15T18:27:04+00:00"
"SHROOM4","HGNC:29215","chrX:50334642-50557194","chrX:50575534-50814194","No Evidence for Haploinsufficiency","No Evidence for Triplosensitivity","https://search.clinicalgenome.org/kb/gene-dosage/HGNC:29215","2012-10-10T14:32:39+00:00"
"SI","HGNC:10856","chr3:164696686-164796284","chr3:164978898-165157921","Gene Associated with Autosomal Recessive Phenotype","Not yet evaluated","https://search.clinicalgenome.org/kb/gene-dosage/HGNC:10856","2016-08-22T17:52:15+00:00"
"SIGLEC5","HGNC:10874","chr19:52114213-52133654","chr19:51610960-51630401","Dosage Sensitivity Unlikely for Haploinsufficiency","No Evidence for Triplosensitivity","https://search.clinicalgenome.org/kb/gene-dosage/HGNC:10874","2021-02-02T21:01:15+00:00"
"SIL1","HGNC:24624","chr5:138282413-138534057","chr5:138946724-139198368","Gene Associated with Autosomal Recessive Phenotype","Not yet evaluated","https://search.clinicalgenome.org/kb/gene-dosage/HGNC:24624","2021-08-23T15:59:07+00:00"
"SIM1","HGNC:10882","chr6:100832885-100912797","chr6:100385009-100464921","No Evidence for Haploinsufficiency","No Evidence for Triplosensitivity","https://search.clinicalgenome.org/kb/gene-dosage/HGNC:10882","2012-04-25T19:35:18+00:00"
"SIN3A","HGNC:19353","chr15:75661720-75748156","chr15:75369379-75455815","Sufficient Evidence for Haploinsufficiency","No Evidence for Triplosensitivity","https://search.clinicalgenome.org/kb/gene-dosage/HGNC:19353","2020-01-13T19:23:33+00:00"
"SIX1","HGNC:10887","chr14:61110139-61116195","chr14:60643421-60649477","No Evidence for Haploinsufficiency","No Evidence for Triplosensitivity","https://search.clinicalgenome.org/kb/gene-dosage/HGNC:10887","2012-03-22T19:03:11+00:00"
"SIX3","HGNC:10889","chr2:45168841-45173210","chr2:44941702-44946071","Sufficient Evidence for Haploinsufficiency","No Evidence for Triplosensitivity","https://search.clinicalgenome.org/kb/gene-dosage/HGNC:10889","2020-09-23T16:22:47+00:00"
"SIX4","HGNC:10890","chr14:61176257-61191069","chr14:60709539-60724351","No Evidence for Haploinsufficiency","No Evidence for Triplosensitivity","https://search.clinicalgenome.org/kb/gene-dosage/HGNC:10890","2012-05-08T06:40:32+00:00"
"SIX6","HGNC:10892","chr14:60975864-60979568","chr14:60509146-60512850","No Evidence for Haploinsufficiency","No Evidence for Triplosensitivity","https://search.clinicalgenome.org/kb/gene-dosage/HGNC:10892","2012-03-22T18:43:49+00:00"
"SKI","HGNC:10896","chr1:2159758-2241652","chr1:2228319-2310213","No Evidence for Haploinsufficiency","No Evidence for Triplosensitivity","https://search.clinicalgenome.org/kb/gene-dosage/HGNC:10896","2012-01-06T16:02:17+00:00"
"SKIC3","HGNC:23639","chr5:94799598-94890681","chr5:95463894-95554977","Gene Associated with Autosomal Recessive Phenotype","Not yet evaluated","https://search.clinicalgenome.org/kb/gene-dosage/HGNC:23639","2016-08-22T17:53:10+00:00"
"SLC12A1","HGNC:10910","chr15:48498499-48596275","chr15:48206302-48304078","Gene Associated with Autosomal Recessive Phenotype","No Evidence for Triplosensitivity","https://search.clinicalgenome.org/kb/gene-dosage/HGNC:10910","2012-04-28T11:07:29+00:00"
"SLC12A3","HGNC:10912","chr16:56899119-56949762","chr16:56865207-56915850","Gene Associated with Autosomal Recessive Phenotype","No Evidence for Triplosensitivity","https://search.clinicalgenome.org/kb/gene-dosage/HGNC:10912","2012-02-23T17:31:50+00:00"
"SLC13A5","HGNC:23089","chr17:6588038-6616688","chr17:6684719-6713369","Gene Associated with Autosomal Recessive Phenotype","No Evidence for Triplosensitivity","https://search.clinicalgenome.org/kb/gene-dosage/HGNC:23089","2016-08-22T17:52:15+00:00"
"SLC16A12","HGNC:23094","chr10:91190056-91295351","chr10:89430299-89556704","Little Evidence for Haploinsufficiency","No Evidence for Triplosensitivity","https://search.clinicalgenome.org/kb/gene-dosage/HGNC:23094","2011-12-21T15:36:12+00:00"
"SLC16A2","HGNC:10923","chrX:73641328-73753751","chrX:74421493-74533916","Sufficient Evidence for Haploinsufficiency","No Evidence for Triplosensitivity","https://search.clinicalgenome.org/kb/gene-dosage/HGNC:10923","2012-06-28T19:07:17+00:00"
"SLC17A5","HGNC:10933","chr6:74303102-74363715","chr6:73593379-73653992","Gene Associated with Autosomal Recessive Phenotype","No Evidence for Triplosensitivity","https://search.clinicalgenome.org/kb/gene-dosage/HGNC:10933","2016-08-22T17:52:16+00:00"
"SLC17A8","HGNC:20151","chr12:100750852-100815833","chr12:100357074-100422055","Little Evidence for Haploinsufficiency","No Evidence for Triplosensitivity","https://search.clinicalgenome.org/kb/gene-dosage/HGNC:20151","2022-02-08T17:27:15+00:00"
"SLC1A2","HGNC:10940","chr11:35272752-35441605","chr11:35251205-35420507","Little Evidence for Haploinsufficiency","No Evidence for Triplosensitivity","https://search.clinicalgenome.org/kb/gene-dosage/HGNC:10940","2025-09-11T19:29:38+00:00"
"SLC22A14","HGNC:8495","chr3:38323785-38360066","chr3:38278832-38318575","Dosage Sensitivity Unlikely for Haploinsufficiency","No Evidence for Triplosensitivity","https://search.clinicalgenome.org/kb/gene-dosage/HGNC:8495","2021-02-02T21:20:31+00:00"
"SLC24A1","HGNC:10975","chr15:65903688-65953340","chr15:65611350-65661002","Gene Associated with Autosomal Recessive Phenotype","No Evidence for Triplosensitivity","https://search.clinicalgenome.org/kb/gene-dosage/HGNC:10975","2016-08-22T17:52:17+00:00"
"SLC25A1","HGNC:10979","chr22:19163094-19166249","chr22:19175581-19178736","Gene Associated with Autosomal Recessive Phenotype","Not yet evaluated","https://search.clinicalgenome.org/kb/gene-dosage/HGNC:10979","2016-08-22T17:52:18+00:00"
"SLC25A12","HGNC:10982","chr2:172639915-172750754","chr2:171783405-171894244","No Evidence for Haploinsufficiency","No Evidence for Triplosensitivity","https://search.clinicalgenome.org/kb/gene-dosage/HGNC:10982","2012-01-19T20:48:47+00:00"
"SLC25A13","HGNC:10983","chr7:95749532-95951410","chr7:96120220-96322098","Gene Associated with Autosomal Recessive Phenotype","Not yet evaluated","https://search.clinicalgenome.org/kb/gene-dosage/HGNC:10983","2016-08-22T17:52:19+00:00"
"SLC25A19","HGNC:14409","chr17:73269073-73285514","chr17:75272992-75289433","Gene Associated with Autosomal Recessive Phenotype","No Evidence for Triplosensitivity","https://search.clinicalgenome.org/kb/gene-dosage/HGNC:14409","2016-08-22T17:52:19+00:00"
"SLC2A1","HGNC:11005","chr1:43391024-43424539","chr1:42925353-42958868","Sufficient Evidence for Haploinsufficiency","No Evidence for Triplosensitivity","https://search.clinicalgenome.org/kb/gene-dosage/HGNC:11005","2016-03-24T19:16:38+00:00"
"SLC2A10","HGNC:13444","chr20:45338288-45364986","chr20:46708320-46736347","Gene Associated with Autosomal Recessive Phenotype","No Evidence for Triplosensitivity","https://search.clinicalgenome.org/kb/gene-dosage/HGNC:13444","2018-02-01T15:20:25+00:00"
"SLC30A10","HGNC:25355","chr1:220083787-220132440","chr1:219910445-219959098","Gene Associated with Autosomal Recessive Phenotype","No Evidence for Triplosensitivity","https://search.clinicalgenome.org/kb/gene-dosage/HGNC:25355","2016-08-22T17:52:20+00:00"
"SLC34A1","HGNC:11019","chr5:176811435-176825849","chr5:177384434-177398848","Gene Associated with Autosomal Recessive Phenotype","Not yet evaluated","https://search.clinicalgenome.org/kb/gene-dosage/HGNC:11019","2016-08-22T17:52:20+00:00"
"SLC34A2","HGNC:11020","chr4:25657473-25680370","chr4:25655851-25678748","Gene Associated with Autosomal Recessive Phenotype","No Evidence for Triplosensitivity","https://search.clinicalgenome.org/kb/gene-dosage/HGNC:11020","2016-08-22T17:52:21+00:00"
"SLC35A2","HGNC:11022","chrX:48760460-48769235","chrX:48903183-48911958","Sufficient Evidence for Haploinsufficiency","No Evidence for Triplosensitivity","https://search.clinicalgenome.org/kb/gene-dosage/HGNC:11022","2018-01-24T17:08:04+00:00"
"SLC35C1","HGNC:20197","chr11:45825623-45834567","chr11:45804072-45813016","Gene Associated with Autosomal Recessive Phenotype","No Evidence for Triplosensitivity","https://search.clinicalgenome.org/kb/gene-dosage/HGNC:20197","2016-08-22T17:52:22+00:00"
"SLC35D1","HGNC:20800","chr1:67465033-67519831","chr1:66972976-67054148","Gene Associated with Autosomal Recessive Phenotype","No Evidence for Triplosensitivity","https://search.clinicalgenome.org/kb/gene-dosage/HGNC:20800","2016-04-11T21:02:01+00:00"
"SLC37A4","HGNC:4061","chr11:118894822-118901587","chr11:119024112-119030877","Gene Associated with Autosomal Recessive Phenotype","No Evidence for Triplosensitivity","https://search.clinicalgenome.org/kb/gene-dosage/HGNC:4061","2016-08-22T17:52:22+00:00"
"SLC38A5","HGNC:18070","chrX:48316927-48328648","chrX:48458544-48470260","No Evidence for Haploinsufficiency","No Evidence for Triplosensitivity","https://search.clinicalgenome.org/kb/gene-dosage/HGNC:18070","2012-09-26T19:19:38+00:00"
"SLC38A8","HGNC:32434","chr16:84043272-84076400","chr16:84009667-84043372","Gene Associated with Autosomal Recessive Phenotype","No Evidence for Triplosensitivity","https://search.clinicalgenome.org/kb/gene-dosage/HGNC:32434","2016-08-22T17:52:23+00:00"
"SLC3A1","HGNC:11025","chr2:44502619-44548633","chr2:44275480-44322437","Gene Associated with Autosomal Recessive Phenotype","No Evidence for Triplosensitivity","https://search.clinicalgenome.org/kb/gene-dosage/HGNC:11025","2012-03-21T14:36:58+00:00"
"SLC4A10","HGNC:13811","chr2:162480926-162841780","chr2:161624416-161985270","Little Evidence for Haploinsufficiency","No Evidence for Triplosensitivity","https://search.clinicalgenome.org/kb/gene-dosage/HGNC:13811","2012-04-11T18:15:38+00:00"
"SLC4A3","HGNC:11029","chr2:220492352-220506693","chr2:219627630-219641971","No Evidence for Haploinsufficiency","No Evidence for Triplosensitivity","https://search.clinicalgenome.org/kb/gene-dosage/HGNC:11029","2026-03-25T16:33:16+00:00"
"SLC52A3","HGNC:16187","chr20:740724-756628","chr20:760080-780033","Gene Associated with Autosomal Recessive Phenotype","Not yet evaluated","https://search.clinicalgenome.org/kb/gene-dosage/HGNC:16187","2016-08-22T17:52:23+00:00"
"SLC5A1","HGNC:11036","chr22:32439248-32509016","chr22:32043261-32113029","Gene Associated with Autosomal Recessive Phenotype","Not yet evaluated","https://search.clinicalgenome.org/kb/gene-dosage/HGNC:11036","2016-08-22T17:52:24+00:00"
"SLC67A1","HGNC:10964","chr11:2920921-2946476","chr11:2899691-2925246","No Evidence for Haploinsufficiency","No Evidence for Triplosensitivity","https://search.clinicalgenome.org/kb/gene-dosage/HGNC:10964","2012-03-22T18:27:34+00:00"
"SLC6A1","HGNC:11042","chr3:11034434-11080933","chr3:10992748-11039247","Sufficient Evidence for Haploinsufficiency","No Evidence for Triplosensitivity","https://search.clinicalgenome.org/kb/gene-dosage/HGNC:11042","2019-09-25T16:33:14+00:00"
"SLC6A18","HGNC:26441","chr5:1225496-1246304","chr5:1225381-1246189","Dosage Sensitivity Unlikely for Haploinsufficiency","No Evidence for Triplosensitivity","https://search.clinicalgenome.org/kb/gene-dosage/HGNC:26441","2021-02-02T21:28:14+00:00"
"SLC6A3","HGNC:11049","chr5:1392909-1445555","chr5:1392794-1445440","Gene Associated with Autosomal Recessive Phenotype","Not yet evaluated","https://search.clinicalgenome.org/kb/gene-dosage/HGNC:11049","2016-08-22T17:52:25+00:00"
"SLC6A4","HGNC:11050","chr17:28521337-28562715","chr17:30194319-30235697","No Evidence for Haploinsufficiency","No Evidence for Triplosensitivity","https://search.clinicalgenome.org/kb/gene-dosage/HGNC:11050","2012-05-11T02:51:51+00:00"
"SLC6A8","HGNC:11055","chrX:152953381-152962048","chrX:153687926-153696593","Sufficient Evidence for Haploinsufficiency","No Evidence for Triplosensitivity","https://search.clinicalgenome.org/kb/gene-dosage/HGNC:11055","2020-11-10T17:23:40+00:00"
"SLC7A7","HGNC:11065","chr14:23242431-23289000","chr14:22773222-22819791","Gene Associated with Autosomal Recessive Phenotype","Not yet evaluated","https://search.clinicalgenome.org/kb/gene-dosage/HGNC:11065","2016-08-22T17:52:26+00:00"
"SLC7A9","HGNC:11067","chr19:33321417-33360673","chr19:32830511-32869767","Gene Associated with Autosomal Recessive Phenotype","No Evidence for Triplosensitivity","https://search.clinicalgenome.org/kb/gene-dosage/HGNC:11067","2021-08-23T15:56:56+00:00"
"SLC9A6","HGNC:11079","chrX:135067594-135129428","chrX:135973837-136047269","Sufficient Evidence for Haploinsufficiency","No Evidence for Triplosensitivity","https://search.clinicalgenome.org/kb/gene-dosage/HGNC:11079","2020-12-08T17:20:37+00:00"
"SLURP1","HGNC:18746","chr8:143822367-143823824","chr8:142740949-142742406","Gene Associated with Autosomal Recessive Phenotype","No Evidence for Triplosensitivity","https://search.clinicalgenome.org/kb/gene-dosage/HGNC:18746","2017-06-08T19:44:46+00:00"
"SMAD2","HGNC:6768","chr18:45335328-45457243","chr18:47808957-47930872","No Evidence for Haploinsufficiency","No Evidence for Triplosensitivity","https://search.clinicalgenome.org/kb/gene-dosage/HGNC:6768","2018-06-29T00:21:15+00:00"
"SMAD3","HGNC:6769","chr15:67357940-67487507","chr15:67065602-67195169","Sufficient Evidence for Haploinsufficiency","No Evidence for Triplosensitivity","https://search.clinicalgenome.org/kb/gene-dosage/HGNC:6769","2020-04-22T16:39:45+00:00"
"SMAD4","HGNC:6770","chr18:48556583-48611412","chr18:51030213-51085042","Sufficient Evidence for Haploinsufficiency","No Evidence for Triplosensitivity","https://search.clinicalgenome.org/kb/gene-dosage/HGNC:6770","2020-12-16T17:36:40+00:00"
"SMARCA2","HGNC:11098","chr9:2015347-2193624","chr9:2015347-2193624","No Evidence for Haploinsufficiency","No Evidence for Triplosensitivity","https://search.clinicalgenome.org/kb/gene-dosage/HGNC:11098","2013-03-27T18:37:39+00:00"
"SMARCA4","HGNC:11100","chr19:11071706-11172949","chr19:10961030-11062273","Sufficient Evidence for Haploinsufficiency","No Evidence for Triplosensitivity","https://search.clinicalgenome.org/kb/gene-dosage/HGNC:11100","2024-07-24T16:09:33+00:00"
"SMARCB1","HGNC:11103","chr22:24129153-24180196","chr22:23786966-23838009","Sufficient Evidence for Haploinsufficiency","No Evidence for Triplosensitivity","https://search.clinicalgenome.org/kb/gene-dosage/HGNC:11103","2020-04-22T17:55:28+00:00"
"SMARCE1","HGNC:11109","chr17:38781214-38804070","chr17:40624962-40647818","Sufficient Evidence for Haploinsufficiency","No Evidence for Triplosensitivity","https://search.clinicalgenome.org/kb/gene-dosage/HGNC:11109","2024-12-11T22:55:27+00:00"
"SMC1A","HGNC:11111","chrX:53401070-53449677","chrX:53374149-53422728","Sufficient Evidence for Haploinsufficiency","No Evidence for Triplosensitivity","https://search.clinicalgenome.org/kb/gene-dosage/HGNC:11111","2018-07-23T21:11:32+00:00"
"SMC3","HGNC:2468","chr10:112327453-112365806","chr10:110567695-110606048","Little Evidence for Haploinsufficiency","No Evidence for Triplosensitivity","https://search.clinicalgenome.org/kb/gene-dosage/HGNC:2468","2025-04-08T16:23:24+00:00"
"SMOC1","HGNC:20318","chr14:70346133-70499083","chr14:69879416-70032366","Gene Associated with Autosomal Recessive Phenotype","No Evidence for Triplosensitivity","https://search.clinicalgenome.org/kb/gene-dosage/HGNC:20318","2016-08-22T17:52:27+00:00"
"SMOC2","HGNC:20323","chr6:168841864-169068672","chr6:168441184-168667992","Gene Associated with Autosomal Recessive Phenotype","No Evidence for Triplosensitivity","https://search.clinicalgenome.org/kb/gene-dosage/HGNC:20323","2016-08-22T17:52:28+00:00"
"SMS","HGNC:11123","chrX:21958827-22012955","chrX:21940709-21994837","Sufficient Evidence for Haploinsufficiency","No Evidence for Triplosensitivity","https://search.clinicalgenome.org/kb/gene-dosage/HGNC:11123","2012-08-23T19:06:01+00:00"
"SNAP29","HGNC:11133","chr22:21213295-21245502","chr22:20859007-20891214","Gene Associated with Autosomal Recessive Phenotype","Not yet evaluated","https://search.clinicalgenome.org/kb/gene-dosage/HGNC:11133","2016-08-22T17:52:29+00:00"
"SNORD107","HGNC:32771","chr15:25227141-25227215","chr15:24981994-24982068","No Evidence for Haploinsufficiency","No Evidence for Triplosensitivity","https://search.clinicalgenome.org/kb/gene-dosage/HGNC:32771","2012-04-25T01:58:54+00:00"
"SNORD108","HGNC:32772","chr15:25232072-25232140","chr15:24986925-24986993","No Evidence for Haploinsufficiency","No Evidence for Triplosensitivity","https://search.clinicalgenome.org/kb/gene-dosage/HGNC:32772","2012-07-06T20:46:27+00:00"
"SNORD109B","HGNC:32774","chr15:25523490-25523556","chr15:25278343-25278409","No Evidence for Haploinsufficiency","No Evidence for Triplosensitivity","https://search.clinicalgenome.org/kb/gene-dosage/HGNC:32774","2012-04-28T10:58:50+00:00"
"SNORD64","HGNC:32725","chr15:25230247-25230313","chr15:24985100-24985166","No Evidence for Haploinsufficiency","No Evidence for Triplosensitivity","https://search.clinicalgenome.org/kb/gene-dosage/HGNC:32725","2012-07-06T20:45:40+00:00"
"SNORD8","HGNC:20159","chr14:21865452-21865560","chr14:21397293-21397401","No Evidence for Haploinsufficiency","No Evidence for Triplosensitivity","https://search.clinicalgenome.org/kb/gene-dosage/HGNC:20159","2015-03-11T15:05:38+00:00"
"SNORD9","HGNC:32705","chr14:21860310-21860412","chr14:21392151-21392253","No Evidence for Haploinsufficiency","No Evidence for Triplosensitivity","https://search.clinicalgenome.org/kb/gene-dosage/HGNC:32705","2015-03-11T15:05:20+00:00"
"SNRPN","HGNC:11164","chr15:25068784-25223870","chr15:24823637-24978723","No Evidence for Haploinsufficiency","No Evidence for Triplosensitivity","https://search.clinicalgenome.org/kb/gene-dosage/HGNC:11164","2012-10-26T16:39:26+00:00"
"SNURF","HGNC:11171","chr15:25200134-25223870","chr15:24954987-24978723","Little Evidence for Haploinsufficiency","No Evidence for Triplosensitivity","https://search.clinicalgenome.org/kb/gene-dosage/HGNC:11171","2023-03-28T16:47:28+00:00"
"SNX10","HGNC:14974","chr7:26331482-26414003","chr7:26291862-26374383","Gene Associated with Autosomal Recessive Phenotype","No Evidence for Triplosensitivity","https://search.clinicalgenome.org/kb/gene-dosage/HGNC:14974","2025-05-15T19:37:10+00:00"
"SOBP","HGNC:29256","chr6:107811321-107982510","chr6:107490117-107661306","Gene Associated with Autosomal Recessive Phenotype","No Evidence for Triplosensitivity","https://search.clinicalgenome.org/kb/gene-dosage/HGNC:29256","2016-08-22T17:52:30+00:00"
"SON","HGNC:11183","chr21:34915344-34949787","chr21:33543038-33577481","Sufficient Evidence for Haploinsufficiency","No Evidence for Triplosensitivity","https://search.clinicalgenome.org/kb/gene-dosage/HGNC:11183","2019-04-24T16:44:12+00:00"
"SOS1","HGNC:11187","chr2:39208690-39352009","chr2:38981549-39124868","No Evidence for Haploinsufficiency","No Evidence for Triplosensitivity","https://search.clinicalgenome.org/kb/gene-dosage/HGNC:11187","2026-02-11T17:07:10+00:00"
"SOS2","HGNC:11188","chr14:50583848-50698296","chr14:50117130-50231882","No Evidence for Haploinsufficiency","No Evidence for Triplosensitivity","https://search.clinicalgenome.org/kb/gene-dosage/HGNC:11188","2026-06-09T16:17:27+00:00"
"SOST","HGNC:13771","chr17:41831106-41836159","chr17:43753738-43758791","Gene Associated with Autosomal Recessive Phenotype","No Evidence for Triplosensitivity","https://search.clinicalgenome.org/kb/gene-dosage/HGNC:13771","2012-08-22T14:32:21+00:00"
"SOX10","HGNC:11190","chr22:38368319-38380562","chr22:37972312-37984555","Sufficient Evidence for Haploinsufficiency","No Evidence for Triplosensitivity","https://search.clinicalgenome.org/kb/gene-dosage/HGNC:11190","2013-07-18T19:10:33+00:00"
"SOX11","HGNC:11191","chr2:5832516-5841517","chr2:5692384-5701385","Sufficient Evidence for Haploinsufficiency","No Evidence for Triplosensitivity","https://search.clinicalgenome.org/kb/gene-dosage/HGNC:11191","2024-11-21T20:42:59+00:00"
"SOX2","HGNC:11195","chr3:181429713-181432224","chr3:181711925-181714436","Sufficient Evidence for Haploinsufficiency","No Evidence for Triplosensitivity","https://search.clinicalgenome.org/kb/gene-dosage/HGNC:11195","2012-07-06T19:38:14+00:00"
"SOX3","HGNC:11199","chrX:139585150-139587234","chrX:140502985-140505069","No Evidence for Haploinsufficiency","Emerging Evidence for Triplosensitivity","https://search.clinicalgenome.org/kb/gene-dosage/HGNC:11199","2023-01-10T18:01:22+00:00"
"SOX5","HGNC:11201","chr12:23682438-24715425","chr12:23529504-24562650","Sufficient Evidence for Haploinsufficiency","No Evidence for Triplosensitivity","https://search.clinicalgenome.org/kb/gene-dosage/HGNC:11201","2016-08-19T22:23:43+00:00"
"SOX6","HGNC:16421","chr11:15987995-16760024","chr11:15966449-16738477","No Evidence for Haploinsufficiency","No Evidence for Triplosensitivity","https://search.clinicalgenome.org/kb/gene-dosage/HGNC:16421","2012-03-22T18:31:22+00:00"
"SOX8","HGNC:11203","chr16:1031770-1036979","chr16:981770-986979","No Evidence for Haploinsufficiency","No Evidence for Triplosensitivity","https://search.clinicalgenome.org/kb/gene-dosage/HGNC:11203","2012-02-22T15:26:03+00:00"
"SOX9","HGNC:11204","chr17:70117161-70122557","chr17:72121020-72126416","Sufficient Evidence for Haploinsufficiency","No Evidence for Triplosensitivity","https://search.clinicalgenome.org/kb/gene-dosage/HGNC:11204","2023-05-10T16:57:49+00:00"
"SPAST","HGNC:11233","chr2:32288625-32382706","chr2:32063556-32157637","Sufficient Evidence for Haploinsufficiency","No Evidence for Triplosensitivity","https://search.clinicalgenome.org/kb/gene-dosage/HGNC:11233","2019-09-25T16:44:11+00:00"
"SPATA7","HGNC:20423","chr14:88852001-88904804","chr14:88385657-88470350","Gene Associated with Autosomal Recessive Phenotype","No Evidence for Triplosensitivity","https://search.clinicalgenome.org/kb/gene-dosage/HGNC:20423","2016-08-22T17:52:30+00:00"
"SPEG","HGNC:16901","chr2:220299565-220358351","chr2:219434843-219493629","Gene Associated with Autosomal Recessive Phenotype","No Evidence for Triplosensitivity","https://search.clinicalgenome.org/kb/gene-dosage/HGNC:16901","2016-08-22T17:52:31+00:00"
"SPEN","HGNC:17575","chr1:16174202-16266951","chr1:15847707-15940456","Sufficient Evidence for Haploinsufficiency","No Evidence for Triplosensitivity","https://search.clinicalgenome.org/kb/gene-dosage/HGNC:17575","2026-01-13T17:29:03+00:00"
"SPG21","HGNC:20373","chr15:65255363-65282252","chr15:64963022-64989914","Gene Associated with Autosomal Recessive Phenotype","Not yet evaluated","https://search.clinicalgenome.org/kb/gene-dosage/HGNC:20373","2016-08-22T17:52:32+00:00"
"SPG7","HGNC:11237","chr16:89574796-89624176","chr16:89508388-89557768","Gene Associated with Autosomal Recessive Phenotype","Not yet evaluated","https://search.clinicalgenome.org/kb/gene-dosage/HGNC:11237","2016-08-22T17:52:32+00:00"
"SPINK1","HGNC:11244","chr5:147204145-147218759","chr5:147824582-147839196","Sufficient Evidence for Haploinsufficiency","No Evidence for Triplosensitivity","https://search.clinicalgenome.org/kb/gene-dosage/HGNC:11244","2021-10-25T15:58:48+00:00"
"SPINK5","HGNC:15464","chr5:147443543-147516945","chr5:148063980-148137382","Gene Associated with Autosomal Recessive Phenotype","Not yet evaluated","https://search.clinicalgenome.org/kb/gene-dosage/HGNC:15464","2016-08-22T17:52:33+00:00"
"SPP2","HGNC:11256","chr2:234959346-234985778","chr2:234050702-234077134","No Evidence for Haploinsufficiency","No Evidence for Triplosensitivity","https://search.clinicalgenome.org/kb/gene-dosage/HGNC:11256","2019-02-27T17:56:35+00:00"
"SPRED1","HGNC:20249","chr15:38545037-38649450","chr15:38252836-38357249","Sufficient Evidence for Haploinsufficiency","No Evidence for Triplosensitivity","https://search.clinicalgenome.org/kb/gene-dosage/HGNC:20249","2013-03-14T19:14:48+00:00"
"SPTAN1","HGNC:11273","chr9:131314866-131395941","chr9:128552587-128633662","Sufficient Evidence for Haploinsufficiency","No Evidence for Triplosensitivity","https://search.clinicalgenome.org/kb/gene-dosage/HGNC:11273","2025-09-24T16:30:07+00:00"
"SRCAP","HGNC:16974","chr16:30710492-30752730","chr16:30699171-30741409","Sufficient Evidence for Haploinsufficiency","No Evidence for Triplosensitivity","https://search.clinicalgenome.org/kb/gene-dosage/HGNC:16974","2025-11-26T17:43:50+00:00"
"SRD5A2","HGNC:11285","chr2:31747550-31806007","chr2:31522480-31663009","Gene Associated with Autosomal Recessive Phenotype","No Evidence for Triplosensitivity","https://search.clinicalgenome.org/kb/gene-dosage/HGNC:11285","2012-08-22T14:36:04+00:00"
"SRPX2","HGNC:30668","chrX:99899196-99930785","chrX:100644199-100675788","No Evidence for Haploinsufficiency","No Evidence for Triplosensitivity","https://search.clinicalgenome.org/kb/gene-dosage/HGNC:30668","2012-07-25T14:26:57+00:00"
"SRRM2","HGNC:16639","chr16:2802639-2821413","chr16:2752638-2771412","Sufficient Evidence for Haploinsufficiency","No Evidence for Triplosensitivity","https://search.clinicalgenome.org/kb/gene-dosage/HGNC:16639","2024-02-13T17:58:33+00:00"
"SRSF1","HGNC:10780","chr17:56078280-56084607","chr17:57989038-58007246","Sufficient Evidence for Haploinsufficiency","No Evidence for Triplosensitivity","https://search.clinicalgenome.org/kb/gene-dosage/HGNC:10780","2025-06-19T20:27:47+00:00"
"SRSF11","HGNC:10782","chr1:70671379-70718735","chr1:70205696-70253052","Little Evidence for Haploinsufficiency","No Evidence for Triplosensitivity","https://search.clinicalgenome.org/kb/gene-dosage/HGNC:10782","2025-04-08T16:17:14+00:00"
"SRY","HGNC:11311","chrY:2654896-2655723","chrY:2786855-2787682","Sufficient Evidence for Haploinsufficiency","No Evidence for Triplosensitivity","https://search.clinicalgenome.org/kb/gene-dosage/HGNC:11311","2020-12-22T23:30:06+00:00"
"ST14","HGNC:11344","chr11:130029677-130080257","chr11:130159782-130210362","Gene Associated with Autosomal Recessive Phenotype","No Evidence for Triplosensitivity","https://search.clinicalgenome.org/kb/gene-dosage/HGNC:11344","2016-08-22T17:52:33+00:00"
"ST3GAL5","HGNC:10872","chr2:86064243-86116157","chr2:85837120-85889034","Gene Associated with Autosomal Recessive Phenotype","No Evidence for Triplosensitivity","https://search.clinicalgenome.org/kb/gene-dosage/HGNC:10872","2014-09-25T19:11:11+00:00"
"STAG1","HGNC:11354","chr3:136055078-136471220","chr3:136336236-136752378","Sufficient Evidence for Haploinsufficiency","No Evidence for Triplosensitivity","https://search.clinicalgenome.org/kb/gene-dosage/HGNC:11354","2025-01-22T17:25:48+00:00"
"STAG2","HGNC:11355","chrX:123094410-123236506","chrX:123960560-124102656","Sufficient Evidence for Haploinsufficiency","No Evidence for Triplosensitivity","https://search.clinicalgenome.org/kb/gene-dosage/HGNC:11355","2023-01-25T05:54:27+00:00"
"STARD9","HGNC:19162","chr15:42867804-43013196","chr15:42575606-42720998","No Evidence for Haploinsufficiency","No Evidence for Triplosensitivity","https://search.clinicalgenome.org/kb/gene-dosage/HGNC:19162","2023-10-10T17:02:11+00:00"
"STAT1","HGNC:11362","chr2:191833875-191878897","chr2:190969149-191014171","No Evidence for Haploinsufficiency","No Evidence for Triplosensitivity","https://search.clinicalgenome.org/kb/gene-dosage/HGNC:11362","2013-09-18T14:48:40+00:00"
"STIL","HGNC:10879","chr1:47715811-47780568","chr1:47250139-47314896","Gene Associated with Autosomal Recessive Phenotype","Not yet evaluated","https://search.clinicalgenome.org/kb/gene-dosage/HGNC:10879","2016-08-22T17:52:34+00:00"
"STK11","HGNC:11389","chr19:1205777-1228430","chr19:1205778-1228431","Sufficient Evidence for Haploinsufficiency","No Evidence for Triplosensitivity","https://search.clinicalgenome.org/kb/gene-dosage/HGNC:11389","2021-11-10T18:01:07+00:00"
"STRC","HGNC:16035","chr15:43891761-43910998","chr15:43599563-43618800","Gene Associated with Autosomal Recessive Phenotype","Not yet evaluated","https://search.clinicalgenome.org/kb/gene-dosage/HGNC:16035","2016-08-22T17:52:35+00:00"
"STS","HGNC:11425","chrX:7065331-7272682","chrX:7147290-7354641","Sufficient Evidence for Haploinsufficiency","No Evidence for Triplosensitivity","https://search.clinicalgenome.org/kb/gene-dosage/HGNC:11425","2018-09-14T02:15:52+00:00"
"STT3A","HGNC:6172","chr11:125462747-125492986","chr11:125591769-125623091","Gene Associated with Autosomal Recessive Phenotype","No Evidence for Triplosensitivity","https://search.clinicalgenome.org/kb/gene-dosage/HGNC:6172","2014-08-29T21:14:00+00:00"
"STUB1","HGNC:11427","chr16:730410-732801","chr16:680410-682801","Gene Associated with Autosomal Recessive Phenotype","Not yet evaluated","https://search.clinicalgenome.org/kb/gene-dosage/HGNC:11427","2016-08-22T17:52:35+00:00"
"STX11","HGNC:11429","chr6:144471654-144513076","chr6:144139963-144191939","Gene Associated with Autosomal Recessive Phenotype","Not yet evaluated","https://search.clinicalgenome.org/kb/gene-dosage/HGNC:11429","2016-08-22T17:52:36+00:00"
"STXBP1","HGNC:11444","chr9:130374191-130458308","chr9:127611912-127696029","Sufficient Evidence for Haploinsufficiency","No Evidence for Triplosensitivity","https://search.clinicalgenome.org/kb/gene-dosage/HGNC:11444","2013-06-20T19:24:29+00:00"
"STXBP2","HGNC:11445","chr19:7701996-7712759","chr19:7629793-7647873","Gene Associated with Autosomal Recessive Phenotype","Not yet evaluated","https://search.clinicalgenome.org/kb/gene-dosage/HGNC:11445","2025-07-09T16:41:46+00:00"
"SUCLG1","HGNC:11449","chr2:84650652-84686404","chr2:84423528-84459280","Gene Associated with Autosomal Recessive Phenotype","No Evidence for Triplosensitivity","https://search.clinicalgenome.org/kb/gene-dosage/HGNC:11449","2016-08-22T17:52:38+00:00"
"SUFU","HGNC:16466","chr10:104263729-104393292","chr10:102502819-102633535","Sufficient Evidence for Haploinsufficiency","No Evidence for Triplosensitivity","https://search.clinicalgenome.org/kb/gene-dosage/HGNC:16466","2026-01-14T17:30:17+00:00"
"SUMF1","HGNC:20376","chr3:4402830-4508953","chr3:4034486-4467269","Gene Associated with Autosomal Recessive Phenotype","No Evidence for Triplosensitivity","https://search.clinicalgenome.org/kb/gene-dosage/HGNC:20376","2016-08-22T17:52:39+00:00"
"SUPT16H","HGNC:11465","chr14:21819635-21852178","chr14:21351476-21384019","No Evidence for Haploinsufficiency","No Evidence for Triplosensitivity","https://search.clinicalgenome.org/kb/gene-dosage/HGNC:11465","2012-05-09T14:12:56+00:00"
"SURF1","HGNC:11474","chr9:136218613-136223363","chr9:133351758-133356487","Gene Associated with Autosomal Recessive Phenotype","Not yet evaluated","https://search.clinicalgenome.org/kb/gene-dosage/HGNC:11474","2016-08-22T17:52:40+00:00"
"SUZ12","HGNC:17101","chr17:30264026-30328057","chr17:31937007-32001038","No Evidence for Haploinsufficiency","No Evidence for Triplosensitivity","https://search.clinicalgenome.org/kb/gene-dosage/HGNC:17101","2012-07-06T20:01:36+00:00"
"SYN1","HGNC:11494","chrX:47431300-47479256","chrX:47571901-47619857","Sufficient Evidence for Haploinsufficiency","No Evidence for Triplosensitivity","https://search.clinicalgenome.org/kb/gene-dosage/HGNC:11494","2022-07-12T16:44:48+00:00"
"SYNCRIP","HGNC:16918","chr6:86317502-86352604","chr6:85607784-85643870","Sufficient Evidence for Haploinsufficiency","No Evidence for Triplosensitivity","https://search.clinicalgenome.org/kb/gene-dosage/HGNC:16918","2024-04-15T14:46:18+00:00"
"SYNE4","HGNC:26703","chr19:36494209-36499715","chr19:36003307-36008813","Gene Associated with Autosomal Recessive Phenotype","No Evidence for Triplosensitivity","https://search.clinicalgenome.org/kb/gene-dosage/HGNC:26703","2016-08-22T17:52:41+00:00"
"SYNGAP1","HGNC:11497","chr6:33387842-33421466","chr6:33418167-33453689","Sufficient Evidence for Haploinsufficiency","No Evidence for Triplosensitivity","https://search.clinicalgenome.org/kb/gene-dosage/HGNC:11497","2021-11-09T17:59:44+00:00"
"SYP","HGNC:11506","chrX:49044268-49056652","chrX:49187815-49200193","Little Evidence for Haploinsufficiency","No Evidence for Triplosensitivity","https://search.clinicalgenome.org/kb/gene-dosage/HGNC:11506","2018-09-26T16:54:15+00:00"
"SYT1","HGNC:11509","chr12:79257762-79845788","chr12:78863982-79452008","Little Evidence for Haploinsufficiency","No Evidence for Triplosensitivity","https://search.clinicalgenome.org/kb/gene-dosage/HGNC:11509","2026-05-27T16:38:55+00:00"
"SYT14","HGNC:23143","chr1:210111562-210344734","chr1:209938217-210171389","Gene Associated with Autosomal Recessive Phenotype","Not yet evaluated","https://search.clinicalgenome.org/kb/gene-dosage/HGNC:23143","2016-08-22T17:52:41+00:00"
"TAB2","HGNC:17075","chr6:149539062-149732743","chr6:149217926-149411607","Little Evidence for Haploinsufficiency","No Evidence for Triplosensitivity","https://search.clinicalgenome.org/kb/gene-dosage/HGNC:17075","2020-05-27T16:46:58+00:00"
"TACSTD2","HGNC:11530","chr1:59041105-59042924","chr1:58575433-58577252","Gene Associated with Autosomal Recessive Phenotype","No Evidence for Triplosensitivity","https://search.clinicalgenome.org/kb/gene-dosage/HGNC:11530","2016-08-22T17:52:42+00:00"
"TAF13","HGNC:11546","chr1:109606762-109618625","chr1:109064140-109076003","Little Evidence for Haploinsufficiency","No Evidence for Triplosensitivity","https://search.clinicalgenome.org/kb/gene-dosage/HGNC:11546","2019-05-22T16:31:42+00:00"
"TAF2","HGNC:11536","chr8:120743014-120845081","chr8:119730774-119832841","Gene Associated with Autosomal Recessive Phenotype","No Evidence for Triplosensitivity","https://search.clinicalgenome.org/kb/gene-dosage/HGNC:11536","2016-08-22T17:52:43+00:00"
"TAOK1","HGNC:29259","chr17:27717381-27878921","chr17:29390363-29551903","Sufficient Evidence for Haploinsufficiency","No Evidence for Triplosensitivity","https://search.clinicalgenome.org/kb/gene-dosage/HGNC:29259","2023-06-28T16:19:01+00:00"
"TARDBP","HGNC:11571","chr1:11072711-11085549","chr1:11012654-11030528","No Evidence for Haploinsufficiency","No Evidence for Triplosensitivity","https://search.clinicalgenome.org/kb/gene-dosage/HGNC:11571","2018-09-25T18:53:42+00:00"
"TBC1D20","HGNC:16133","chr20:416124-443177","chr20:435480-462533","Gene Associated with Autosomal Recessive Phenotype","No Evidence for Triplosensitivity","https://search.clinicalgenome.org/kb/gene-dosage/HGNC:16133","2016-08-22T17:52:43+00:00"
"TBC1D5","HGNC:19166","chr3:17198654-17784123","chr3:17157162-17742631","No Evidence for Haploinsufficiency","No Evidence for Triplosensitivity","https://search.clinicalgenome.org/kb/gene-dosage/HGNC:19166","2015-10-30T23:12:56+00:00"
"TBCE","HGNC:11582","chr1:235530742-235615756","chr1:235367427-235452443","Gene Associated with Autosomal Recessive Phenotype","No Evidence for Triplosensitivity","https://search.clinicalgenome.org/kb/gene-dosage/HGNC:11582","2012-05-17T20:10:28+00:00"
"TBL1XR1","HGNC:29529","chr3:176737132-176915270","chr3:177019344-177201800","Sufficient Evidence for Haploinsufficiency","Little Evidence for Triplosensitivity","https://search.clinicalgenome.org/kb/gene-dosage/HGNC:29529","2019-03-27T17:20:30+00:00"
"TBR1","HGNC:11590","chr2:162272808-162282381","chr2:161416297-161425870","Sufficient Evidence for Haploinsufficiency","No Evidence for Triplosensitivity","https://search.clinicalgenome.org/kb/gene-dosage/HGNC:11590","2018-01-24T17:57:42+00:00"
"TBX1","HGNC:11592","chr22:19744226-19771116","chr22:19756703-19783593","Little Evidence for Haploinsufficiency","No Evidence for Triplosensitivity","https://search.clinicalgenome.org/kb/gene-dosage/HGNC:11592","2024-06-11T17:54:34+00:00"
"TBX2","HGNC:11597","chr17:59477204-59486827","chr17:61399843-61409466","Little Evidence for Haploinsufficiency","No Evidence for Triplosensitivity","https://search.clinicalgenome.org/kb/gene-dosage/HGNC:11597","2018-08-08T16:13:42+00:00"
"TBX20","HGNC:11598","chr7:35242042-35293711","chr7:35202430-35254100","Emerging Evidence for Haploinsufficiency","No Evidence for Triplosensitivity","https://search.clinicalgenome.org/kb/gene-dosage/HGNC:11598","2023-05-10T11:19:22+00:00"
"TBX22","HGNC:11600","chrX:79270252-79287273","chrX:80014753-80031774","Sufficient Evidence for Haploinsufficiency","No Evidence for Triplosensitivity","https://search.clinicalgenome.org/kb/gene-dosage/HGNC:11600","2023-03-28T16:09:37+00:00"
"TBX3","HGNC:11602","chr12:115108060-115121980","chr12:114670255-114684175","Sufficient Evidence for Haploinsufficiency","No Evidence for Triplosensitivity","https://search.clinicalgenome.org/kb/gene-dosage/HGNC:11602","2020-09-23T16:10:34+00:00"
"TBX4","HGNC:11603","chr17:59529783-59562471","chr17:61452422-61485110","Sufficient Evidence for Haploinsufficiency","No Evidence for Triplosensitivity","https://search.clinicalgenome.org/kb/gene-dosage/HGNC:11603","2019-12-11T16:56:33+00:00"
"TBX5","HGNC:11604","chr12:114791716-114846247","chr12:114353911-114408442","Sufficient Evidence for Haploinsufficiency","No Evidence for Triplosensitivity","https://search.clinicalgenome.org/kb/gene-dosage/HGNC:11604","2020-07-29T19:19:03+00:00"
"TCF12","HGNC:11623","chr15:57210288-57583508","chr15:56918090-57291310","Sufficient Evidence for Haploinsufficiency","No Evidence for Triplosensitivity","https://search.clinicalgenome.org/kb/gene-dosage/HGNC:11623","2023-08-16T16:39:32+00:00"
"TCF20","HGNC:11631","chr22:42556019-42679933","chr22:42160013-42343537","Sufficient Evidence for Haploinsufficiency","No Evidence for Triplosensitivity","https://search.clinicalgenome.org/kb/gene-dosage/HGNC:11631","2019-06-26T16:45:36+00:00"
"TCF4","HGNC:11634","chr18:52889416-53303188","chr18:55222185-55635957","Sufficient Evidence for Haploinsufficiency","No Evidence for Triplosensitivity","https://search.clinicalgenome.org/kb/gene-dosage/HGNC:11634","2020-07-08T19:01:39+00:00"
"TCF7L2","HGNC:11641","chr10:114710006-114927437","chr10:112950247-113167678","Little Evidence for Haploinsufficiency","No Evidence for Triplosensitivity","https://search.clinicalgenome.org/kb/gene-dosage/HGNC:11641","2019-03-27T16:55:26+00:00"
"TCIRG1","HGNC:11647","chr11:67806492-67818362","chr11:68039025-68053762","Gene Associated with Autosomal Recessive Phenotype","No Evidence for Triplosensitivity","https://search.clinicalgenome.org/kb/gene-dosage/HGNC:11647","2016-08-22T17:52:44+00:00"
"TCN2","HGNC:11653","chr22:31003161-31023258","chr22:30607174-30627271","Gene Associated with Autosomal Recessive Phenotype","Not yet evaluated","https://search.clinicalgenome.org/kb/gene-dosage/HGNC:11653","2016-08-22T17:52:44+00:00"
"TCOF1","HGNC:11654","chr5:149737260-149779856","chr5:150357697-150400293","Sufficient Evidence for Haploinsufficiency","No Evidence for Triplosensitivity","https://search.clinicalgenome.org/kb/gene-dosage/HGNC:11654","2021-04-28T16:08:37+00:00"
"TCTN1","HGNC:26113","chr12:111051934-111087235","chr12:110614129-110649430","Gene Associated with Autosomal Recessive Phenotype","No Evidence for Triplosensitivity","https://search.clinicalgenome.org/kb/gene-dosage/HGNC:26113","2015-03-23T20:48:22+00:00"
"TCTN2","HGNC:25774","chr12:124155660-124192946","chr12:123671113-123708399","Gene Associated with Autosomal Recessive Phenotype","No Evidence for Triplosensitivity","https://search.clinicalgenome.org/kb/gene-dosage/HGNC:25774","2016-08-22T17:52:45+00:00"
"TDP1","HGNC:18884","chr14:90422271-90511108","chr14:89954968-90044764","Gene Associated with Autosomal Recessive Phenotype","No Evidence for Triplosensitivity","https://search.clinicalgenome.org/kb/gene-dosage/HGNC:18884","2016-08-22T17:52:46+00:00"
"TECPR2","HGNC:19957","chr14:102829278-102968814","chr14:102362941-102502477","Gene Associated with Autosomal Recessive Phenotype","No Evidence for Triplosensitivity","https://search.clinicalgenome.org/kb/gene-dosage/HGNC:19957","2016-08-22T17:52:46+00:00"
"TECTA","HGNC:11720","chr11:120971952-121062199","chr11:121101243-121191490","Gene Associated with Autosomal Recessive Phenotype","No Evidence for Triplosensitivity","https://search.clinicalgenome.org/kb/gene-dosage/HGNC:11720","2018-02-07T15:32:48+00:00"
"TERC","HGNC:11727","chr3:169482398-169482848","chr3:169764610-169765060","Sufficient Evidence for Haploinsufficiency","No Evidence for Triplosensitivity","https://search.clinicalgenome.org/kb/gene-dosage/HGNC:11727","2026-01-21T16:43:47+00:00"
"TERT","HGNC:11730","chr5:1253282-1295183","chr5:1253167-1295068","Little Evidence for Haploinsufficiency","No Evidence for Triplosensitivity","https://search.clinicalgenome.org/kb/gene-dosage/HGNC:11730","2025-06-24T21:28:02+00:00"
"TEX26","HGNC:28622","chr13:31506793-31549637","chr13:30932656-30975500","Dosage Sensitivity Unlikely for Haploinsufficiency","No Evidence for Triplosensitivity","https://search.clinicalgenome.org/kb/gene-dosage/HGNC:28622","2021-02-03T13:35:58+00:00"
"TFAP2B","HGNC:11743","chr6:50786584-50815332","chr6:50818355-50847619","Sufficient Evidence for Haploinsufficiency","No Evidence for Triplosensitivity","https://search.clinicalgenome.org/kb/gene-dosage/HGNC:11743","2023-04-11T16:16:21+00:00"
"TFR2","HGNC:11762","chr7:100218043-100239175","chr7:100620420-100641552","Gene Associated with Autosomal Recessive Phenotype","No Evidence for Triplosensitivity","https://search.clinicalgenome.org/kb/gene-dosage/HGNC:11762","2016-08-22T17:52:47+00:00"
"TGFBR1","HGNC:11772","chr9:101867395-101916474","chr9:99103647-99154192","Sufficient Evidence for Haploinsufficiency","No Evidence for Triplosensitivity","https://search.clinicalgenome.org/kb/gene-dosage/HGNC:11772","2024-02-13T17:22:04+00:00"
"TGFBR2","HGNC:11773","chr3:30647994-30735634","chr3:30606356-30694142","No Evidence for Haploinsufficiency","No Evidence for Triplosensitivity","https://search.clinicalgenome.org/kb/gene-dosage/HGNC:11773","2024-06-26T16:29:36+00:00"
"TGIF1","HGNC:11776","chr18:3412007-3459976","chr18:3412009-3459978","Sufficient Evidence for Haploinsufficiency","No Evidence for Triplosensitivity","https://search.clinicalgenome.org/kb/gene-dosage/HGNC:11776","2012-05-10T19:33:22+00:00"
"TGM1","HGNC:11777","chr14:24718320-24732383","chr14:24249114-24263177","Gene Associated with Autosomal Recessive Phenotype","Not yet evaluated","https://search.clinicalgenome.org/kb/gene-dosage/HGNC:11777","2016-08-22T17:52:48+00:00"
"TGM5","HGNC:11781","chr15:43524788-43559126","chr15:43232590-43266928","Gene Associated with Autosomal Recessive Phenotype","Not yet evaluated","https://search.clinicalgenome.org/kb/gene-dosage/HGNC:11781","2016-08-22T17:52:49+00:00"
"THRA","HGNC:11796","chr17:38218446-38250120","chr17:40062193-40093867","No Evidence for Haploinsufficiency","No Evidence for Triplosensitivity","https://search.clinicalgenome.org/kb/gene-dosage/HGNC:11796","2013-08-22T19:38:27+00:00"
"TIGD6","HGNC:18332","chr5:149372681-149380217","chr5:149993118-150000654","Dosage Sensitivity Unlikely for Haploinsufficiency","No Evidence for Triplosensitivity","https://search.clinicalgenome.org/kb/gene-dosage/HGNC:18332","2021-02-03T13:58:53+00:00"
"TIMM8A","HGNC:11817","chrX:100600649-100603730","chrX:101345661-101348742","Sufficient Evidence for Haploinsufficiency","No Evidence for Triplosensitivity","https://search.clinicalgenome.org/kb/gene-dosage/HGNC:11817","2021-03-24T16:11:53+00:00"
"TJP2","HGNC:11828","chr9:71736180-71870124","chr9:69121264-69255208","Gene Associated with Autosomal Recessive Phenotype","Not yet evaluated","https://search.clinicalgenome.org/kb/gene-dosage/HGNC:11828","2016-08-22T17:52:50+00:00"
"TLX3","HGNC:13532","chr5:170736252-170739143","chr5:171309248-171312139","No Evidence for Haploinsufficiency","No Evidence for Triplosensitivity","https://search.clinicalgenome.org/kb/gene-dosage/HGNC:13532","2018-09-25T17:54:15+00:00"
"TMC6","HGNC:18021","chr17:76103478-76128508","chr17:78107397-78132427","Gene Associated with Autosomal Recessive Phenotype","No Evidence for Triplosensitivity","https://search.clinicalgenome.org/kb/gene-dosage/HGNC:18021","2016-08-22T17:52:50+00:00"
"TMC8","HGNC:20474","chr17:76126852-76139049","chr17:78130771-78142968","Gene Associated with Autosomal Recessive Phenotype","No Evidence for Triplosensitivity","https://search.clinicalgenome.org/kb/gene-dosage/HGNC:20474","2016-08-22T17:52:51+00:00"
"TMCO1","HGNC:18188","chr1:165693528-165738159","chr1:165724291-165768922","Gene Associated with Autosomal Recessive Phenotype","Not yet evaluated","https://search.clinicalgenome.org/kb/gene-dosage/HGNC:18188","2016-08-22T17:52:52+00:00"
"TMEM127","HGNC:26038","chr2:96914252-96931735","chr2:96248514-96265997","Sufficient Evidence for Haploinsufficiency","No Evidence for Triplosensitivity","https://search.clinicalgenome.org/kb/gene-dosage/HGNC:26038","2021-07-13T16:18:04+00:00"
"TMEM135","HGNC:26167","chr11:86748976-87039866","chr11:87037934-87328824","No Evidence for Haploinsufficiency","No Evidence for Triplosensitivity","https://search.clinicalgenome.org/kb/gene-dosage/HGNC:26167","2015-11-02T20:40:26+00:00"
"TMEM178A","HGNC:28517","chr2:39892623-39945103","chr2:39665483-39735960","No Evidence for Haploinsufficiency","No Evidence for Triplosensitivity","https://search.clinicalgenome.org/kb/gene-dosage/HGNC:28517","2024-10-23T16:10:47+00:00"
"TMEM216","HGNC:25018","chr11:61160059-61166318","chr11:61392587-61398846","Gene Associated with Autosomal Recessive Phenotype","No Evidence for Triplosensitivity","https://search.clinicalgenome.org/kb/gene-dosage/HGNC:25018","2025-06-30T21:07:31+00:00"
"TMEM231","HGNC:37234","chr16:75570639-75590184","chr16:75536741-75556286","Gene Associated with Autosomal Recessive Phenotype","No Evidence for Triplosensitivity","https://search.clinicalgenome.org/kb/gene-dosage/HGNC:37234","2016-08-22T17:52:53+00:00"
"TMEM237","HGNC:14432","chr2:202484909-202508226","chr2:201620186-201643503","Gene Associated with Autosomal Recessive Phenotype","No Evidence for Triplosensitivity","https://search.clinicalgenome.org/kb/gene-dosage/HGNC:14432","2015-04-09T03:18:15+00:00"
"TMEM43","HGNC:28472","chr3:14166552-14185180","chr3:14125052-14143680","No Evidence for Haploinsufficiency","No Evidence for Triplosensitivity","https://search.clinicalgenome.org/kb/gene-dosage/HGNC:28472","2015-11-08T18:35:47+00:00"
"TMEM67","HGNC:28396","chr8:94767072-94831466","chr8:93754844-93832653","Gene Associated with Autosomal Recessive Phenotype","No Evidence for Triplosensitivity","https://search.clinicalgenome.org/kb/gene-dosage/HGNC:28396","2016-08-22T17:52:53+00:00"
"TMEM94","HGNC:28983","chr17:73452716-73496533","chr17:75456635-75500452","Gene Associated with Autosomal Recessive Phenotype","No Evidence for Triplosensitivity","https://search.clinicalgenome.org/kb/gene-dosage/HGNC:28983","2025-04-01T01:09:32+00:00"
"TMLHE","HGNC:18308","chrX:154718672-154842613","chrX:155489011-155612952","Little Evidence for Haploinsufficiency","No Evidence for Triplosensitivity","https://search.clinicalgenome.org/kb/gene-dosage/HGNC:18308","2013-08-01T19:54:22+00:00"
"TMPRSS3","HGNC:11877","chr21:43791999-43816161","chr21:42371890-42396052","Gene Associated with Autosomal Recessive Phenotype","No Evidence for Triplosensitivity","https://search.clinicalgenome.org/kb/gene-dosage/HGNC:11877","2016-08-22T17:52:54+00:00"
"TMPRSS6","HGNC:16517","chr22:37461476-37505753","chr22:37065436-37110536","Gene Associated with Autosomal Recessive Phenotype","No Evidence for Triplosensitivity","https://search.clinicalgenome.org/kb/gene-dosage/HGNC:16517","2016-08-22T17:52:55+00:00"
"TNFRSF11B","HGNC:11909","chr8:119935796-119964124","chr8:118923557-118951885","Gene Associated with Autosomal Recessive Phenotype","Not yet evaluated","https://search.clinicalgenome.org/kb/gene-dosage/HGNC:11909","2016-08-22T17:52:56+00:00"
"TNNC1","HGNC:11943","chr3:52485116-52488057","chr3:52451100-52454041","No Evidence for Haploinsufficiency","No Evidence for Triplosensitivity","https://search.clinicalgenome.org/kb/gene-dosage/HGNC:11943","2025-10-10T19:17:41+00:00"
"TNNI3","HGNC:11947","chr19:55663135-55669100","chr19:55151767-55157732","Little Evidence for Haploinsufficiency","No Evidence for Triplosensitivity","https://search.clinicalgenome.org/kb/gene-dosage/HGNC:11947","2023-05-25T13:36:35+00:00"
"TNNT1","HGNC:11948","chr19:55644066-55660574","chr19:55132698-55149206","Gene Associated with Autosomal Recessive Phenotype","No Evidence for Triplosensitivity","https://search.clinicalgenome.org/kb/gene-dosage/HGNC:11948","2016-08-22T17:52:56+00:00"
"TNNT2","HGNC:11949","chr1:201328142-201346808","chr1:201359014-201377680","No Evidence for Haploinsufficiency","No Evidence for Triplosensitivity","https://search.clinicalgenome.org/kb/gene-dosage/HGNC:11949","2015-11-16T01:19:20+00:00"
"TNPO3","HGNC:17103","chr7:128594239-128695165","chr7:128954185-129056193","No Evidence for Haploinsufficiency","No Evidence for Triplosensitivity","https://search.clinicalgenome.org/kb/gene-dosage/HGNC:17103","2025-06-30T20:59:09+00:00"
"TNRC6B","HGNC:29190","chr22:40440838-40731812","chr22:40044834-40335808","Sufficient Evidence for Haploinsufficiency","No Evidence for Triplosensitivity","https://search.clinicalgenome.org/kb/gene-dosage/HGNC:29190","2019-06-26T16:12:44+00:00"
"TOP3B","HGNC:11993","chr22:22311397-22337184","chr22:21957025-21982787","No Evidence for Haploinsufficiency","No Evidence for Triplosensitivity","https://search.clinicalgenome.org/kb/gene-dosage/HGNC:11993","2022-07-13T16:15:36+00:00"
"TP53","HGNC:11998","chr17:7571739-7590808","chr17:7668421-7687490","Sufficient Evidence for Haploinsufficiency","No Evidence for Triplosensitivity","https://search.clinicalgenome.org/kb/gene-dosage/HGNC:11998","2021-11-10T17:19:02+00:00"
"TP63","HGNC:15979","chr3:189314535-189615065","chr3:189596746-189897276","Little Evidence for Haploinsufficiency","No Evidence for Triplosensitivity","https://search.clinicalgenome.org/kb/gene-dosage/HGNC:15979","2023-05-10T16:29:17+00:00"
"TP73","HGNC:12003","chr1:3569080-3652765","chr1:3652516-3736201","No Evidence for Haploinsufficiency","No Evidence for Triplosensitivity","https://search.clinicalgenome.org/kb/gene-dosage/HGNC:12003","2012-07-06T20:45:02+00:00"
"TPK1","HGNC:17358","chr7:144149034-144533146","chr7:144451941-144836437","Gene Associated with Autosomal Recessive Phenotype","No Evidence for Triplosensitivity","https://search.clinicalgenome.org/kb/gene-dosage/HGNC:17358","2016-08-22T17:52:57+00:00"
"TPM1","HGNC:12010","chr15:63334946-63364114","chr15:63042747-63071915","No Evidence for Haploinsufficiency","No Evidence for Triplosensitivity","https://search.clinicalgenome.org/kb/gene-dosage/HGNC:12010","2015-11-09T15:55:57+00:00"
"TPM2","HGNC:12011","chr9:35681990-35690053","chr9:35681993-35690056","Little Evidence for Haploinsufficiency","No Evidence for Triplosensitivity","https://search.clinicalgenome.org/kb/gene-dosage/HGNC:12011","2025-11-18T17:47:09+00:00"
"TPO","HGNC:12015","chr2:1417235-1547445","chr2:1374047-1543673","Gene Associated with Autosomal Recessive Phenotype","Not yet evaluated","https://search.clinicalgenome.org/kb/gene-dosage/HGNC:12015","2016-08-22T17:52:57+00:00"
"TPRN","HGNC:26894","chr9:140086071-140095193","chr9:137191619-137200741","Gene Associated with Autosomal Recessive Phenotype","No Evidence for Triplosensitivity","https://search.clinicalgenome.org/kb/gene-dosage/HGNC:26894","2016-08-22T17:52:58+00:00"
"TPSAB1","HGNC:12019","chr16:1290706-1292555","chr16:1240705-1242554","No Evidence for Haploinsufficiency","Sufficient Evidence for Triplosensitivity","https://search.clinicalgenome.org/kb/gene-dosage/HGNC:12019","2025-08-07T21:15:35+00:00"
"TPSD1","HGNC:14118","chr16:1306070-1309009","chr16:1256069-1259008","Dosage Sensitivity Unlikely for Haploinsufficiency","No Evidence for Triplosensitivity","https://search.clinicalgenome.org/kb/gene-dosage/HGNC:14118","2021-02-03T14:04:47+00:00"
"TRAF7","HGNC:20456","chr16:2205783-2228130","chr16:2155782-2178129","No Evidence for Haploinsufficiency","No Evidence for Triplosensitivity","https://search.clinicalgenome.org/kb/gene-dosage/HGNC:20456","2025-10-10T17:07:46+00:00"
"TRAPPC10","HGNC:11868","chr21:45432190-45526433","chr21:44012309-44106552","No Evidence for Haploinsufficiency","No Evidence for Triplosensitivity","https://search.clinicalgenome.org/kb/gene-dosage/HGNC:11868","2012-09-06T18:52:18+00:00"
"TRAPPC2","HGNC:23068","chrX:13730364-13752739","chrX:13712245-13734620","Sufficient Evidence for Haploinsufficiency","No Evidence for Triplosensitivity","https://search.clinicalgenome.org/kb/gene-dosage/HGNC:23068","2014-01-16T20:19:54+00:00"
"TRAPPC9","HGNC:30832","chr8:140739968-141468678","chr8:139727725-140458579","Gene Associated with Autosomal Recessive Phenotype","No Evidence for Triplosensitivity","https://search.clinicalgenome.org/kb/gene-dosage/HGNC:30832","2015-08-06T14:31:26+00:00"
"TRDN","HGNC:12261","chr6:123537484-123958095","chr6:123216339-123636950","Gene Associated with Autosomal Recessive Phenotype","Not yet evaluated","https://search.clinicalgenome.org/kb/gene-dosage/HGNC:12261","2016-08-22T17:52:59+00:00"
"TRHR","HGNC:12299","chr8:110098814-110133794","chr8:109086585-109121565","Gene Associated with Autosomal Recessive Phenotype","Not yet evaluated","https://search.clinicalgenome.org/kb/gene-dosage/HGNC:12299","2016-08-22T17:53:00+00:00"
"TRIM2","HGNC:15974","chr4:154073315-154260469","chr4:153152163-153339317","Gene Associated with Autosomal Recessive Phenotype","No Evidence for Triplosensitivity","https://search.clinicalgenome.org/kb/gene-dosage/HGNC:15974","2016-08-22T17:53:01+00:00"
"TRIM32","HGNC:16380","chr9:119449584-119463578","chr9:116687305-116701299","Gene Associated with Autosomal Recessive Phenotype","No Evidence for Triplosensitivity","https://search.clinicalgenome.org/kb/gene-dosage/HGNC:16380","2016-08-22T17:53:02+00:00"
"TRIM37","HGNC:7523","chr17:57060010-57184241","chr17:58967201-59106880","Gene Associated with Autosomal Recessive Phenotype","No Evidence for Triplosensitivity","https://search.clinicalgenome.org/kb/gene-dosage/HGNC:7523","2016-08-22T17:53:02+00:00"
"TRIO","HGNC:12303","chr5:14143451-14510313","chr5:14143342-14510204","Sufficient Evidence for Haploinsufficiency","No Evidence for Triplosensitivity","https://search.clinicalgenome.org/kb/gene-dosage/HGNC:12303","2018-01-24T17:44:01+00:00"
"TRIOBP","HGNC:17009","chr22:38093055-38172563","chr22:37697048-37776556","Gene Associated with Autosomal Recessive Phenotype","No Evidence for Triplosensitivity","https://search.clinicalgenome.org/kb/gene-dosage/HGNC:17009","2016-08-22T17:53:03+00:00"
"TRIP12","HGNC:12306","chr2:230628553-230787902","chr2:229763837-229923186","Sufficient Evidence for Haploinsufficiency","No Evidence for Triplosensitivity","https://search.clinicalgenome.org/kb/gene-dosage/HGNC:12306","2018-04-02T14:56:24+00:00"
"TRIP4","HGNC:12310","chr15:64680035-64747502","chr15:64387836-64455303","Gene Associated with Autosomal Recessive Phenotype","No Evidence for Triplosensitivity","https://search.clinicalgenome.org/kb/gene-dosage/HGNC:12310","2018-08-17T00:03:40+00:00"
"TRMT10A","HGNC:28403","chr4:100467868-100485196","chr4:99546711-99564039","Gene Associated with Autosomal Recessive Phenotype","No Evidence for Triplosensitivity","https://search.clinicalgenome.org/kb/gene-dosage/HGNC:28403","2016-08-22T17:53:04+00:00"
"TRMU","HGNC:25481","chr22:46731611-46753237","chr22:46335714-46357340","Gene Associated with Autosomal Recessive Phenotype","No Evidence for Triplosensitivity","https://search.clinicalgenome.org/kb/gene-dosage/HGNC:25481","2016-08-22T17:53:05+00:00"
"TRPM1","HGNC:7146","chr15:31293268-31453363","chr15:31001065-31161160","Gene Associated with Autosomal Recessive Phenotype","Not yet evaluated","https://search.clinicalgenome.org/kb/gene-dosage/HGNC:7146","2016-08-22T17:53:05+00:00"
"TRPS1","HGNC:12340","chr8:116420724-116681202","chr8:115408496-115668975","Sufficient Evidence for Haploinsufficiency","No Evidence for Triplosensitivity","https://search.clinicalgenome.org/kb/gene-dosage/HGNC:12340","2020-07-08T18:31:04+00:00"
"TRRAP","HGNC:12347","chr7:98476155-98610864","chr7:98878532-99013241","Little Evidence for Haploinsufficiency","No Evidence for Triplosensitivity","https://search.clinicalgenome.org/kb/gene-dosage/HGNC:12347","2019-04-24T16:18:41+00:00"
"TSC1","HGNC:12362","chr9:135766736-135820003","chr9:132891349-132945378","Sufficient Evidence for Haploinsufficiency","No Evidence for Triplosensitivity","https://search.clinicalgenome.org/kb/gene-dosage/HGNC:12362","2020-10-13T16:27:13+00:00"
"TSC2","HGNC:12363","chr16:2097986-2139492","chr16:2047985-2089491","Sufficient Evidence for Haploinsufficiency","No Evidence for Triplosensitivity","https://search.clinicalgenome.org/kb/gene-dosage/HGNC:12363","2020-06-10T19:31:31+00:00"
"TSEN2","HGNC:28422","chr3:12525979-12581123","chr3:12480231-12539624","Gene Associated with Autosomal Recessive Phenotype","No Evidence for Triplosensitivity","https://search.clinicalgenome.org/kb/gene-dosage/HGNC:28422","2016-08-22T17:53:06+00:00"
"TSEN54","HGNC:27561","chr17:73512609-73520816","chr17:75516528-75524735","Gene Associated with Autosomal Recessive Phenotype","Not yet evaluated","https://search.clinicalgenome.org/kb/gene-dosage/HGNC:27561","2016-08-22T17:53:07+00:00"
"TSPAN7","HGNC:11854","chrX:38420795-38548172","chrX:38561542-38688918","Little Evidence for Haploinsufficiency","No Evidence for Triplosensitivity","https://search.clinicalgenome.org/kb/gene-dosage/HGNC:11854","2022-06-22T16:45:35+00:00"
"TSPEAR","HGNC:1268","chr21:45917776-46131487","chr21:44497893-44711572","Gene Associated with Autosomal Recessive Phenotype","No Evidence for Triplosensitivity","https://search.clinicalgenome.org/kb/gene-dosage/HGNC:1268","2016-08-22T17:53:08+00:00"
"TTC19","HGNC:26006","chr17:15903138-15932718","chr17:15999824-16045015","Gene Associated with Autosomal Recessive Phenotype","No Evidence for Triplosensitivity","https://search.clinicalgenome.org/kb/gene-dosage/HGNC:26006","2016-08-22T17:53:08+00:00"
"TTC21B","HGNC:25660","chr2:166729872-166810286","chr2:165873362-165953776","Gene Associated with Autosomal Recessive Phenotype","No Evidence for Triplosensitivity","https://search.clinicalgenome.org/kb/gene-dosage/HGNC:25660","2016-08-22T17:53:09+00:00"
"TTC7A","HGNC:19750","chr2:47143005-47303262","chr2:46915866-47076123","Gene Associated with Autosomal Recessive Phenotype","No Evidence for Triplosensitivity","https://search.clinicalgenome.org/kb/gene-dosage/HGNC:19750","2016-08-22T17:53:11+00:00"
"TTC8","HGNC:20087","chr14:89290497-89347423","chr14:88824153-88881079","Gene Associated with Autosomal Recessive Phenotype","Not yet evaluated","https://search.clinicalgenome.org/kb/gene-dosage/HGNC:20087","2016-08-22T17:53:11+00:00"
"TTLL5","HGNC:19963","chr14:76127589-76421422","chr14:75661246-75955079","Gene Associated with Autosomal Recessive Phenotype","No Evidence for Triplosensitivity","https://search.clinicalgenome.org/kb/gene-dosage/HGNC:19963","2016-08-22T17:53:12+00:00"
"TTN","HGNC:12403","chr2:179390716-179672150","chr2:178525989-178807423","Emerging Evidence for Haploinsufficiency","No Evidence for Triplosensitivity","https://search.clinicalgenome.org/kb/gene-dosage/HGNC:12403","2026-01-05T15:44:47+00:00"
"TTR","HGNC:12405","chr18:29171840-29178784","chr18:31591877-31598821","No Evidence for Haploinsufficiency","No Evidence for Triplosensitivity","https://search.clinicalgenome.org/kb/gene-dosage/HGNC:12405","2025-07-23T16:28:53+00:00"
"TUBA1A","HGNC:20766","chr12:49578578-49582863","chr12:49184795-49189080","No Evidence for Haploinsufficiency","No Evidence for Triplosensitivity","https://search.clinicalgenome.org/kb/gene-dosage/HGNC:20766","2016-04-14T18:30:54+00:00"
"TUBB1","HGNC:16257","chr20:57594484-57601709","chr20:59016438-59026654","Little Evidence for Haploinsufficiency","No Evidence for Triplosensitivity","https://search.clinicalgenome.org/kb/gene-dosage/HGNC:16257","2025-09-24T17:34:21+00:00"
"TUBB2B","HGNC:30829","chr6:3224511-3227887","chr6:3224277-3227653","No Evidence for Haploinsufficiency","No Evidence for Triplosensitivity","https://search.clinicalgenome.org/kb/gene-dosage/HGNC:30829","2025-09-09T16:24:12+00:00"
"TUBB3","HGNC:20772","chr16:89988333-90002505","chr16:89921925-89936097","No Evidence for Haploinsufficiency","No Evidence for Triplosensitivity","https://search.clinicalgenome.org/kb/gene-dosage/HGNC:20772","2017-08-30T20:40:53+00:00"
"TUBB4A","HGNC:20774","chr19:6494330-6502859","chr19:6494319-6502848","No Evidence for Haploinsufficiency","No Evidence for Triplosensitivity","https://search.clinicalgenome.org/kb/gene-dosage/HGNC:20774","2014-11-19T15:34:12+00:00"
"TUBGCP6","HGNC:18127","chr22:50656123-50683452","chr22:50217694-50245023","Gene Associated with Autosomal Recessive Phenotype","No Evidence for Triplosensitivity","https://search.clinicalgenome.org/kb/gene-dosage/HGNC:18127","2016-08-22T17:53:13+00:00"
"TUFM","HGNC:12420","chr16:28853732-28857669","chr16:28842411-28846348","Gene Associated with Autosomal Recessive Phenotype","No Evidence for Triplosensitivity","https://search.clinicalgenome.org/kb/gene-dosage/HGNC:12420","2016-08-22T17:53:14+00:00"
"TUSC3","HGNC:30242","chr8:15397596-15624158","chr8:15417188-15852091","Gene Associated with Autosomal Recessive Phenotype","Not yet evaluated","https://search.clinicalgenome.org/kb/gene-dosage/HGNC:30242","2021-12-01T17:07:38+00:00"
"TWIST1","HGNC:12428","chr7:19152670-19157259","chr7:19113047-19117636","Sufficient Evidence for Haploinsufficiency","No Evidence for Triplosensitivity","https://search.clinicalgenome.org/kb/gene-dosage/HGNC:12428","2020-12-16T17:30:30+00:00"
"TWIST2","HGNC:20670","chr2:239756726-239832230","chr2:238848085-238910534","Gene Associated with Autosomal Recessive Phenotype","No Evidence for Triplosensitivity","https://search.clinicalgenome.org/kb/gene-dosage/HGNC:20670","2016-08-22T17:53:14+00:00"
"TYMP","HGNC:3148","chr22:50964181-50968514","chr22:50525752-50530085","Gene Associated with Autosomal Recessive Phenotype","Not yet evaluated","https://search.clinicalgenome.org/kb/gene-dosage/HGNC:3148","2016-08-22T17:53:15+00:00"
"TYROBP","HGNC:12449","chr19:36395305-36399197","chr19:35904403-35908295","Gene Associated with Autosomal Recessive Phenotype","No Evidence for Triplosensitivity","https://search.clinicalgenome.org/kb/gene-dosage/HGNC:12449","2016-08-22T17:53:15+00:00"
"TYRP1","HGNC:12450","chr9:12693385-12710285","chr9:12693385-12710285","Gene Associated with Autosomal Recessive Phenotype","Not yet evaluated","https://search.clinicalgenome.org/kb/gene-dosage/HGNC:12450","2016-08-22T17:53:16+00:00"
"UBE2A","HGNC:12472","chrX:118708526-118718386","chrX:119574563-119584423","Little Evidence for Haploinsufficiency","No Evidence for Triplosensitivity","https://search.clinicalgenome.org/kb/gene-dosage/HGNC:12472","2026-04-14T16:58:09+00:00"
"UBE2T","HGNC:25009","chr1:202300785-202311064","chr1:202331657-202341936","Gene Associated with Autosomal Recessive Phenotype","No Evidence for Triplosensitivity","https://search.clinicalgenome.org/kb/gene-dosage/HGNC:25009","2020-09-01T15:54:49+00:00"
"UBE3A","HGNC:12496","chr15:25578875-25684203","chr15:25333728-25439056","Sufficient Evidence for Haploinsufficiency","No Evidence for Triplosensitivity","https://search.clinicalgenome.org/kb/gene-dosage/HGNC:12496","2012-08-23T19:12:35+00:00"
"UBE3B","HGNC:13478","chr12:109915439-109974507","chr12:109477634-109547829","Gene Associated with Autosomal Recessive Phenotype","No Evidence for Triplosensitivity","https://search.clinicalgenome.org/kb/gene-dosage/HGNC:13478","2016-08-22T17:53:17+00:00"
"UBN2","HGNC:21931","chr7:138915983-138992982","chr7:139231237-139330428","Little Evidence for Haploinsufficiency","No Evidence for Triplosensitivity","https://search.clinicalgenome.org/kb/gene-dosage/HGNC:21931","2024-07-24T16:57:29+00:00"
"UBR1","HGNC:16808","chr15:43235095-43398236","chr15:42942897-43106038","Gene Associated with Autosomal Recessive Phenotype","Not yet evaluated","https://search.clinicalgenome.org/kb/gene-dosage/HGNC:16808","2016-08-22T17:53:17+00:00"
"UNC80","HGNC:26582","chr2:210636556-210864020","chr2:209771832-209999296","Gene Associated with Autosomal Recessive Phenotype","No Evidence for Triplosensitivity","https://search.clinicalgenome.org/kb/gene-dosage/HGNC:26582","2025-02-12T21:54:00+00:00"
"UNC93A","HGNC:12570","chr6:167704803-167729502","chr6:167269032-167316014","Dosage Sensitivity Unlikely for Haploinsufficiency","No Evidence for Triplosensitivity","https://search.clinicalgenome.org/kb/gene-dosage/HGNC:12570","2021-02-03T14:15:49+00:00"
"UPB1","HGNC:16297","chr22:24891300-24924358","chr22:24495332-24528390","Gene Associated with Autosomal Recessive Phenotype","Not yet evaluated","https://search.clinicalgenome.org/kb/gene-dosage/HGNC:16297","2016-08-22T17:53:18+00:00"
"UPF2","HGNC:17854","chr10:11962021-12085169","chr10:11920022-12043170","No Evidence for Haploinsufficiency","No Evidence for Triplosensitivity","https://search.clinicalgenome.org/kb/gene-dosage/HGNC:17854","2019-02-13T21:50:22+00:00"
"UPF3B","HGNC:20439","chrX:118967985-118986926","chrX:119805311-119852963","Sufficient Evidence for Haploinsufficiency","No Evidence for Triplosensitivity","https://search.clinicalgenome.org/kb/gene-dosage/HGNC:20439","2021-02-09T17:07:19+00:00"
"UROD","HGNC:12591","chr1:45477926-45481247","chr1:45012254-45015575","Emerging Evidence for Haploinsufficiency","No Evidence for Triplosensitivity","https://search.clinicalgenome.org/kb/gene-dosage/HGNC:12591","2024-10-04T19:09:41+00:00"
"UROS","HGNC:12592","chr10:127473549-127511827","chr10:125784980-125823258","Gene Associated with Autosomal Recessive Phenotype","Not yet evaluated","https://search.clinicalgenome.org/kb/gene-dosage/HGNC:12592","2016-08-22T17:53:19+00:00"
"USB1","HGNC:25792","chr16:58033507-58055522","chr16:57999603-58021618","Gene Associated with Autosomal Recessive Phenotype","No Evidence for Triplosensitivity","https://search.clinicalgenome.org/kb/gene-dosage/HGNC:25792","2024-11-13T22:13:13+00:00"
"USH1C","HGNC:12597","chr11:17515447-17565963","chr11:17493900-17544416","Gene Associated with Autosomal Recessive Phenotype","No Evidence for Triplosensitivity","https://search.clinicalgenome.org/kb/gene-dosage/HGNC:12597","2012-04-07T10:34:31+00:00"
"USH1G","HGNC:16356","chr17:72912175-72919350","chr17:74916083-74923255","Gene Associated with Autosomal Recessive Phenotype","No Evidence for Triplosensitivity","https://search.clinicalgenome.org/kb/gene-dosage/HGNC:16356","2016-08-22T17:53:19+00:00"
"USH2A","HGNC:12601","chr1:215796233-216596790","chr1:215622891-216423448","Gene Associated with Autosomal Recessive Phenotype","Not yet evaluated","https://search.clinicalgenome.org/kb/gene-dosage/HGNC:12601","2016-08-22T17:53:20+00:00"
"USP7","HGNC:12630","chr16:8985954-9057763","chr16:8892097-8963906","Sufficient Evidence for Haploinsufficiency","No Evidence for Triplosensitivity","https://search.clinicalgenome.org/kb/gene-dosage/HGNC:12630","2024-04-22T17:10:57+00:00"
"USP9X","HGNC:12632","chrX:40944698-41095832","chrX:41085445-41236579","Sufficient Evidence for Haploinsufficiency","No Evidence for Triplosensitivity","https://search.clinicalgenome.org/kb/gene-dosage/HGNC:12632","2024-11-27T17:21:28+00:00"
"UVSSA","HGNC:29304","chr4:1340996-1381837","chr4:1342011-1395989","Gene Associated with Autosomal Recessive Phenotype","Not yet evaluated","https://search.clinicalgenome.org/kb/gene-dosage/HGNC:29304","2016-08-22T17:53:21+00:00"
"VAMP7","HGNC:11486","chrX:155111008-155173433","chrX:155881345-155943769","No Evidence for Haploinsufficiency","No Evidence for Triplosensitivity","https://search.clinicalgenome.org/kb/gene-dosage/HGNC:11486","2012-09-06T18:40:56+00:00"
"VCX3A","HGNC:18159","chrX:6451659-6453159","chrX:6533618-6535118","No Evidence for Haploinsufficiency","Dosage Sensitivity Unlikely for Triplosensitivity","https://search.clinicalgenome.org/kb/gene-dosage/HGNC:18159","2012-10-12T13:23:03+00:00"
"VEGFA","HGNC:12680","chr6:43737946-43754224","chr6:43770211-43786487","Little Evidence for Haploinsufficiency","No Evidence for Triplosensitivity","https://search.clinicalgenome.org/kb/gene-dosage/HGNC:12680","2023-08-23T16:31:04+00:00"
"VHL","HGNC:12687","chr3:10183462-10195351","chr3:10141778-10153667","Sufficient Evidence for Haploinsufficiency","No Evidence for Triplosensitivity","https://search.clinicalgenome.org/kb/gene-dosage/HGNC:12687","2022-05-11T16:25:21+00:00"
"VLDLR","HGNC:12698","chr9:2621787-2660056","chr9:2621787-2660056","Gene Associated with Autosomal Recessive Phenotype","Not yet evaluated","https://search.clinicalgenome.org/kb/gene-dosage/HGNC:12698","2016-08-22T17:53:22+00:00"
"VPS13A","HGNC:1908","chr9:79792450-80036453","chr9:77177534-77421537","Gene Associated with Autosomal Recessive Phenotype","Not yet evaluated","https://search.clinicalgenome.org/kb/gene-dosage/HGNC:1908","2016-08-22T17:53:22+00:00"
"VPS13B","HGNC:2183","chr8:100025502-100889808","chr8:99013274-99877580","Gene Associated with Autosomal Recessive Phenotype","No Evidence for Triplosensitivity","https://search.clinicalgenome.org/kb/gene-dosage/HGNC:2183","2013-06-26T14:21:24+00:00"
"VPS26C","HGNC:3044","chr21:38595721-38640409","chr21:37223420-37268108","No Evidence for Haploinsufficiency","No Evidence for Triplosensitivity","https://search.clinicalgenome.org/kb/gene-dosage/HGNC:3044","2012-04-25T01:33:33+00:00"
"VPS37A","HGNC:24928","chr8:17104467-17190964","chr8:17246958-17333455","Gene Associated with Autosomal Recessive Phenotype","No Evidence for Triplosensitivity","https://search.clinicalgenome.org/kb/gene-dosage/HGNC:24928","2016-08-22T17:53:23+00:00"
"VPS53","HGNC:25608","chr17:411908-618079","chr17:508668-714839","Gene Associated with Autosomal Recessive Phenotype","Not yet evaluated","https://search.clinicalgenome.org/kb/gene-dosage/HGNC:25608","2016-08-22T17:53:24+00:00"
"WAC","HGNC:17327","chr10:28821708-28912041","chr10:28532779-28623112","Sufficient Evidence for Haploinsufficiency","No Evidence for Triplosensitivity","https://search.clinicalgenome.org/kb/gene-dosage/HGNC:17327","2018-02-28T18:00:45+00:00"
"WAS","HGNC:12731","chrX:48542188-48549818","chrX:48676636-48691427","Sufficient Evidence for Haploinsufficiency","No Evidence for Triplosensitivity","https://search.clinicalgenome.org/kb/gene-dosage/HGNC:12731","2025-10-09T17:08:47+00:00"
"WDFY3","HGNC:20751","chr4:85590750-85887843","chr4:84669597-84966690","Sufficient Evidence for Haploinsufficiency","No Evidence for Triplosensitivity","https://search.clinicalgenome.org/kb/gene-dosage/HGNC:20751","2023-10-10T16:15:18+00:00"
"WDPCP","HGNC:28027","chr2:63346694-63815611","chr2:63119559-63840826","Gene Associated with Autosomal Recessive Phenotype","No Evidence for Triplosensitivity","https://search.clinicalgenome.org/kb/gene-dosage/HGNC:28027","2016-08-22T17:53:24+00:00"
"WDR26","HGNC:21208","chr1:224572848-224622499","chr1:224385146-224434797","Sufficient Evidence for Haploinsufficiency","No Evidence for Triplosensitivity","https://search.clinicalgenome.org/kb/gene-dosage/HGNC:21208","2022-04-27T16:27:29+00:00"
"WDR35","HGNC:29250","chr2:20110024-20189866","chr2:19910263-19990105","Gene Associated with Autosomal Recessive Phenotype","No Evidence for Triplosensitivity","https://search.clinicalgenome.org/kb/gene-dosage/HGNC:29250","2013-06-19T14:46:00+00:00"
"WDR45","HGNC:28912","chrX:48932101-48958116","chrX:49074442-49101178","Sufficient Evidence for Haploinsufficiency","No Evidence for Triplosensitivity","https://search.clinicalgenome.org/kb/gene-dosage/HGNC:28912","2015-04-09T14:43:03+00:00"
"WDR62","HGNC:24502","chr19:36545799-36596010","chr19:36054897-36111145","Gene Associated with Autosomal Recessive Phenotype","Not yet evaluated","https://search.clinicalgenome.org/kb/gene-dosage/HGNC:24502","2016-08-22T17:53:26+00:00"
"WDR72","HGNC:26790","chr15:53805938-54055075","chr15:53513741-53762878","Gene Associated with Autosomal Recessive Phenotype","No Evidence for Triplosensitivity","https://search.clinicalgenome.org/kb/gene-dosage/HGNC:26790","2016-08-22T17:53:26+00:00"
"WFS1","HGNC:12762","chr4:6271577-6304992","chr4:6269850-6303265","No Evidence for Haploinsufficiency","No Evidence for Triplosensitivity","https://search.clinicalgenome.org/kb/gene-dosage/HGNC:12762","2012-02-08T20:51:55+00:00"
"WHRN","HGNC:16361","chr9:117164360-117267753","chr9:114402080-114505473","Gene Associated with Autosomal Recessive Phenotype","No Evidence for Triplosensitivity","https://search.clinicalgenome.org/kb/gene-dosage/HGNC:16361","2016-08-22T17:47:49+00:00"
"WNT7A","HGNC:12786","chr3:13857755-13921568","chr3:13816258-13880071","Gene Associated with Autosomal Recessive Phenotype","No Evidence for Triplosensitivity","https://search.clinicalgenome.org/kb/gene-dosage/HGNC:12786","2016-08-22T17:53:27+00:00"
"WRAP53","HGNC:25522","chr17:7589389-7606820","chr17:7686071-7703502","Gene Associated with Autosomal Recessive Phenotype","No Evidence for Triplosensitivity","https://search.clinicalgenome.org/kb/gene-dosage/HGNC:25522","2017-12-15T15:06:01+00:00"
"WRN","HGNC:12791","chr8:30891326-31033654","chr8:31033810-31176138","Gene Associated with Autosomal Recessive Phenotype","No Evidence for Triplosensitivity","https://search.clinicalgenome.org/kb/gene-dosage/HGNC:12791","2024-10-04T16:30:15+00:00"
"WT1","HGNC:12796","chr11:32409321-32457085","chr11:32387775-32435539","Sufficient Evidence for Haploinsufficiency","No Evidence for Triplosensitivity","https://search.clinicalgenome.org/kb/gene-dosage/HGNC:12796","2022-01-25T18:06:00+00:00"
"WWOX","HGNC:12799","chr16:78133551-79246564","chr16:78099654-79212667","Gene Associated with Autosomal Recessive Phenotype","No Evidence for Triplosensitivity","https://search.clinicalgenome.org/kb/gene-dosage/HGNC:12799","2017-11-08T19:04:13+00:00"
"XDH","HGNC:12805","chr2:31557187-31637608","chr2:31334321-31414742","Gene Associated with Autosomal Recessive Phenotype","No Evidence for Triplosensitivity","https://search.clinicalgenome.org/kb/gene-dosage/HGNC:12805","2016-08-22T17:53:28+00:00"
"XIAP","HGNC:592","chrX:122993558-123047822","chrX:123859708-123913972","Sufficient Evidence for Haploinsufficiency","No Evidence for Triplosensitivity","https://search.clinicalgenome.org/kb/gene-dosage/HGNC:592","2022-07-27T16:25:18+00:00"
"XIST","HGNC:12810","chrX:73040486-73072588","chrX:73820651-73852753","Sufficient Evidence for Haploinsufficiency","No Evidence for Triplosensitivity","https://search.clinicalgenome.org/kb/gene-dosage/HGNC:12810","2020-04-22T16:47:57+00:00"
"XPA","HGNC:12814","chr9:100437191-100459622","chr9:97654398-97697340","Gene Associated with Autosomal Recessive Phenotype","No Evidence for Triplosensitivity","https://search.clinicalgenome.org/kb/gene-dosage/HGNC:12814","2024-02-14T17:29:37+00:00"
"XPC","HGNC:12816","chr3:14186647-14220101","chr3:14145147-14178601","Gene Associated with Autosomal Recessive Phenotype","Not yet evaluated","https://search.clinicalgenome.org/kb/gene-dosage/HGNC:12816","2024-05-08T16:30:33+00:00"
"XPNPEP3","HGNC:28052","chr22:41253152-41328819","chr22:40857148-40932815","Gene Associated with Autosomal Recessive Phenotype","No Evidence for Triplosensitivity","https://search.clinicalgenome.org/kb/gene-dosage/HGNC:28052","2016-08-22T17:53:31+00:00"
"XYLT1","HGNC:15516","chr16:17195626-17564817","chr16:17101769-17470960","Gene Associated with Autosomal Recessive Phenotype","No Evidence for Triplosensitivity","https://search.clinicalgenome.org/kb/gene-dosage/HGNC:15516","2016-08-22T17:53:32+00:00"
"YAP1","HGNC:16262","chr11:101981178-102104155","chr11:102110447-102233424","Little Evidence for Haploinsufficiency","No Evidence for Triplosensitivity","https://search.clinicalgenome.org/kb/gene-dosage/HGNC:16262","2014-11-13T14:49:07+00:00"
"YARS1","HGNC:12840","chr1:33240840-33282959","chr1:32775239-32817358","No Evidence for Haploinsufficiency","No Evidence for Triplosensitivity","https://search.clinicalgenome.org/kb/gene-dosage/HGNC:12840","2025-07-08T16:38:07+00:00"
"YTHDC1","HGNC:30626","chr4:69176105-69215808","chr4:68310387-68350090","Little Evidence for Haploinsufficiency","No Evidence for Triplosensitivity","https://search.clinicalgenome.org/kb/gene-dosage/HGNC:30626","2019-04-24T16:23:44+00:00"
"YTHDF3","HGNC:26465","chr8:64081112-64125346","chr8:63168553-63212788","Little Evidence for Haploinsufficiency","No Evidence for Triplosensitivity","https://search.clinicalgenome.org/kb/gene-dosage/HGNC:26465","2025-04-03T14:45:59+00:00"
"YWHAE","HGNC:12851","chr17:1247569-1303516","chr17:1344275-1400222","Little Evidence for Haploinsufficiency","No Evidence for Triplosensitivity","https://search.clinicalgenome.org/kb/gene-dosage/HGNC:12851","2026-03-31T16:20:04+00:00"
"ZBTB18","HGNC:13030","chr1:244211955-244220778","chr1:244048491-244057476","Sufficient Evidence for Haploinsufficiency","No Evidence for Triplosensitivity","https://search.clinicalgenome.org/kb/gene-dosage/HGNC:13030","2019-04-24T16:31:27+00:00"
"ZBTB24","HGNC:21143","chr6:109783797-109804422","chr6:109462594-109483219","Gene Associated with Autosomal Recessive Phenotype","No Evidence for Triplosensitivity","https://search.clinicalgenome.org/kb/gene-dosage/HGNC:21143","2016-08-22T17:53:33+00:00"
"ZC4H2","HGNC:24931","chrX:64135687-64254621","chrX:64915807-65034741","Sufficient Evidence for Haploinsufficiency","No Evidence for Triplosensitivity","https://search.clinicalgenome.org/kb/gene-dosage/HGNC:24931","2020-04-22T16:23:01+00:00"
"ZDHHC15","HGNC:20342","chrX:74588262-74742872","chrX:75368427-75523037","No Evidence for Haploinsufficiency","No Evidence for Triplosensitivity","https://search.clinicalgenome.org/kb/gene-dosage/HGNC:20342","2012-07-25T14:44:35+00:00"
"ZDHHC9","HGNC:18475","chrX:128937264-128977862","chrX:129803288-129843886","Sufficient Evidence for Haploinsufficiency","No Evidence for Triplosensitivity","https://search.clinicalgenome.org/kb/gene-dosage/HGNC:18475","2021-10-12T16:47:24+00:00"
"ZEB2","HGNC:14881","chr2:145141648-145277686","chr2:144384081-144520119","Sufficient Evidence for Haploinsufficiency","No Evidence for Triplosensitivity","https://search.clinicalgenome.org/kb/gene-dosage/HGNC:14881","2020-06-24T16:11:58+00:00"
"ZFHX4","HGNC:30939","chr8:77593482-77779517","chr8:76681247-76867281","Sufficient Evidence for Haploinsufficiency","No Evidence for Triplosensitivity","https://search.clinicalgenome.org/kb/gene-dosage/HGNC:30939","2025-09-09T16:14:58+00:00"
"ZFPM2","HGNC:16700","chr8:106330666-106816767","chr8:105318438-105804539","Little Evidence for Haploinsufficiency","No Evidence for Triplosensitivity","https://search.clinicalgenome.org/kb/gene-dosage/HGNC:16700","2021-09-20T15:51:29+00:00"
"ZFYVE26","HGNC:20761","chr14:68213239-68283307","chr14:67728892-67816590","Gene Associated with Autosomal Recessive Phenotype","Not yet evaluated","https://search.clinicalgenome.org/kb/gene-dosage/HGNC:20761","2016-08-22T17:53:33+00:00"
"ZIC1","HGNC:12872","chr3:147127152-147134506","chr3:147409365-147416719","No Evidence for Haploinsufficiency","No Evidence for Triplosensitivity","https://search.clinicalgenome.org/kb/gene-dosage/HGNC:12872","2021-07-19T15:59:18+00:00"
"ZIC2","HGNC:12873","chr13:100634038-100639019","chr13:99981784-99986765","Sufficient Evidence for Haploinsufficiency","No Evidence for Triplosensitivity","https://search.clinicalgenome.org/kb/gene-dosage/HGNC:12873","2022-08-24T16:16:13+00:00"
"ZIC3","HGNC:12874","chrX:136648286-136659850","chrX:137566127-137577691","Sufficient Evidence for Haploinsufficiency","No Evidence for Triplosensitivity","https://search.clinicalgenome.org/kb/gene-dosage/HGNC:12874","2020-12-02T17:47:37+00:00"
"ZIC4","HGNC:20393","chr3:147103833-147124330","chr3:147386046-147406543","No Evidence for Haploinsufficiency","No Evidence for Triplosensitivity","https://search.clinicalgenome.org/kb/gene-dosage/HGNC:20393","2021-08-25T16:10:01+00:00"
"ZIM2","HGNC:12875","chr19:57285915-57352094","chr19:56774547-56840726","No Evidence for Haploinsufficiency","No Evidence for Triplosensitivity","https://search.clinicalgenome.org/kb/gene-dosage/HGNC:12875","2012-05-17T19:07:22+00:00"
"ZMYM3","HGNC:13054","chrX:70459474-70475047","chrX:71239624-71255290","No Evidence for Haploinsufficiency","No Evidence for Triplosensitivity","https://search.clinicalgenome.org/kb/gene-dosage/HGNC:13054","2025-10-22T17:41:14+00:00"
"ZMYND11","HGNC:16966","chr10:176028-300577","chr10:130088-254637","Sufficient Evidence for Haploinsufficiency","No Evidence for Triplosensitivity","https://search.clinicalgenome.org/kb/gene-dosage/HGNC:16966","2018-03-28T16:08:19+00:00"
"ZMYND15","HGNC:20997","chr17:4643128-4649414","chr17:4739833-4746119","Gene Associated with Autosomal Recessive Phenotype","No Evidence for Triplosensitivity","https://search.clinicalgenome.org/kb/gene-dosage/HGNC:20997","2016-08-22T17:53:34+00:00"
"ZNF141","HGNC:12926","chr4:331603-378657","chr4:337814-384868","Gene Associated with Autosomal Recessive Phenotype","Not yet evaluated","https://search.clinicalgenome.org/kb/gene-dosage/HGNC:12926","2016-08-22T17:53:35+00:00"
"ZNF264","HGNC:13057","chr19:57702868-57734214","chr19:57191500-57222846","No Evidence for Haploinsufficiency","No Evidence for Triplosensitivity","https://search.clinicalgenome.org/kb/gene-dosage/HGNC:13057","2012-05-10T16:08:32+00:00"
"ZNF292","HGNC:18410","chr6:87865283-87975661","chr6:87155565-87265943","Little Evidence for Haploinsufficiency","No Evidence for Triplosensitivity","https://search.clinicalgenome.org/kb/gene-dosage/HGNC:18410","2023-10-25T16:49:33+00:00"
"ZNF407","HGNC:19904","chr18:72265106-72777627","chr18:74597870-75065671","No Evidence for Haploinsufficiency","No Evidence for Triplosensitivity","https://search.clinicalgenome.org/kb/gene-dosage/HGNC:19904","2012-07-11T13:52:40+00:00"
"ZNF41","HGNC:13107","chrX:47304577-47342621","chrX:47445178-47483222","Little Evidence for Haploinsufficiency","No Evidence for Triplosensitivity","https://search.clinicalgenome.org/kb/gene-dosage/HGNC:13107","2012-10-24T14:03:41+00:00"
"ZNF462","HGNC:21684","chr9:109625447-109775915","chr9:106860158-107013634","Sufficient Evidence for Haploinsufficiency","No Evidence for Triplosensitivity","https://search.clinicalgenome.org/kb/gene-dosage/HGNC:21684","2020-01-16T22:43:58+00:00"
"ZNF592","HGNC:28986","chr15:85291823-85349676","chr15:84748592-84806445","No Evidence for Haploinsufficiency","No Evidence for Triplosensitivity","https://search.clinicalgenome.org/kb/gene-dosage/HGNC:28986","2021-10-14T15:08:01+00:00"
"ZNF674","HGNC:17625","chrX:46357160-46404856","chrX:46497725-46545421","No Evidence for Haploinsufficiency","No Evidence for Triplosensitivity","https://search.clinicalgenome.org/kb/gene-dosage/HGNC:17625","2023-03-28T16:36:02+00:00"
"ZNF711","HGNC:13128","chrX:84498997-84528363","chrX:85243991-85273357","Little Evidence for Haploinsufficiency","No Evidence for Triplosensitivity","https://search.clinicalgenome.org/kb/gene-dosage/HGNC:13128","2024-05-14T16:09:55+00:00"
"ZNF81","HGNC:13156","chrX:47696301-47785026","chrX:47836902-47925627","No Evidence for Haploinsufficiency","No Evidence for Triplosensitivity","https://search.clinicalgenome.org/kb/gene-dosage/HGNC:13156","2012-10-29T22:13:01+00:00"
"ZWILCH","HGNC:25468","chr15:66797664-66842468","chr15:66505326-66550130","Little Evidence for Haploinsufficiency","No Evidence for Triplosensitivity","https://search.clinicalgenome.org/kb/gene-dosage/HGNC:25468","2019-04-24T16:32:57+00:00"
"2p11.2 recurrent region (includes EIF2AK3, RPIA)","ISCA-46754","chr2:88295146-89057586","chr2:87995627-88758069","No Evidence for Haploinsufficiency","No Evidence for Triplosensitivity","https://search.clinicalgenome.org/kb/gene-dosage/region/ISCA-46754","2024-09-12T15:53:18-04:00"
"15q13.3q14 recurrent region (BP5-BP6) (includes GREM1)","ISCA-46753","chr15:32925116-34671002","chr15:32607508-34378801","Little Evidence for Haploinsufficiency","No Evidence for Triplosensitivity","https://search.clinicalgenome.org/kb/gene-dosage/region/ISCA-46753","2025-01-09T12:40:03-05:00"
"19p13.3 Critical Region 1 (CR1) ","ISCA-46748","chr19:3116922-3494377","","No Evidence for Haploinsufficiency","Little Evidence for Triplosensitivity","https://search.clinicalgenome.org/kb/gene-dosage/region/ISCA-46748","2023-10-10T12:53:40-04:00"
"MEG3/DLK1:Intergenic-Differentially Methylated Region (MEG3/DLK1:IG-DMR)     ","ISCA-46745","chr14:101275427-101278058","chr14:100809090-100811721","Little Evidence for Haploinsufficiency","No Evidence for Triplosensitivity","https://search.clinicalgenome.org/kb/gene-dosage/region/ISCA-46745","2024-09-13T10:11:36-04:00"
"MEG3:Transcription Start Site-Differentially Methylated Region  (MEG3:TSS-DMR)","ISCA-46744","chr14:101290524-101293978","chr14:100824187-100827641","Little Evidence for Haploinsufficiency","No Evidence for Triplosensitivity","https://search.clinicalgenome.org/kb/gene-dosage/region/ISCA-46744","2024-09-13T10:08:31-04:00"
"Xq25 region (includes STAG2)","ISCA-46743","chrX:123034319-123236519","chrX:123900469 -124102669","Sufficient Evidence for Haploinsufficiency","Sufficient Evidence for Triplosensitivity","https://search.clinicalgenome.org/kb/gene-dosage/region/ISCA-46743","2022-11-30T12:15:03-05:00"
"7p22.1 region (includes ACTB)","ISCA-46742","chr7:5536848-5799722","chr7:5497217-5760091","Sufficient Evidence for Haploinsufficiency","Little Evidence for Triplosensitivity","https://search.clinicalgenome.org/kb/gene-dosage/region/ISCA-46742","2022-02-08T12:12:39-05:00"
"Yq11.223 population region (DGV_Gold_Standard_June_2021_gssvL138428)","ISCA-46739","chrY:25853189-26146959","chrY:23707042-24000812","","No Evidence for Triplosensitivity","https://search.clinicalgenome.org/kb/gene-dosage/region/ISCA-46739","2021-08-03T11:04:21-04:00"
"Yq11.223 population region (DGV_Gold_Standard_June_2021_gssvL138419)","ISCA-46738","chrY:24361866-24465171","chrY:22215719-22319024","","No Evidence for Triplosensitivity","https://search.clinicalgenome.org/kb/gene-dosage/region/ISCA-46738","2021-08-03T12:23:08-04:00"
"Xq27.3 population region (DGV_Gold_Standard_June_2021_gssvL137799)","ISCA-46737","chrX:142601775-142800327","chrX:143513946-143712498","","No Evidence for Triplosensitivity","https://search.clinicalgenome.org/kb/gene-dosage/region/ISCA-46737","2021-08-03T12:24:11-04:00"
"Xq21.1 population region (DGV_Gold_Standard_June_2021_gssvL136501)","ISCA-46736","chrX:76137628-76141022","chrX:76917203-76920597","","No Evidence for Triplosensitivity","https://search.clinicalgenome.org/kb/gene-dosage/region/ISCA-46736","2021-08-03T12:25:56-04:00"
"Xp11.23 population region (DGV_Gold_Standard_June_2021_gssvL136075)","ISCA-46735","chrX:47880294-47952112","chrX:48020900-48092718","","No Evidence for Triplosensitivity","https://search.clinicalgenome.org/kb/gene-dosage/region/ISCA-46735","2021-08-03T13:13:10-04:00"
"Xq28 population region (DGV_Gold_Standard_June_2021_gssvG41365)","ISCA-46734","chrX:153409846-153460630","chrX:154144372-154195156","No Evidence for Haploinsufficiency","","https://search.clinicalgenome.org/kb/gene-dosage/region/ISCA-46734","2021-08-03T13:14:26-04:00"
"Xq24 population region (DGV_Gold_Standard_June_2021_gssvG41158)","ISCA-46733","chrX:120006512-120123897","chrX:120872658-120990043","No Evidence for Haploinsufficiency","","https://search.clinicalgenome.org/kb/gene-dosage/region/ISCA-46733","2021-08-03T13:18:14-04:00"
"22q11.23 population region (DGV_Gold_Standard_June_2021_gssvG24415)","ISCA-46732","chr22:25703259-25785235","chr22:25307292-25389268","No Evidence for Haploinsufficiency","","https://search.clinicalgenome.org/kb/gene-dosage/region/ISCA-46732","2021-08-03T13:22:05-04:00"
"22q11.21 population region (DGV_Gold_Standard_June_2021_gssvL77050)","ISCA-46731","chr22:21866876-21909287","chr22:21512587-21554998","","No Evidence for Triplosensitivity","https://search.clinicalgenome.org/kb/gene-dosage/region/ISCA-46731","2021-08-03T14:17:43-04:00"
"22q11.21 population region (DGV_Gold_Standard_June_2021_gssvL77049)","ISCA-46730","chr22:21711480-21742055","chr22:21357191-21387766","","No Evidence for Triplosensitivity","https://search.clinicalgenome.org/kb/gene-dosage/region/ISCA-46730","2021-08-03T14:18:28-04:00"
"22q11.21 population region (DGV_Gold_Standard_June_2021_gssvL77047)","ISCA-46729","chr22:21812558-21916568","chr22:21458269-21562279","","No Evidence for Triplosensitivity","https://search.clinicalgenome.org/kb/gene-dosage/region/ISCA-46729","2021-08-03T14:20:00-04:00"
"22q11.21 population region (DGV_Gold_Standard_June_2021_gssvL76981)","ISCA-46728","chr22:20428070-20499197","chr22:18578203-18649330","","No Evidence for Triplosensitivity","https://search.clinicalgenome.org/kb/gene-dosage/region/ISCA-46728","2021-08-03T14:20:32-04:00"
"22q11.22 population region (DGV_Gold_Standard_June_2021_gssvL77120)","ISCA-46727","chr22:23223448-23238992","chr22:22881268-22896812","","No Evidence for Triplosensitivity","https://search.clinicalgenome.org/kb/gene-dosage/region/ISCA-46727","2021-08-03T14:21:19-04:00"
"22q11.23 population region (DGV_Gold_Standard_June_2021_gssvL77244)","ISCA-46726","chr22:24314289-24334833","chr22:23972100-23992644","","No Evidence for Triplosensitivity","https://search.clinicalgenome.org/kb/gene-dosage/region/ISCA-46726","2021-08-03T14:21:49-04:00"
"22q11.23 population region (DGV_Gold_Standard_June_2021_gssvL77238)","ISCA-46725","chr22:24360812-24402386","","","No Evidence for Triplosensitivity","https://search.clinicalgenome.org/kb/gene-dosage/region/ISCA-46725","2021-08-03T14:22:19-04:00"
"21p11.2 population region (DGV_Gold_Standard_June_2021_gssvG23340)","ISCA-46724","chr21:10704853-10982352","chr21:10807602-11085101","No Evidence for Haploinsufficiency","","https://search.clinicalgenome.org/kb/gene-dosage/region/ISCA-46724","2021-08-03T14:23:02-04:00"
"21q11.2 population region (DGV_Gold_Standard_June_2021_gssvL74506)","ISCA-46723","chr21:14957505-15202003","chr21:13585184-13829682","","No Evidence for Triplosensitivity","https://search.clinicalgenome.org/kb/gene-dosage/region/ISCA-46723","2021-08-04T10:18:50-04:00"
"21q22.3 population region (DGV_Gold_Standard_June_2021_gssvL75982)","ISCA-46722","chr21:44969018-44974013","chr21:43549137-43554132","","No Evidence for Triplosensitivity","https://search.clinicalgenome.org/kb/gene-dosage/region/ISCA-46722","2021-08-04T10:19:46-04:00"
"21q22.3 population region (DGV_Gold_Standard_June_2021_gssvL76000)","ISCA-46721","chr21:44970333-44971747","chr21:43550452-43551866","","No Evidence for Triplosensitivity","https://search.clinicalgenome.org/kb/gene-dosage/region/ISCA-46721","2021-08-04T10:20:25-04:00"
"20p11.22 population region (DGV_Gold_Standard_June_2021_gssvL71898)","ISCA-46720","chr20:21486525-21496720","chr20:21505887-21516082","","No Evidence for Triplosensitivity","https://search.clinicalgenome.org/kb/gene-dosage/region/ISCA-46720","2021-08-04T10:20:57-04:00"
"20q11.21 population region (DGV_Gold_Standard_June_2021_gssvL72187)","ISCA-46719","chr20:29509040-29536079","chr20:30274364-30301403","","No Evidence for Triplosensitivity","https://search.clinicalgenome.org/kb/gene-dosage/region/ISCA-46719","2021-08-04T10:42:04-04:00"
"19p12 population region (DGV_Gold_Standard_June_2021_gssvL57428)","ISCA-46718","chr19:22087099-23141940","chr19:21904297-22959138","","No Evidence for Triplosensitivity","https://search.clinicalgenome.org/kb/gene-dosage/region/ISCA-46718","2021-08-04T10:42:38-04:00"
"19q13.42 population region (DGV_Gold_Standard_June_2021_gssvG19479)","ISCA-46717","chr19:56280630-56289562","chr19:55769264-55778196","No Evidence for Haploinsufficiency","","https://search.clinicalgenome.org/kb/gene-dosage/region/ISCA-46717","2021-08-04T10:43:23-04:00"
"19p12 population region (DGV_Gold_Standard_June_2021_gssvL57316)","ISCA-46716","chr19:20594811-20725405","chr19:20412004-20542598","","No Evidence for Triplosensitivity","https://search.clinicalgenome.org/kb/gene-dosage/region/ISCA-46716","2021-08-04T10:44:00-04:00"
"19p13.12 population region (DGV_Gold_Standard_June_2021_gssvL57062)","ISCA-46715","chr19:15727731-15787718","chr19:15616920-15676907","","No Evidence for Triplosensitivity","https://search.clinicalgenome.org/kb/gene-dosage/region/ISCA-46715","2021-08-04T10:44:32-04:00"
"19q13.32 population region (DGV_Gold_Standard_June_2021_gssvL58890)","ISCA-46714","chr19:46622342-46628475","chr19:46119085-46125218","","No Evidence for Triplosensitivity","https://search.clinicalgenome.org/kb/gene-dosage/region/ISCA-46714","2021-08-04T10:45:06-04:00"
"19q13.42 population region (DGV_Gold_Standard_June_2021_gssvL59370)","ISCA-46713","chr19:53939389-53976651","chr19:53436136-53473398","","No Evidence for Triplosensitivity","https://search.clinicalgenome.org/kb/gene-dosage/region/ISCA-46713","2021-08-04T10:45:38-04:00"
"18q21.1 population region (DGV_Gold_Standard_June_2021_gssvG17872)","ISCA-46712","chr18:44542290-44558084","chr18:46962327-46978121","No Evidence for Haploinsufficiency","","https://search.clinicalgenome.org/kb/gene-dosage/region/ISCA-46712","2021-08-04T10:47:01-04:00"
"18p11.21 population region (DGV_Gold_Standard_June_2021_gssvG17388)","ISCA-46711","chr18:14432553-14565138","chr18:14432554-14565139","No Evidence for Haploinsufficiency","","https://search.clinicalgenome.org/kb/gene-dosage/region/ISCA-46711","2021-08-04T10:47:55-04:00"
"18q11.2 population region (DGV_Gold_Standard_June_2021_gssvL52661)","ISCA-46710","chr18:23747759-23751695","chr18:26167795-26171731","","No Evidence for Triplosensitivity","https://search.clinicalgenome.org/kb/gene-dosage/region/ISCA-46710","2021-08-04T10:48:41-04:00"
"18p11.22 population region (DGV_Gold_Standard_June_2021_gssvL52196)","ISCA-46709","chr18:9784172-9793224","chr18:9784175-9793227","","No Evidence for Triplosensitivity","https://search.clinicalgenome.org/kb/gene-dosage/region/ISCA-46709","2021-08-04T10:49:14-04:00"
"18p11.31 population region (DGV_Gold_Standard_June_2021_gssvL51911)","ISCA-46708","chr18:3568883-3571730","chr18:3568885-3571732","","No Evidence for Triplosensitivity","https://search.clinicalgenome.org/kb/gene-dosage/region/ISCA-46708","2021-08-04T11:23:10-04:00"
"17q21.2 population region (DGV_Gold_Standard_June_2021_gssvG16538)","ISCA-46707","chr17:39531718-39539732","chr17:41375466-41383480","No Evidence for Haploinsufficiency","","https://search.clinicalgenome.org/kb/gene-dosage/region/ISCA-46707","2021-08-04T11:23:47-04:00"
"17q12 population region (DGV_Gold_Standard_June_2021_gssvG16427)","ISCA-46706","chr17:34502940-34524192","chr17:36175580-36196832","No Evidence for Haploinsufficiency","","https://search.clinicalgenome.org/kb/gene-dosage/region/ISCA-46706","2021-08-04T11:30:01-04:00"
"17p11.2 population region (DGV_Gold_Standard_June_2021_gssvG16095)","ISCA-46705","chr17:18359814-18376676","chr17:18456500-18473362","No Evidence for Haploinsufficiency","","https://search.clinicalgenome.org/kb/gene-dosage/region/ISCA-46705","2021-08-04T11:30:55-04:00"
"17p11.2 population region (DGV_Gold_Standard_June_2021_gssvG16067)","ISCA-46704","chr17:18361739-18423872","chr17:18458425-18520558","No Evidence for Haploinsufficiency","","https://search.clinicalgenome.org/kb/gene-dosage/region/ISCA-46704","2021-08-04T11:32:01-04:00"
"17p11.2 population region (DGV_Gold_Standard_June_2021_gssvG16017)","ISCA-46703","chr17:16711572-16724682","chr17:16808258-16821368","No Evidence for Haploinsufficiency","","https://search.clinicalgenome.org/kb/gene-dosage/region/ISCA-46703","2021-08-04T11:32:40-04:00"
"17p11.2 population region (DGV_Gold_Standard_June_2021_gssvG16012)","ISCA-46702","chr17:16660760-16707833","chr17:16757446-16804519","No Evidence for Haploinsufficiency","","https://search.clinicalgenome.org/kb/gene-dosage/region/ISCA-46702","2021-08-04T11:34:03-04:00"
"17p11.2 population region (DGV_Gold_Standard_June_2021_gssvL48488)","ISCA-46701","chr17:18359790-18376723","chr17:18456476-18473409","","No Evidence for Triplosensitivity","https://search.clinicalgenome.org/kb/gene-dosage/region/ISCA-46701","2021-08-04T11:35:18-04:00"
"17p11.2 population region (DGV_Gold_Standard_June_2021_gssvL48476)","ISCA-46700","chr17:18418589-18465114","chr17:18515275-18561800","","No Evidence for Triplosensitivity","https://search.clinicalgenome.org/kb/gene-dosage/region/ISCA-46700","2021-08-04T11:43:45-04:00"
"17p11.2 population region (DGV_Gold_Standard_June_2021_gssvL48375)","ISCA-46699","chr17:16711606-16724681","chr17:16808292-16821367","","No Evidence for Triplosensitivity","https://search.clinicalgenome.org/kb/gene-dosage/region/ISCA-46699","2021-08-04T11:48:44-04:00"
"17q12 population region (DGV_Gold_Standard_June_2021_gssvL49126)","ISCA-46698","chr17:34509779-34551554","chr17:36182399-36224174","","No Evidence for Triplosensitivity","https://search.clinicalgenome.org/kb/gene-dosage/region/ISCA-46698","2021-08-04T14:33:06-04:00"
"17q21.2 population region (DGV_Gold_Standard_June_2021_gssvL49379)","ISCA-46697","chr17:39383317-39396444","chr17:41227065-41240192","","No Evidence for Triplosensitivity","https://search.clinicalgenome.org/kb/gene-dosage/region/ISCA-46697","2021-08-04T14:33:39-04:00"
"17q21.2 population region (DGV_Gold_Standard_June_2021_gssvL49386)","ISCA-46696","chr17:39429150-39433594","chr17:41272898-41277342","","No Evidence for Triplosensitivity","https://search.clinicalgenome.org/kb/gene-dosage/region/ISCA-46696","2021-08-04T15:06:17-04:00"
"17q21.2 population region (DGV_Gold_Standard_June_2021_gssvL49384)","ISCA-46695","chr17:39422988-39430527","chr17:41266736-41274275","","No Evidence for Triplosensitivity","https://search.clinicalgenome.org/kb/gene-dosage/region/ISCA-46695","2021-08-04T15:07:02-04:00"
"17q21.2 population region (DGV_Gold_Standard_June_2021_gssvL49383)","ISCA-46694","chr17:39384291-39392558","chr17:41228039-41236306","","No Evidence for Triplosensitivity","https://search.clinicalgenome.org/kb/gene-dosage/region/ISCA-46694","2021-08-04T15:07:42-04:00"
"16q23.1 population region (DGV_Gold_Standard_June_2021_gssvG15270)","ISCA-46693","chr16:74387937-74459162","chr16:74354039-74425264","No Evidence for Haploinsufficiency","","https://search.clinicalgenome.org/kb/gene-dosage/region/ISCA-46693","2021-08-04T15:08:33-04:00"
"16q22.2 population region (DGV_Gold_Standard_June_2021_gssvG15245)","ISCA-46692","chr16:72088515-72116064","chr16:72054616-72082165","No Evidence for Haploinsufficiency","","https://search.clinicalgenome.org/kb/gene-dosage/region/ISCA-46692","2021-08-04T15:09:40-04:00"
"16p12.2 population region (DGV_Gold_Standard_June_2021_gssvG14372)","ISCA-46691","chr16:21512076-21595577","chr16:21500755-21584256","No Evidence for Haploinsufficiency","","https://search.clinicalgenome.org/kb/gene-dosage/region/ISCA-46691","2021-08-04T15:10:21-04:00"
"16p13.3 population region (DGV_Gold_Standard_June_2021_gssvL41949)","ISCA-46690","chr16:1289937-1295280","chr16:1239936-1245279","","No Evidence for Triplosensitivity","https://search.clinicalgenome.org/kb/gene-dosage/region/ISCA-46690","2021-08-04T15:11:37-04:00"
"16p12.1 population region (DGV_Gold_Standard_June_2021_gssvL43366)","ISCA-46689","chr16:25066146-25137378","chr16:25054825-25126057","","No Evidence for Triplosensitivity","https://search.clinicalgenome.org/kb/gene-dosage/region/ISCA-46689","2021-08-04T15:15:23-04:00"
"15q11.2 population region (DGV_Gold_Standard_June_2021_gssvG12359)","ISCA-46688","chr15:21145101-21164300","chr15:20939772-20958971","No Evidence for Haploinsufficiency","","https://search.clinicalgenome.org/kb/gene-dosage/region/ISCA-46688","2021-08-04T15:16:53-04:00"
"15q13.2 population region (DGV_Gold_Standard_June_2021_gssvG12633)","ISCA-46687","chr15:30488097-30796070","chr15:30195894-30503867","No Evidence for Haploinsufficiency","","https://search.clinicalgenome.org/kb/gene-dosage/region/ISCA-46687","2021-08-04T15:18:48-04:00"
"15q11.2 population region (DGV_Gold_Standard_June_2021_gssvG12224)","ISCA-46686","chr15:20388741-22207639","chr15:20183488-22002386","No Evidence for Haploinsufficiency","","https://search.clinicalgenome.org/kb/gene-dosage/region/ISCA-46686","2021-08-04T15:24:56-04:00"
"14q32.33 population region (DGV_Gold_Standard_June_2021_gssvG12150)","ISCA-46685","chr14:106805092-106814699","chr14:106349168-106358775","No Evidence for Haploinsufficiency","","https://search.clinicalgenome.org/kb/gene-dosage/region/ISCA-46685","2021-08-04T15:26:50-04:00"
"14q32.33 population region (DGV_Gold_Standard_June_2021_gssvG12133)","ISCA-46684","chr14:107147166-107164532","chr14:106691149-106708515","No Evidence for Haploinsufficiency","","https://search.clinicalgenome.org/kb/gene-dosage/region/ISCA-46684","2021-08-04T15:43:47-04:00"
"14q32.33 population region (DGV_Gold_Standard_June_2021_gssvG12117)","ISCA-46683","chr14:106826451-106850917","chr14:106370520-106394986","No Evidence for Haploinsufficiency","","https://search.clinicalgenome.org/kb/gene-dosage/region/ISCA-46683","2021-08-04T15:51:45-04:00"
"14q32.33 population region (DGV_Gold_Standard_June_2021_gssvG12097)","ISCA-46682","chr14:106118177-106145774","chr14:105651840-105679437","No Evidence for Haploinsufficiency","","https://search.clinicalgenome.org/kb/gene-dosage/region/ISCA-46682","2021-08-04T15:52:33-04:00"
"14q11.2 population region (DGV_Gold_Standard_June_2021_gssvG10899)","ISCA-46681","chr14:19462329-19469848","chr14:18685852-18693371","No Evidence for Haploinsufficiency","","https://search.clinicalgenome.org/kb/gene-dosage/region/ISCA-46681","2021-08-04T15:53:20-04:00"
"14q11.2 population region (DGV_Gold_Standard_June_2021_gssvG10827)","ISCA-46680","chr14:20335536-20423298","chr14:19867377-19955139","No Evidence for Haploinsufficiency","","https://search.clinicalgenome.org/kb/gene-dosage/region/ISCA-46680","2021-08-04T15:55:35-04:00"
"14q11.2 population region (DGV_Gold_Standard_June_2021_gssvG10817)","ISCA-46679","chr14:20190229-20426809","chr14:19722070-19958650","No Evidence for Haploinsufficiency","","https://search.clinicalgenome.org/kb/gene-dosage/region/ISCA-46679","2021-08-04T16:03:54-04:00"
"14q11.2 population region (DGV_Gold_Standard_June_2021_gssvL33520)","ISCA-46678","chr14:20190699-20425231","chr14:19722540-19957072","","No Evidence for Triplosensitivity","https://search.clinicalgenome.org/kb/gene-dosage/region/ISCA-46678","2021-08-04T16:04:49-04:00"
"14q11.2 population region (DGV_Gold_Standard_June_2021_gssvL33589)","ISCA-46677","chr14:19462304-19469872","chr14:18685827-18693395","","No Evidence for Triplosensitivity","https://search.clinicalgenome.org/kb/gene-dosage/region/ISCA-46677","2021-08-04T16:05:48-04:00"
"14q13.2 population region (DGV_Gold_Standard_June_2021_gssvL34350)","ISCA-46676","chr14:35605396-35615320","chr14:35136190-35146114","","No Evidence for Triplosensitivity","https://search.clinicalgenome.org/kb/gene-dosage/region/ISCA-46676","2021-08-04T16:07:10-04:00"
"14q11.2 population region (DGV_Gold_Standard_June_2021_gssvG10810)","ISCA-46675","chr14:19596713-20418095","chr14:19010800-19832182","No Evidence for Haploinsufficiency","","https://search.clinicalgenome.org/kb/gene-dosage/region/ISCA-46675","2021-08-04T16:08:17-04:00"
"14q32.33 population region (DGV_Gold_Standard_June_2021_gssvL37239)","ISCA-46674","chr14:106483725-106508484","","","No Evidence for Triplosensitivity","https://search.clinicalgenome.org/kb/gene-dosage/region/ISCA-46674","2021-08-04T16:10:10-04:00"
"14q32.33 population region (DGV_Gold_Standard_June_2021_gssvL37313)","ISCA-46673","chr14:107172848-107183396","chr14:106717601-106728149","","No Evidence for Triplosensitivity","https://search.clinicalgenome.org/kb/gene-dosage/region/ISCA-46673","2021-08-04T16:10:55-04:00"
"13q12.11 population region (DGV_Gold_Standard_June_2021_gssvG9718)","ISCA-46672","chr13:21534913-21541123","chr13:20960774-20966984","No Evidence for Haploinsufficiency","","https://search.clinicalgenome.org/kb/gene-dosage/region/ISCA-46672","2021-08-04T16:14:39-04:00"
"13q21.33 population region (DGV_Gold_Standard_June_2021_gssvL31119)","ISCA-46671","chr13:72476988-72489787","chr13:71902850-71915649","","No Evidence for Triplosensitivity","https://search.clinicalgenome.org/kb/gene-dosage/region/ISCA-46671","2021-08-04T16:16:53-04:00"
"13q21.1 population region (DGV_Gold_Standard_June_2021_gssvL30434)","ISCA-46670","chr13:57768508-57786942","chr13:57194374-57212808","","No Evidence for Triplosensitivity","https://search.clinicalgenome.org/kb/gene-dosage/region/ISCA-46670","2021-08-04T16:17:35-04:00"
"12p13.31 population region (DGV_Gold_Standard_June_2021_gssvG7850)","ISCA-46669","chr12:8361522-8391789","chr12:8208926-8239193","No Evidence for Haploinsufficiency","","https://search.clinicalgenome.org/kb/gene-dosage/region/ISCA-46669","2021-08-04T16:19:15-04:00"
"12p13.31 population region (DGV_Gold_Standard_June_2021_gssvG7792)","ISCA-46668","chr12:8558090-8596215","chr12:8405494-8443619","No Evidence for Haploinsufficiency","","https://search.clinicalgenome.org/kb/gene-dosage/region/ISCA-46668","2021-08-04T16:20:42-04:00"
"12p13.2 population region (DGV_Gold_Standard_June_2021_gssvL23179)","ISCA-46667","chr12:10581251-10597043","chr12:10428652-10444444","","No Evidence for Triplosensitivity","https://search.clinicalgenome.org/kb/gene-dosage/region/ISCA-46667","2021-08-04T16:22:17-04:00"
"12q23.3 population region (DGV_Gold_Standard_June_2021_gssvL26928)","ISCA-46666","chr12:105369015-105374180","chr12:104975237-104980402","","No Evidence for Triplosensitivity","https://search.clinicalgenome.org/kb/gene-dosage/region/ISCA-46666","2021-08-04T16:23:02-04:00"
"12p11.1 population region (DGV_Gold_Standard_June_2021_gssvL24290)","ISCA-46665","chr12:34355893-34361543","chr12:34202958-34208608","","No Evidence for Triplosensitivity","https://search.clinicalgenome.org/kb/gene-dosage/region/ISCA-46665","2021-08-04T16:50:52-04:00"
"12p11.23 population region (DGV_Gold_Standard_June_2021_gssvL23860)","ISCA-46664","chr12:27647940-27654731","chr12:27495007-27501798","","No Evidence for Triplosensitivity","https://search.clinicalgenome.org/kb/gene-dosage/region/ISCA-46664","2021-08-04T16:51:48-04:00"
"12p13.2 population region (DGV_Gold_Standard_June_2021_gssvL23231)","ISCA-46663","chr12:11224984-11240896","chr12:11072385-11088297","","No Evidence for Triplosensitivity","https://search.clinicalgenome.org/kb/gene-dosage/region/ISCA-46663","2021-08-04T16:54:07-04:00"
"12p13.2 population region (DGV_Gold_Standard_June_2021_gssvL23228)","ISCA-46662","chr12:11227081-11251139","chr12:11074482-11098540","","No Evidence for Triplosensitivity","https://search.clinicalgenome.org/kb/gene-dosage/region/ISCA-46662","2021-08-04T16:56:17-04:00"
"12p13.2 population region (DGV_Gold_Standard_June_2021_gssvL23223)","ISCA-46661","chr12:11191681-11217625","chr12:11039082-11065026","","No Evidence for Triplosensitivity","https://search.clinicalgenome.org/kb/gene-dosage/region/ISCA-46661","2021-08-04T16:58:32-04:00"
"11q12.2 population region (DGV_Gold_Standard_June_2021_gssvG6800)","ISCA-46660","chr11:60966146-61020399","chr11:61198674-61252927","No Evidence for Haploinsufficiency","","https://search.clinicalgenome.org/kb/gene-dosage/region/ISCA-46660","2021-08-04T16:59:33-04:00"
"11p14.1 population region (DGV_Gold_Standard_June_2021_gssvG6305)","ISCA-46659","chr11:29007150-29012087","chr11:28985603-28990540","No Evidence for Haploinsufficiency","","https://search.clinicalgenome.org/kb/gene-dosage/region/ISCA-46659","2021-08-05T12:19:28-04:00"
"11p15.1 population region (DGV_Gold_Standard_June_2021_gssvG6192)","ISCA-46658","chr11:18940205-18963657","chr11:18918658-18942110","No Evidence for Haploinsufficiency","","https://search.clinicalgenome.org/kb/gene-dosage/region/ISCA-46658","2021-08-05T12:20:12-04:00"
"11p15.4 population region (DGV_Gold_Standard_June_2021_gssvG5957)","ISCA-46657","chr11:4255965-4278463","chr11:4234735-4257233","No Evidence for Haploinsufficiency","","https://search.clinicalgenome.org/kb/gene-dosage/region/ISCA-46657","2021-08-05T12:21:09-04:00"
"11p15.4 population region (DGV_Gold_Standard_June_2021_gssvG5919)","ISCA-46656","chr11:3239311-3360988","chr11:3218081-3339758","No Evidence for Haploinsufficiency","","https://search.clinicalgenome.org/kb/gene-dosage/region/ISCA-46656","2021-08-05T12:22:09-04:00"
"11p15.4 population region (DGV_Gold_Standard_June_2021_gssvL16784)","ISCA-46655","chr11:4968688-4980232","chr11:4947458-4959002","","No Evidence for Triplosensitivity","https://search.clinicalgenome.org/kb/gene-dosage/region/ISCA-46655","2021-08-05T12:22:52-04:00"
"11p15.4 population region (DGV_Gold_Standard_June_2021_gssvL16737)","ISCA-46654","chr11:4255449-4278126","chr11:4234219-4256896","","No Evidence for Triplosensitivity","https://search.clinicalgenome.org/kb/gene-dosage/region/ISCA-46654","2021-08-05T12:23:41-04:00"
"11p15.4 population region (DGV_Gold_Standard_June_2021_gssvL16732)","ISCA-46653","chr11:4264092-4309730","chr11:4242862-4288500","","No Evidence for Triplosensitivity","https://search.clinicalgenome.org/kb/gene-dosage/region/ISCA-46653","2021-08-05T12:24:33-04:00"
"11p15.5 population region (DGV_Gold_Standard_June_2021_gssvL16511)","ISCA-46652","chr11:1915245-1937002","chr11:1894015-1915772","","No Evidence for Triplosensitivity","https://search.clinicalgenome.org/kb/gene-dosage/region/ISCA-46652","2021-08-05T12:25:45-04:00"
"11p15.1 population region (DGV_Gold_Standard_June_2021_gssvL17400)","ISCA-46651","chr11:18941859-18964598","chr11:18920312-18943051","","No Evidence for Triplosensitivity","https://search.clinicalgenome.org/kb/gene-dosage/region/ISCA-46651","2021-08-05T12:27:00-04:00"
"11p15.4 population region (DGV_Gold_Standard_June_2021_gssvL16961)","ISCA-46650","chr11:7809752-7834885","chr11:7788205-7813338","","No Evidence for Triplosensitivity","https://search.clinicalgenome.org/kb/gene-dosage/region/ISCA-46650","2021-08-05T12:27:58-04:00"
"11p15.4 population region (DGV_Gold_Standard_June_2021_gssvL16881)","ISCA-46649","chr11:5873984-5883499","chr11:5852754-5862269","","No Evidence for Triplosensitivity","https://search.clinicalgenome.org/kb/gene-dosage/region/ISCA-46649","2021-08-05T12:29:12-04:00"
"11q22.2 population region (DGV_Gold_Standard_June_2021_gssvL21098)","ISCA-46648","chr11:102751106-102752862","chr11:102880376-102882132","","No Evidence for Triplosensitivity","https://search.clinicalgenome.org/kb/gene-dosage/region/ISCA-46648","2021-08-05T12:31:50-04:00"
"11q13.4 population region (DGV_Gold_Standard_June_2021_gssvL19865)","ISCA-46647","chr11:71850646-71889330","chr11:72139602-72178286","","No Evidence for Triplosensitivity","https://search.clinicalgenome.org/kb/gene-dosage/region/ISCA-46647","2021-08-05T12:33:09-04:00"
"11q11 population region (DGV_Gold_Standard_June_2021_gssvL19045)","ISCA-46646","chr11:55434253-55443984","chr11:55666777-55676508","","No Evidence for Triplosensitivity","https://search.clinicalgenome.org/kb/gene-dosage/region/ISCA-46646","2021-08-05T12:35:13-04:00"
"11q11 population region (DGV_Gold_Standard_June_2021_gssvL19042)","ISCA-46645","chr11:55445709-55457776","chr11:55678233-55690300","","No Evidence for Triplosensitivity","https://search.clinicalgenome.org/kb/gene-dosage/region/ISCA-46645","2021-08-05T12:35:53-04:00"
"10q22.1 population region (DGV_Gold_Standard_June_2021_gssvL13249)","ISCA-46644","chr10:71282906-71291092","chr10:69523150-69531336","","No Evidence for Triplosensitivity","https://search.clinicalgenome.org/kb/gene-dosage/region/ISCA-46644","2021-08-05T12:37:07-04:00"
"10q22.1 population region (DGV_Gold_Standard_June_2021_gssvL13247)","ISCA-46643","chr10:71280815-71291303","chr10:69521059-69531547","","No Evidence for Triplosensitivity","https://search.clinicalgenome.org/kb/gene-dosage/region/ISCA-46643","2021-08-05T12:38:13-04:00"
"10q11.22 population region (DGV_Gold_Standard_June_2021_gssvL12112)","ISCA-46642","chr10:48902069-48986229","chr10:47502722-47586882","","No Evidence for Triplosensitivity","https://search.clinicalgenome.org/kb/gene-dosage/region/ISCA-46642","2021-08-05T12:39:49-04:00"
"10q11.23 population region (DGV_Gold_Standard_June_2021_gssvL12109)","ISCA-46641","chr10:51861706-52000736","chr10:50101946-50240976","","No Evidence for Triplosensitivity","https://search.clinicalgenome.org/kb/gene-dosage/region/ISCA-46641","2021-08-05T12:40:33-04:00"
"10q11.22 population region (DGV_Gold_Standard_June_2021_gssvL12105)","ISCA-46640","chr10:48664595-48872432","chr10:47074765-47282602","","No Evidence for Triplosensitivity","https://search.clinicalgenome.org/kb/gene-dosage/region/ISCA-46640","2021-08-05T12:42:43-04:00"
"10q11.22 population region (DGV_Gold_Standard_June_2021_gssvG4512)","ISCA-46639","chr10:47531763-47597768","chr10:46160527-46226532","No Evidence for Haploinsufficiency","","https://search.clinicalgenome.org/kb/gene-dosage/region/ISCA-46639","2021-08-05T12:43:43-04:00"
"10p12.1 population region (DGV_Gold_Standard_June_2021_gssvL11273)","ISCA-46638","chr10:27638256-27642180","chr10:27349327-27353251","","No Evidence for Triplosensitivity","https://search.clinicalgenome.org/kb/gene-dosage/region/ISCA-46638","2021-08-05T12:44:30-04:00"
"10p13 population region (DGV_Gold_Standard_June_2021_gssvL10668)","ISCA-46637","chr10:13259247-13260742","chr10:13217247-13218742","","No Evidence for Triplosensitivity","https://search.clinicalgenome.org/kb/gene-dosage/region/ISCA-46637","2021-08-05T12:45:08-04:00"
"9q32 population region (DGV_Gold_Standard_June_2021_gssvG40321)","ISCA-46636","chr9:117078800-117098147","chr9:114316520-114335867","No Evidence for Haploinsufficiency","","https://search.clinicalgenome.org/kb/gene-dosage/region/ISCA-46636","2021-08-05T12:48:41-04:00"
"9p11.2 population region (DGV_Gold_Standard_June_2021_gssvG38779)","ISCA-46635","chr9:44283472-44840754","chr9:42606667-43163949","No Evidence for Haploinsufficiency","","https://search.clinicalgenome.org/kb/gene-dosage/region/ISCA-46635","2021-08-05T12:49:23-04:00"
"9p12 population region (DGV_Gold_Standard_June_2021_gssvL130637)","ISCA-46634","chr9:43589946-43694171","chr9:61230528-61334753","","No Evidence for Triplosensitivity","https://search.clinicalgenome.org/kb/gene-dosage/region/ISCA-46634","2021-08-05T12:51:15-04:00"
"9p12 population region (DGV_Gold_Standard_June_2021_gssvL130619)","ISCA-46633","chr9:43584760-43755000","chr9:66946498-67116738","","No Evidence for Triplosensitivity","https://search.clinicalgenome.org/kb/gene-dosage/region/ISCA-46633","2021-08-05T12:52:07-04:00"
"9q31.1 population region (DGV_Gold_Standard_June_2021_gssvL132495)","ISCA-46632","chr9:107362715-107368622","chr9:104600434-104606341","","No Evidence for Triplosensitivity","https://search.clinicalgenome.org/kb/gene-dosage/region/ISCA-46632","2021-08-05T12:55:41-04:00"
"8p23.1 population region (DGV_Gold_Standard_June_2021_gssvG36644)","ISCA-46631","chr8:7212582-7227421","chr8:7355060-7369899","No Evidence for Haploinsufficiency","","https://search.clinicalgenome.org/kb/gene-dosage/region/ISCA-46631","2021-08-05T12:56:37-04:00"
"8p23.1 population region (DGV_Gold_Standard_June_2021_gssvG36608)","ISCA-46630","chr8:6828736-6878156","chr8:6971214-7020634","No Evidence for Haploinsufficiency","","https://search.clinicalgenome.org/kb/gene-dosage/region/ISCA-46630","2021-08-05T12:57:35-04:00"
"8p23.1 population region (DGV_Gold_Standard_June_2021_gssvG36607)","ISCA-46629","chr8:7110945-7157807","chr8:7253423-7300285","No Evidence for Haploinsufficiency","","https://search.clinicalgenome.org/kb/gene-dosage/region/ISCA-46629","2021-08-05T12:58:10-04:00"
"7q36.1 population region (DGV_Gold_Standard_June_2021_gssvL119849)","ISCA-46628","chr7:150286146-150307909","chr7:150589058-150610821","","No Evidence for Triplosensitivity","https://search.clinicalgenome.org/kb/gene-dosage/region/ISCA-46628","2021-08-05T13:09:40-04:00"
"7q35 population region (DGV_Gold_Standard_June_2021_gssvL119429)","ISCA-46627","chr7:143880615-144075919","chr7:144183522-144378826","","No Evidence for Triplosensitivity","https://search.clinicalgenome.org/kb/gene-dosage/region/ISCA-46627","2021-08-05T13:10:29-04:00"
"7q35 population region (DGV_Gold_Standard_June_2021_gssvG35898)","ISCA-46626","chr7:143884211-143930465","chr7:144187118-144233372","No Evidence for Haploinsufficiency","","https://search.clinicalgenome.org/kb/gene-dosage/region/ISCA-46626","2021-08-05T13:13:22-04:00"
"7q22.1 population region (DGV_Gold_Standard_June_2021_gssvL117874)","ISCA-46625","chr7:101968967-102022209","chr7:102328550-102381792","","No Evidence for Triplosensitivity","https://search.clinicalgenome.org/kb/gene-dosage/region/ISCA-46625","2021-08-05T13:15:34-04:00"
"7q34 population region (DGV_Gold_Standard_June_2021_gssvL119381)","ISCA-46624","chr7:142461276-142474923","chr7:142753425-142767072","","No Evidence for Triplosensitivity","https://search.clinicalgenome.org/kb/gene-dosage/region/ISCA-46624","2021-08-05T13:54:59-04:00"
"7q34 population region (DGV_Gold_Standard_June_2021_gssvL119380)","ISCA-46623","chr7:142460176-142482236","chr7:142752325-142774385","","No Evidence for Triplosensitivity","https://search.clinicalgenome.org/kb/gene-dosage/region/ISCA-46623","2021-08-05T13:55:34-04:00"
"7q34 population region (DGV_Gold_Standard_June_2021_gssvL119369)","ISCA-46622","chr7:142099063-142108894","","","No Evidence for Triplosensitivity","https://search.clinicalgenome.org/kb/gene-dosage/region/ISCA-46622","2021-08-05T13:57:40-04:00"
"7q34 population region (DGV_Gold_Standard_June_2021_gssvL119360)","ISCA-46621","chr7:142133273-142170344","","","No Evidence for Triplosensitivity","https://search.clinicalgenome.org/kb/gene-dosage/region/ISCA-46621","2021-08-05T13:58:49-04:00"
"7q11.23 population region (DGV_Gold_Standard_June_2021_gssvL116711)","ISCA-46620","chr7:74378312-74480711","chr7:74963584-75065983","","No Evidence for Triplosensitivity","https://search.clinicalgenome.org/kb/gene-dosage/region/ISCA-46620","2021-08-05T14:01:00-04:00"
"7q11.21 population region (DGV_Gold_Standard_June_2021_gssvL116036)","ISCA-46619","chr7:62963166-62979392","chr7:63502788-63519014","","No Evidence for Triplosensitivity","https://search.clinicalgenome.org/kb/gene-dosage/region/ISCA-46619","2021-08-05T14:29:59-04:00"
"7q11.21 population region (DGV_Gold_Standard_June_2021_gssvL115987)","ISCA-46618","chr7:62687315-62723648","chr7:63226937-63263270","","No Evidence for Triplosensitivity","https://search.clinicalgenome.org/kb/gene-dosage/region/ISCA-46618","2021-08-05T14:31:19-04:00"
"7p11.2 population region (DGV_Gold_Standard_June_2021_gssvL115697)","ISCA-46617","chr7:57062764-57088685","chr7:56995057-57020978","","No Evidence for Triplosensitivity","https://search.clinicalgenome.org/kb/gene-dosage/region/ISCA-46617","2021-08-05T14:32:29-04:00"
"7p14.1 population region (DGV_Gold_Standard_June_2021_gssvL115094)","ISCA-46616","chr7:38386563-38397743","chr7:38346962-38358142","","No Evidence for Triplosensitivity","https://search.clinicalgenome.org/kb/gene-dosage/region/ISCA-46616","2021-08-05T14:34:42-04:00"
"7p22.1 population region (DGV_Gold_Standard_June_2021_gssvL113541)","ISCA-46615","chr7:6900773-6923243","chr7:6861142-6883612","","No Evidence for Triplosensitivity","https://search.clinicalgenome.org/kb/gene-dosage/region/ISCA-46615","2021-08-05T14:35:55-04:00"
"6q13 population region (DGV_Gold_Standard_June_2021_gssvG32691)","ISCA-46614","chr6:74708884-74717014","chr6:73999168-74007298","No Evidence for Haploinsufficiency","","https://search.clinicalgenome.org/kb/gene-dosage/region/ISCA-46614","2021-08-05T14:37:03-04:00"
"6q13 population region (DGV_Gold_Standard_June_2021_gssvG32688)","ISCA-46613","chr6:74707825-74718498","chr6:73998109-74008782","No Evidence for Haploinsufficiency","","https://search.clinicalgenome.org/kb/gene-dosage/region/ISCA-46613","2021-08-05T14:40:17-04:00"
"6p25.3 population region (DGV_Gold_Standard_June_2021_gssvL104460)","ISCA-46612","chr6:83824-202184","chr6:83824-202184","","No Evidence for Triplosensitivity","https://search.clinicalgenome.org/kb/gene-dosage/region/ISCA-46612","2021-08-05T14:42:04-04:00"
"6p21.32 population region (DGV_Gold_Standard_June_2021_gssvL106271)","ISCA-46611","chr6:32627550-32648423","chr6:32659773-32680646","","No Evidence for Triplosensitivity","https://search.clinicalgenome.org/kb/gene-dosage/region/ISCA-46611","2021-08-05T14:48:48-04:00"
"6p21.32 population region (DGV_Gold_Standard_June_2021_gssvL106269)","ISCA-46610","chr6:32516836-32541693","chr6:32549059-32573916","","No Evidence for Triplosensitivity","https://search.clinicalgenome.org/kb/gene-dosage/region/ISCA-46610","2021-08-05T14:52:45-04:00"
"6p21.32 population region (DGV_Gold_Standard_June_2021_gssvL106264)","ISCA-46609","chr6:32475856-32514239","chr6:32508079-32546462","","No Evidence for Triplosensitivity","https://search.clinicalgenome.org/kb/gene-dosage/region/ISCA-46609","2021-08-05T14:54:55-04:00"
"6p22.1 population region (DGV_Gold_Standard_June_2021_gssvL105927)","ISCA-46608","chr6:29837200-29849273","chr6:29869423-29881496","","No Evidence for Triplosensitivity","https://search.clinicalgenome.org/kb/gene-dosage/region/ISCA-46608","2021-08-05T14:56:09-04:00"
"6p22.1 population region (DGV_Gold_Standard_June_2021_gssvL105924)","ISCA-46607","chr6:29892560-29905834","chr6:29924783-29938057","","No Evidence for Triplosensitivity","https://search.clinicalgenome.org/kb/gene-dosage/region/ISCA-46607","2021-08-05T14:57:38-04:00"
"5q13.2 population region (DGV_Gold_Standard_June_2021_gssvG30124)","ISCA-46605","chr5:69316084-69343660","chr5:70020257-70047833","No Evidence for Haploinsufficiency","","https://search.clinicalgenome.org/kb/gene-dosage/region/ISCA-46605","2021-08-05T16:26:01-04:00"
"5p15.33 population region (DGV_Gold_Standard_June_2021_gssvG29169)","ISCA-46604","chr5:814446-825367","chr5:814331-825252","No Evidence for Haploinsufficiency","","https://search.clinicalgenome.org/kb/gene-dosage/region/ISCA-46604","2021-08-05T16:27:32-04:00"
"5q22.1 population region (DGV_Gold_Standard_June_2021_gssvL101506)","ISCA-46602","chr5:110905931-110911040","chr5:111570233-111575342","","No Evidence for Triplosensitivity","https://search.clinicalgenome.org/kb/gene-dosage/region/ISCA-46602","2021-08-05T16:34:16-04:00"
"5q35.3 population region (DGV_Gold_Standard_June_2021_gssvL104429)","ISCA-46601","chr5:180591001-180596624","chr5:181164001-181169624","","No Evidence for Triplosensitivity","https://search.clinicalgenome.org/kb/gene-dosage/region/ISCA-46601","2021-08-05T16:35:07-04:00"
"5q35.3 population region (DGV_Gold_Standard_June_2021_gssvL104164)","ISCA-46600","chr5:178348352-178353194","chr5:178921351-178926193","","No Evidence for Triplosensitivity","https://search.clinicalgenome.org/kb/gene-dosage/region/ISCA-46600","2021-08-06T11:08:00-04:00"
"5q31.3 population region (DGV_Gold_Standard_June_2021_gssvL102648)","ISCA-46599","chr5:140096767-140104053","chr5:140717182-140724468","","No Evidence for Triplosensitivity","https://search.clinicalgenome.org/kb/gene-dosage/region/ISCA-46599","2021-08-06T11:09:08-04:00"
"4p11 population region (DGV_Gold_Standard_June_2021_gssvG27527)","ISCA-46598","chr4:49489242-49524812","chr4:49487225-49522795","No Evidence for Haploinsufficiency","","https://search.clinicalgenome.org/kb/gene-dosage/region/ISCA-46598","2021-08-06T11:10:09-04:00"
"4p16.1 population region (DGV_Gold_Standard_June_2021_gssvG27165)","ISCA-46597","chr4:9417997-9457368","chr4:9416271-9455642","No Evidence for Haploinsufficiency","","https://search.clinicalgenome.org/kb/gene-dosage/region/ISCA-46597","2021-08-06T11:11:24-04:00"
"4p16.1 population region (DGV_Gold_Standard_June_2021_gssvL88361)","ISCA-46596","chr4:9486907-9516088","chr4:9485260-9514441","","No Evidence for Triplosensitivity","https://search.clinicalgenome.org/kb/gene-dosage/region/ISCA-46596","2021-08-06T11:14:51-04:00"
"4p11 population region (DGV_Gold_Standard_June_2021_gssvL90109)","ISCA-46595","chr4:49177189-49249875","chr4:49175172-49247858","","No Evidence for Triplosensitivity","https://search.clinicalgenome.org/kb/gene-dosage/region/ISCA-46595","2021-08-06T11:15:42-04:00"
"4q13.2 population region (DGV_Gold_Standard_June_2021_gssvL90978)","ISCA-46594","chr4:70134832-70270391","chr4:69269114-69404673","","No Evidence for Triplosensitivity","https://search.clinicalgenome.org/kb/gene-dosage/region/ISCA-46594","2021-08-06T11:31:24-04:00"
"4q13.3 population region (DGV_Gold_Standard_June_2021_gssvL91223)","ISCA-46593","chr4:75282628-75323181","chr4:74416911-74457464","","No Evidence for Triplosensitivity","https://search.clinicalgenome.org/kb/gene-dosage/region/ISCA-46593","2021-08-06T11:40:58-04:00"
"3q29 population region (DGV_Gold_Standard_June_2021_gssvG26791)","ISCA-46592","chr3:195376588-195493533","chr3:195649717-195766662","No Evidence for Haploinsufficiency","","https://search.clinicalgenome.org/kb/gene-dosage/region/ISCA-46592","2021-08-06T11:42:26-04:00"
"3p12.3 population region (DGV_Gold_Standard_June_2021_gssvL82434)","ISCA-46591","chr3:75567345-75581692","chr3:75518194-75532541","","No Evidence for Triplosensitivity","https://search.clinicalgenome.org/kb/gene-dosage/region/ISCA-46591","2021-08-06T11:43:38-04:00"
"3p12.3 population region (DGV_Gold_Standard_June_2021_gssvL82397)","ISCA-46590","chr3:75422907-75644624","chr3:75373756-75595473","","No Evidence for Triplosensitivity","https://search.clinicalgenome.org/kb/gene-dosage/region/ISCA-46590","2021-08-06T11:44:30-04:00"
"3q29 population region (DGV_Gold_Standard_June_2021_gssvL86947)","ISCA-46589","chr3:195380278-195469564","chr3:195653407-195742693","","No Evidence for Triplosensitivity","https://search.clinicalgenome.org/kb/gene-dosage/region/ISCA-46589","2021-08-06T11:45:19-04:00"
"3q25.31 population region (DGV_Gold_Standard_June_2021_gssvL85294)","ISCA-46588","chr3:155478166-155498646","chr3:155760377-155780857","","No Evidence for Triplosensitivity","https://search.clinicalgenome.org/kb/gene-dosage/region/ISCA-46588","2021-08-06T11:46:29-04:00"
"3q11.2 population region (DGV_Gold_Standard_June_2021_gssvL83307)","ISCA-46587","chr3:97887492-97919334","chr3:98168648-98200490","","No Evidence for Triplosensitivity","https://search.clinicalgenome.org/kb/gene-dosage/region/ISCA-46587","2021-08-06T11:48:03-04:00"
"3q11.2 population region (DGV_Gold_Standard_June_2021_gssvL83303)","ISCA-46586","chr3:97878295-97923426","chr3:98159451-98204582","","No Evidence for Triplosensitivity","https://search.clinicalgenome.org/kb/gene-dosage/region/ISCA-46586","2021-08-06T11:49:19-04:00"
"2q37.3 population region (DGV_Gold_Standard_June_2021_gssvL70815)","ISCA-46585","chr2:242872862-243012181","chr2:241930711-242070030","","No Evidence for Triplosensitivity","https://search.clinicalgenome.org/kb/gene-dosage/region/ISCA-46585","2021-08-06T11:50:27-04:00"
"2q21.1 population region (DGV_Gold_Standard_June_2021_gssvL66075)","ISCA-46584","chr2:130793882-130823249","chr2:130036309-130065676","","No Evidence for Triplosensitivity","https://search.clinicalgenome.org/kb/gene-dosage/region/ISCA-46584","2021-08-06T11:51:22-04:00"
"2p11.2 population region (DGV_Gold_Standard_June_2021_gssvL64514)","ISCA-46583","chr2:90160287-90163570","chr2:90121435-90124718","","No Evidence for Triplosensitivity","https://search.clinicalgenome.org/kb/gene-dosage/region/ISCA-46583","2021-08-06T11:52:16-04:00"
"2p11.2 population region (DGV_Gold_Standard_June_2021_gssvL64458)","ISCA-46582","chr2:90044437-90061011","chr2:90005627-90022201","","No Evidence for Triplosensitivity","https://search.clinicalgenome.org/kb/gene-dosage/region/ISCA-46582","2021-08-06T11:54:39-04:00"
"2p11.2 population region (DGV_Gold_Standard_June_2021_gssvL64445)","ISCA-46581","chr2:90249376-90275932","chr2:90210510-90237066","","No Evidence for Triplosensitivity","https://search.clinicalgenome.org/kb/gene-dosage/region/ISCA-46581","2021-08-06T11:55:37-04:00"
"2p11.2 population region (DGV_Gold_Standard_June_2021_gssvL64421)","ISCA-46580","chr2:89459244-89512939","chr2:89159760-89213455","","No Evidence for Triplosensitivity","https://search.clinicalgenome.org/kb/gene-dosage/region/ISCA-46580","2021-08-06T11:59:25-04:00"
"2p11.2 population region (DGV_Gold_Standard_June_2021_gssvL64418)","ISCA-46579","chr2:90044551-90102805","chr2:90005741-90063995","","No Evidence for Triplosensitivity","https://search.clinicalgenome.org/kb/gene-dosage/region/ISCA-46579","2021-08-06T12:00:29-04:00"
"2p11.2 population region (DGV_Gold_Standard_June_2021_gssvL64414)","ISCA-46578","chr2:90005834-90052218","chr2:89967024-90013408","","No Evidence for Triplosensitivity","https://search.clinicalgenome.org/kb/gene-dosage/region/ISCA-46578","2021-08-06T12:01:15-04:00"
"1q44 population region (DGV_Gold_Standard_June_2021_gssvL8958)","ISCA-46577","chr1:248755655-248758478","chr1:248592354-248595177","","No Evidence for Triplosensitivity","https://search.clinicalgenome.org/kb/gene-dosage/region/ISCA-46577","2021-08-06T12:34:45-04:00"
"1q44 population region (DGV_Gold_Standard_June_2021_gssvL8766)","ISCA-46576","chr1:248756880-248797809","chr1:248593579-248634508","","No Evidence for Triplosensitivity","https://search.clinicalgenome.org/kb/gene-dosage/region/ISCA-46576","2021-08-06T12:36:00-04:00"
"1q41 population region (DGV_Gold_Standard_June_2021_gssvL7905)","ISCA-46575","chr1:222373208-222381462","chr1:222199866-222208120","","No Evidence for Triplosensitivity","https://search.clinicalgenome.org/kb/gene-dosage/region/ISCA-46575","2021-08-06T12:36:50-04:00"
"1q24.2 population region (DGV_Gold_Standard_June_2021_gssvL5980)","ISCA-46574","chr1:168024558-168025732","chr1:168055320-168056494","","No Evidence for Triplosensitivity","https://search.clinicalgenome.org/kb/gene-dosage/region/ISCA-46574","2021-08-06T12:38:06-04:00"
"1q23.3 population region (DGV_Gold_Standard_June_2021_gssvL5778)","ISCA-46573","chr1:161570323-161598180","chr1:161600533-161628390","","No Evidence for Triplosensitivity","https://search.clinicalgenome.org/kb/gene-dosage/region/ISCA-46573","2021-08-06T12:39:57-04:00"
"1q21.3 population region (DGV_Gold_Standard_June_2021_gssvL5433)","ISCA-46572","chr1:152554926-152575348","chr1:152582450-152602872","","No Evidence for Triplosensitivity","https://search.clinicalgenome.org/kb/gene-dosage/region/ISCA-46572","2021-08-06T12:44:54-04:00"
"1q21.2 population region (DGV_Gold_Standard_June_2021_gssvL5166)","ISCA-46571","chr1:149207851-149218151","chr1:143713202-143723502","","No Evidence for Triplosensitivity","https://search.clinicalgenome.org/kb/gene-dosage/region/ISCA-46571","2021-08-06T12:45:47-04:00"
"1q21.2 population region (DGV_Gold_Standard_June_2021_gssvL5133)","ISCA-46570","chr1:149152064-149204067","chr1:143657400-143709403","","No Evidence for Triplosensitivity","https://search.clinicalgenome.org/kb/gene-dosage/region/ISCA-46570","2021-08-06T12:48:48-04:00"
"1q21.2 population region (DGV_Gold_Standard_June_2021_gssvL5122)","ISCA-46569","chr1:147856152-147913592","chr1:148383996-148441436","","No Evidence for Triplosensitivity","https://search.clinicalgenome.org/kb/gene-dosage/region/ISCA-46569","2021-08-06T12:51:02-04:00"
"1p31.3 population region (DGV_Gold_Standard_June_2021_gssvL3013)","ISCA-46568","chr1:64839912-64851868","chr1:64374229-64386185","","No Evidence for Triplosensitivity","https://search.clinicalgenome.org/kb/gene-dosage/region/ISCA-46568","2021-08-06T12:51:56-04:00"
"1p31.3 population region (DGV_Gold_Standard_June_2021_gssvL2940)","ISCA-46567","chr1:62654661-62657211","chr1:62188989-62191539","","No Evidence for Triplosensitivity","https://search.clinicalgenome.org/kb/gene-dosage/region/ISCA-46567","2021-08-06T13:00:25-04:00"
"1p36.12 population region (DGV_Gold_Standard_June_2021_gssvL1420)","ISCA-46566","chr1:22313123-22335712","chr1:21986630-22009219","","No Evidence for Triplosensitivity","https://search.clinicalgenome.org/kb/gene-dosage/region/ISCA-46566","2021-08-06T13:01:24-04:00"
"1p36.13 population region (DGV_Gold_Standard_June_2021_gssvL1195)","ISCA-46565","chr1:17009445-17012777","chr1:16682950-16686282","","No Evidence for Triplosensitivity","https://search.clinicalgenome.org/kb/gene-dosage/region/ISCA-46565","2021-08-06T13:03:02-04:00"
"1p36.21 population region (DGV_Gold_Standard_June_2021_gssvL1109)","ISCA-46564","chr1:16152667-16155517","chr1:15826172-15829022","","No Evidence for Triplosensitivity","https://search.clinicalgenome.org/kb/gene-dosage/region/ISCA-46564","2021-08-06T13:04:01-04:00"
"1p36.21 population region (DGV_Gold_Standard_June_2021_gssvL1108)","ISCA-46563","chr1:16151690-16155602","chr1:15825195-15829107","","No Evidence for Triplosensitivity","https://search.clinicalgenome.org/kb/gene-dosage/region/ISCA-46563","2021-08-06T13:05:03-04:00"
"1p36.21 population region (DGV_Gold_Standard_June_2021_gssvL905)","ISCA-46562","chr1:12899395-12924283","chr1:12839542-12864430","","No Evidence for Triplosensitivity","https://search.clinicalgenome.org/kb/gene-dosage/region/ISCA-46562","2021-08-06T13:06:32-04:00"
"1p36.21 population region (DGV_Gold_Standard_June_2021_gssvL891)","ISCA-46561","chr1:12886641-12942069","chr1:12826782-12882210","","No Evidence for Triplosensitivity","https://search.clinicalgenome.org/kb/gene-dosage/region/ISCA-46561","2021-08-06T13:07:21-04:00"
"1p36.21 population region (DGV_Gold_Standard_June_2021_gssvL889)","ISCA-46560","chr1:13692847-13774442","chr1:13366389-13447984","","No Evidence for Triplosensitivity","https://search.clinicalgenome.org/kb/gene-dosage/region/ISCA-46560","2021-08-06T13:08:22-04:00"
"1q21.3 population region (DGV_Gold_Standard_June_2021_gssvG2465)","ISCA-46559","chr1:152761495-152773537","chr1:152789019-152801061","No Evidence for Haploinsufficiency","","https://search.clinicalgenome.org/kb/gene-dosage/region/ISCA-46559","2021-08-06T13:09:40-04:00"
"1p13.3 population region (DGV_Gold_Standard_June_2021_gssvG1423)","ISCA-46558","chr1:108917312-109000328","chr1:108374690-108457706","No Evidence for Haploinsufficiency","","https://search.clinicalgenome.org/kb/gene-dosage/region/ISCA-46558","2021-08-06T13:10:25-04:00"
"1p36.21 population region (DGV_Gold_Standard_June_2021_gssvG371)","ISCA-46557","chr1:12897609-12922238","chr1:12837756-12862385","No Evidence for Haploinsufficiency","","https://search.clinicalgenome.org/kb/gene-dosage/region/ISCA-46557","2021-08-06T13:11:42-04:00"
"1p36.33 population region (DGV_Gold_Standard_June_2021_gssvG23)","ISCA-46556","chr1:713039-756009","chr1:777659-820629","No Evidence for Haploinsufficiency","","https://search.clinicalgenome.org/kb/gene-dosage/region/ISCA-46556","2021-08-06T13:13:09-04:00"
"1p36.33 population region ((DGV_Gold_Standard_June_2021_gssvG23))","ISCA-46554","chr1:713039-756009","chr1:777659-820629","No Evidence for Haploinsufficiency","","https://search.clinicalgenome.org/kb/gene-dosage/region/ISCA-46554","2021-08-06T13:14:58-04:00"
"3q24 Region (includes ZIC1)","ISCA-46553","chr3:136403035-148341113","chr3:136684193 -148623326","Sufficient Evidence for Haploinsufficiency","No Evidence for Triplosensitivity","https://search.clinicalgenome.org/kb/gene-dosage/region/ISCA-46553","2021-07-19T11:59:29-04:00"
"Yq11.223 population region (gnomAD-SV_v2.1_DUP_Y_55057)","ISCA-46552","chrY:24024199-24070000","chrY:21878052-21923853","No Evidence for Haploinsufficiency","","https://search.clinicalgenome.org/kb/gene-dosage/region/ISCA-46552","2021-08-03T15:03:52-04:00"
"Yq11.223 population region (gnomAD-SV_v2.1_DUP_Y_55049)","ISCA-46551","chrY:23656999-23713300","chrY:21495113-21551414","No Evidence for Haploinsufficiency","","https://search.clinicalgenome.org/kb/gene-dosage/region/ISCA-46551","2021-08-03T15:05:36-04:00"
"Xq28 population region (gnomAD-SV_v2.1_DEL_X_190964)","ISCA-46550","chrX:155238299-155249500","chrX:156008634-156019835","","No Evidence for Triplosensitivity","https://search.clinicalgenome.org/kb/gene-dosage/region/ISCA-46550","2021-08-03T15:08:49-04:00"
"Xq28 population region (gnomAD-SV_v2.1_DEL_X_190749)","ISCA-46549","chrX:153511999-153522000","chrX:154246526-154256527","","No Evidence for Triplosensitivity","https://search.clinicalgenome.org/kb/gene-dosage/region/ISCA-46549","2021-08-03T15:10:37-04:00"
"Xq28 population region (gnomAD-SV_v2.1_DEL_X_190688)","ISCA-46548","chrX:152240999-152251200","chrX:153072616-153082817","","No Evidence for Triplosensitivity","https://search.clinicalgenome.org/kb/gene-dosage/region/ISCA-46548","2021-08-03T15:12:15-04:00"
"Xq26.3 population region (gnomAD-SV_v2.1_DEL_X_189893)","ISCA-46547","chrX:134948399-134964600","chrX:135831689-135847890","","No Evidence for Triplosensitivity","https://search.clinicalgenome.org/kb/gene-dosage/region/ISCA-46547","2021-08-03T15:14:25-04:00"
"Xq26.3 population region (gnomAD-SV_v2.1_DEL_X_189886)","ISCA-46546","chrX:134872199-134878900","chrX:135779496-135786197","","No Evidence for Triplosensitivity","https://search.clinicalgenome.org/kb/gene-dosage/region/ISCA-46546","2021-08-03T15:15:47-04:00"
"Xq24 population region (gnomAD-SV_v2.1_DEL_X_189263)","ISCA-46545","chrX:120077116-120120000","chrX:120943262-120986146","","No Evidence for Triplosensitivity","https://search.clinicalgenome.org/kb/gene-dosage/region/ISCA-46545","2021-08-03T15:18:07-04:00"
"Xq24 population region (gnomAD-SV_v2.1_DEL_X_189262)","ISCA-46544","chrX:120063234-120090000","","","No Evidence for Triplosensitivity","https://search.clinicalgenome.org/kb/gene-dosage/region/ISCA-46544","2021-08-03T15:21:08-04:00"
"Xp11.23 population region (gnomAD-SV_v2.1_DUP_X_53157)","ISCA-46543","chrX:49338999-49356900","chrX:49574396-49592297","No Evidence for Haploinsufficiency","","https://search.clinicalgenome.org/kb/gene-dosage/region/ISCA-46543","2021-08-03T15:23:00-04:00"
"Xp11.23 population region (gnomAD-SV_v2.1_DUP_X_53155)","ISCA-46542","chrX:49328999-49343400","chrX:49564396-49578797","No Evidence for Haploinsufficiency","","https://search.clinicalgenome.org/kb/gene-dosage/region/ISCA-46542","2021-08-03T15:24:43-04:00"
"Xp11.23 population region (gnomAD-SV_v2.1_DUP_X_53151)","ISCA-46541","chrX:49292999-49318650","chrX:49528396-49554047","No Evidence for Haploinsufficiency","","https://search.clinicalgenome.org/kb/gene-dosage/region/ISCA-46541","2021-08-03T15:26:20-04:00"
"Xp11.23 population region (gnomAD-SV_v2.1_DUP_X_53149)","ISCA-46540","chrX:49197299-49208400","chrX:49331318-49342419","No Evidence for Haploinsufficiency","","https://search.clinicalgenome.org/kb/gene-dosage/region/ISCA-46540","2021-08-03T15:28:51-04:00"
"Xp11.23 population region (gnomAD-SV_v2.1_DEL_X_186156)","ISCA-46539","chrX:49176299-49186050","chrX:49319820-49329571","","No Evidence for Triplosensitivity","https://search.clinicalgenome.org/kb/gene-dosage/region/ISCA-46539","2021-08-03T15:30:04-04:00"
"22q13.1 population region (gnomAD-SV_v2.1_DEL_22_182715)","ISCA-46538","chr22:39358308-39388415","chr22:38962303-38992410","","No Evidence for Triplosensitivity","https://search.clinicalgenome.org/kb/gene-dosage/region/ISCA-46538","2021-08-03T15:35:07-04:00"
"22q11.23 population region (gnomAD-SV_v2.1_DEL_22_181682)","ISCA-46537","chr22:24344399-24397000","","","No Evidence for Triplosensitivity","https://search.clinicalgenome.org/kb/gene-dosage/region/ISCA-46537","2021-08-03T15:36:37-04:00"
"22q11.23 population region (gnomAD-SV_v2.1_DEL_22_181680)","ISCA-46536","chr22:24324299-24334200","chr22:23982108-23992009","","No Evidence for Triplosensitivity","https://search.clinicalgenome.org/kb/gene-dosage/region/ISCA-46536","2021-08-03T15:38:26-04:00"
"22q11.23 population region (gnomAD-SV_v2.1_DEL_22_181679)","ISCA-46535","chr22:24315999-24323000","chr22:23973810-23980811","","No Evidence for Triplosensitivity","https://search.clinicalgenome.org/kb/gene-dosage/region/ISCA-46535","2021-08-03T15:46:55-04:00"
"22q11.23 population region (gnomAD-SV_v2.1_DEL_22_181670)","ISCA-46534","chr22:24274143-24311297","chr22:23931956-23969110","","No Evidence for Triplosensitivity","https://search.clinicalgenome.org/kb/gene-dosage/region/ISCA-46534","2021-08-03T15:48:06-04:00"
"22q11.21 population region (gnomAD-SV_v2.1_DEL_22_181532)","ISCA-46533","chr22:21562199-21569400","chr22:21207910-21215111","","No Evidence for Triplosensitivity","https://search.clinicalgenome.org/kb/gene-dosage/region/ISCA-46533","2021-08-03T15:59:20-04:00"
"22q11.21 population region (gnomAD-SV_v2.1_DEL_22_181459)","ISCA-46532","chr22:20693999-20699000","chr22:21324131-21329132","","No Evidence for Triplosensitivity","https://search.clinicalgenome.org/kb/gene-dosage/region/ISCA-46532","2021-08-03T16:00:52-04:00"
"22q11.21 population region (gnomAD-SV_v2.1_DEL_22_181452)","ISCA-46531","chr22:20451599-20457600","chr22:18601732-18607733","","No Evidence for Triplosensitivity","https://search.clinicalgenome.org/kb/gene-dosage/region/ISCA-46531","2021-08-03T16:02:57-04:00"
"22q11.21 population region (gnomAD-SV_v2.1_DEL_22_181446)","ISCA-46530","chr22:20366424-20371500","chr22:18516557-18521633","","No Evidence for Triplosensitivity","https://search.clinicalgenome.org/kb/gene-dosage/region/ISCA-46530","2021-08-03T16:04:05-04:00"
"22q11.21 population region (gnomAD-SV_v2.1_DEL_22_181316)","ISCA-46529","chr22:18738599-18747000","chr22:18751086-18759487","","No Evidence for Triplosensitivity","https://search.clinicalgenome.org/kb/gene-dosage/region/ISCA-46529","2021-08-03T16:07:06-04:00"
"21q22.3 population region (gnomAD-SV_v2.1_DEL_21_181010)","ISCA-46528","chr21:47580927-47582908","chr21:46161013-46162994","","No Evidence for Triplosensitivity","https://search.clinicalgenome.org/kb/gene-dosage/region/ISCA-46528","2021-08-03T16:08:48-04:00"
"21q11.2 population region (gnomAD-SV_v2.1_DEL_21_178683)","ISCA-46527","chr21:15012799-15034700","chr21:13640478-13662379","","No Evidence for Triplosensitivity","https://search.clinicalgenome.org/kb/gene-dosage/region/ISCA-46527","2021-08-03T16:11:05-04:00"
"21q11.2 population region (gnomAD-SV_v2.1_DEL_21_178682)","ISCA-46526","chr21:14995199-15001200","chr21:13622878-13628879","","No Evidence for Triplosensitivity","https://search.clinicalgenome.org/kb/gene-dosage/region/ISCA-46526","2021-08-03T16:15:07-04:00"
"21q11.2 population region (gnomAD-SV_v2.1_DEL_21_178681)","ISCA-46525","chr21:14980399-14986100","chr21:13608078-13613779","","No Evidence for Triplosensitivity","https://search.clinicalgenome.org/kb/gene-dosage/region/ISCA-46525","2021-08-03T16:18:02-04:00"
"19q13.42 population region (gnomAD-SV_v2.1_DEL_19_173817)","ISCA-46524","chr19:55367999-55373100","chr19:54856544-54861645","","No Evidence for Triplosensitivity","https://search.clinicalgenome.org/kb/gene-dosage/region/ISCA-46524","2021-08-03T16:19:51-04:00"
"19q13.42 population region (gnomAD-SV_v2.1_DEL_19_173816)","ISCA-46523","chr19:55360499-55370000","chr19:54849044-54858545","","No Evidence for Triplosensitivity","https://search.clinicalgenome.org/kb/gene-dosage/region/ISCA-46523","2021-08-03T16:21:31-04:00"
"19q13.42 population region (gnomAD-SV_v2.1_DEL_19_173812)","ISCA-46522","chr19:55314899-55323600","chr19:54803444-54812145","","No Evidence for Triplosensitivity","https://search.clinicalgenome.org/kb/gene-dosage/region/ISCA-46522","2021-08-03T16:24:26-04:00"
"19q13.42 population region (gnomAD-SV_v2.1_DEL_19_173811)","ISCA-46521","chr19:55301499-55324000","chr19:54790047-54812548","","No Evidence for Triplosensitivity","https://search.clinicalgenome.org/kb/gene-dosage/region/ISCA-46521","2021-08-03T16:26:04-04:00"
"19q13.42 population region (gnomAD-SV_v2.1_DEL_19_173809)","ISCA-46520","chr19:55292999-55298000","chr19:54781547-54786548","","No Evidence for Triplosensitivity","https://search.clinicalgenome.org/kb/gene-dosage/region/ISCA-46520","2021-08-03T16:28:01-04:00"
"19q13.42 population region (gnomAD-SV_v2.1_DEL_19_173807)","ISCA-46519","chr19:55285999-55293000","chr19:54774547-54781548","","No Evidence for Triplosensitivity","https://search.clinicalgenome.org/kb/gene-dosage/region/ISCA-46519","2021-08-03T16:29:43-04:00"
"19q13.42 population region (gnomAD-SV_v2.1_DEL_19_173806)","ISCA-46518","chr19:55277999-55288000","chr19:54766547-54776548","","No Evidence for Triplosensitivity","https://search.clinicalgenome.org/kb/gene-dosage/region/ISCA-46518","2021-08-04T15:05:56-04:00"
"19q13.42 population region (gnomAD-SV_v2.1_DEL_19_173805)","ISCA-46517","chr19:55274849-55281600","chr19:54763397-54770148","","No Evidence for Triplosensitivity","https://search.clinicalgenome.org/kb/gene-dosage/region/ISCA-46517","2021-08-04T15:06:45-04:00"
"19q13.42 population region (gnomAD-SV_v2.1_DEL_19_173803)","ISCA-46516","chr19:55256999-55289000","chr19:54745547-54777548","","No Evidence for Triplosensitivity","https://search.clinicalgenome.org/kb/gene-dosage/region/ISCA-46516","2021-08-04T15:07:48-04:00"
"19q13.42 population region (gnomAD-SV_v2.1_DEL_19_173802)","ISCA-46515","chr19:55251599-55257000","chr19:54740153-54745554","","No Evidence for Triplosensitivity","https://search.clinicalgenome.org/kb/gene-dosage/region/ISCA-46515","2021-08-04T15:09:16-04:00"
"19q13.42 population region (gnomAD-SV_v2.1_DEL_19_173801)","ISCA-46514","chr19:55250753-55267130","chr19:54739307-54755684","","No Evidence for Triplosensitivity","https://search.clinicalgenome.org/kb/gene-dosage/region/ISCA-46514","2021-08-04T15:10:00-04:00"
"19q13.42 population region (gnomAD-SV_v2.1_DEL_19_173800)","ISCA-46513","chr19:55245599-55250700","chr19:54734133-54739234","","No Evidence for Triplosensitivity","https://search.clinicalgenome.org/kb/gene-dosage/region/ISCA-46513","2021-08-04T15:10:55-04:00"
"19q13.42 population region (gnomAD-SV_v2.1_DEL_19_173749)","ISCA-46512","chr19:54800855-54807620","chr19:54297004-54303769","","No Evidence for Triplosensitivity","https://search.clinicalgenome.org/kb/gene-dosage/region/ISCA-46512","2021-08-04T15:12:12-04:00"
"19q13.41 population region (gnomAD-SV_v2.1_DEL_19_173549)","ISCA-46511","chr19:53316224-53323725","chr19:52812971-52820472","","No Evidence for Triplosensitivity","https://search.clinicalgenome.org/kb/gene-dosage/region/ISCA-46511","2021-08-04T15:38:37-04:00"
"19q13.41 population region (gnomAD-SV_v2.1_DEL_19_173445)","ISCA-46510","chr19:52134299-52149000","chr19:51631046-51645747","","No Evidence for Triplosensitivity","https://search.clinicalgenome.org/kb/gene-dosage/region/ISCA-46510","2021-08-04T15:41:43-04:00"
"19q13.41 population region (gnomAD-SV_v2.1_DEL_19_173443)","ISCA-46509","chr19:52127999-52139400","chr19:51624746-51636147","","No Evidence for Triplosensitivity","https://search.clinicalgenome.org/kb/gene-dosage/region/ISCA-46509","2021-08-04T15:42:29-04:00"
"19q13.31 population region (gnomAD-SV_v2.1_DEL_19_172626)","ISCA-46508","chr19:43700999-43716000","chr19:43196847-43211848","","No Evidence for Triplosensitivity","https://search.clinicalgenome.org/kb/gene-dosage/region/ISCA-46508","2021-08-04T15:44:06-04:00"
"19q13.31 population region (gnomAD-SV_v2.1_DEL_19_172625)","ISCA-46507","chr19:43700966-43764809","chr19:43196814-43260657","","No Evidence for Triplosensitivity","https://search.clinicalgenome.org/kb/gene-dosage/region/ISCA-46507","2021-08-04T15:45:12-04:00"
"19q13.12 population region (gnomAD-SV_v2.1_DEL_19_172006)","ISCA-46506","chr19:35850999-35863275","chr19:35360097-35372373","","No Evidence for Triplosensitivity","https://search.clinicalgenome.org/kb/gene-dosage/region/ISCA-46506","2021-08-04T15:46:07-04:00"
"19p13.2 population region (gnomAD-SV_v2.1_DUP_19_46817)","ISCA-46505","chr19:7019174-7060500","chr19:7019163-7060489","No Evidence for Haploinsufficiency","","https://search.clinicalgenome.org/kb/gene-dosage/region/ISCA-46505","2021-08-04T15:48:35-04:00"
"17q21.31 population region (gnomAD-SV_v2.1_DEL_17_160670)","ISCA-46504","chr17:44637999-44653000","chr17:46560633-46575634","","No Evidence for Triplosensitivity","https://search.clinicalgenome.org/kb/gene-dosage/region/ISCA-46504","2021-08-04T15:52:32-04:00"
"17q21.31 population region (gnomAD-SV_v2.1_DEL_17_160664)","ISCA-46503","chr17:44403899-44409900","chr17:46326533-46332534","","No Evidence for Triplosensitivity","https://search.clinicalgenome.org/kb/gene-dosage/region/ISCA-46503","2021-08-04T15:54:00-04:00"
"17q21.31 population region (gnomAD-SV_v2.1_DEL_17_160663)","ISCA-46502","chr17:44401199-44418450","chr17:46323833-46341084","","No Evidence for Triplosensitivity","https://search.clinicalgenome.org/kb/gene-dosage/region/ISCA-46502","2021-08-04T15:55:36-04:00"
"17q21.31 population region (gnomAD-SV_v2.1_DEL_17_160662)","ISCA-46501","chr17:44399099-44405700","chr17:46321733-46328334","","No Evidence for Triplosensitivity","https://search.clinicalgenome.org/kb/gene-dosage/region/ISCA-46501","2021-08-04T15:56:25-04:00"
"17q21.31 population region (gnomAD-SV_v2.1_DEL_17_160659)","ISCA-46500","chr17:44381699-44387000","chr17:46304333-46309634","","No Evidence for Triplosensitivity","https://search.clinicalgenome.org/kb/gene-dosage/region/ISCA-46500","2021-08-04T15:57:07-04:00"
"17q21.31 population region (gnomAD-SV_v2.1_DEL_17_160658)","ISCA-46499","chr17:44368999-44380000","chr17:46291633-46302634","","No Evidence for Triplosensitivity","https://search.clinicalgenome.org/kb/gene-dosage/region/ISCA-46499","2021-08-04T15:58:34-04:00"
"17q21.2 population region (gnomAD-SV_v2.1_DUP_17_44064)","ISCA-46498","chr17:39531966-39539289","chr17:41375714-41383037","No Evidence for Haploinsufficiency","","https://search.clinicalgenome.org/kb/gene-dosage/region/ISCA-46498","2021-08-04T15:59:55-04:00"
"17q21.2 population region (gnomAD-SV_v2.1_DEL_17_160290)","ISCA-46497","chr17:39421793-39432145","chr17:41265541-41275893","","No Evidence for Triplosensitivity","https://search.clinicalgenome.org/kb/gene-dosage/region/ISCA-46497","2021-08-04T16:00:56-04:00"
"17q21.2 population region (gnomAD-SV_v2.1_DEL_17_160287)","ISCA-46496","chr17:39383999-39395000","chr17:41227747-41238748","","No Evidence for Triplosensitivity","https://search.clinicalgenome.org/kb/gene-dosage/region/ISCA-46496","2021-08-04T16:01:43-04:00"
"17p11.2 population region (gnomAD-SV_v2.1_DEL_17_159095)","ISCA-46495","chr17:19014999-19054000","chr17:19111686-19150687","","No Evidence for Triplosensitivity","https://search.clinicalgenome.org/kb/gene-dosage/region/ISCA-46495","2021-08-04T16:05:56-04:00"
"17p11.2 population region (gnomAD-SV_v2.1_DEL_17_159047)","ISCA-46494","chr17:18329998-18465150","chr17:18426684-18561836","","No Evidence for Triplosensitivity","https://search.clinicalgenome.org/kb/gene-dosage/region/ISCA-46494","2021-08-04T16:06:54-04:00"
"16q22.1 population region (gnomAD-SV_v2.1_DUP_16_42449)","ISCA-46493","chr16:70094243-70242956","chr16:70060340-70209053","No Evidence for Haploinsufficiency","","https://search.clinicalgenome.org/kb/gene-dosage/region/ISCA-46493","2021-08-04T16:11:00-04:00"
"16p11.2 population region (gnomAD-SV_v2.1_DEL_16_153860)","ISCA-46492","chr16:32655999-32802000","chr16:32644678-32790679","","No Evidence for Triplosensitivity","https://search.clinicalgenome.org/kb/gene-dosage/region/ISCA-46492","2021-08-04T16:12:03-04:00"
"16p11.2 population region (gnomAD-SV_v2.1_DUP_16_42022)","ISCA-46491","chr16:32019999-32096000","chr16:32008678-32084679","No Evidence for Haploinsufficiency","","https://search.clinicalgenome.org/kb/gene-dosage/region/ISCA-46491","2021-08-04T16:12:40-04:00"
"16p11.2 population region (gnomAD-SV_v2.1_DEL_16_153573)","ISCA-46490","chr16:28764999-28772000","chr16:28753678-28760679","","No Evidence for Triplosensitivity","https://search.clinicalgenome.org/kb/gene-dosage/region/ISCA-46490","2021-08-04T16:13:19-04:00"
"16p11.2 population region (gnomAD-SV_v2.1_DEL_16_153568)","ISCA-46489","chr16:28715099-28771000","chr16:28703778-28759679","","No Evidence for Triplosensitivity","https://search.clinicalgenome.org/kb/gene-dosage/region/ISCA-46489","2021-08-04T16:14:56-04:00"
"16p12.3 population region (gnomAD-SV_v2.1_DEL_16_152900)","ISCA-46488","chr16:18414999-18421000","chr16:18321142-18327143","","No Evidence for Triplosensitivity","https://search.clinicalgenome.org/kb/gene-dosage/region/ISCA-46488","2021-08-12T10:51:38-04:00"
"16p13.11 population region (gnomAD-SV_v2.1_DEL_16_152730)","ISCA-46487","chr16:16329599-16364350","chr16:16235742-16270493","","No Evidence for Triplosensitivity","https://search.clinicalgenome.org/kb/gene-dosage/region/ISCA-46487","2021-08-23T12:29:00-04:00"
"16p13.12 population region (gnomAD-SV_v2.1_DEL_16_152600)","ISCA-46485","chr16:14782999-14853150","chr16:14689142-14759293","","No Evidence for Triplosensitivity","https://search.clinicalgenome.org/kb/gene-dosage/region/ISCA-46485","2021-08-09T13:24:52-04:00"
" 16p13.12 population region (gnomAD-SV_v2.1_DEL_16_152599)","ISCA-46484","chr16:14782199-14805000","chr16:14688342-14711143","","No Evidence for Triplosensitivity","https://search.clinicalgenome.org/kb/gene-dosage/region/ISCA-46484","2021-08-09T13:25:22-04:00"
"16p13.3 population region (gnomAD-SV_v2.1_DEL_16_151010)","ISCA-46483","chr16:59999-65000","","","No Evidence for Triplosensitivity","https://search.clinicalgenome.org/kb/gene-dosage/region/ISCA-46483","2021-08-09T13:27:26-04:00"
"15q14 population region (gnomAD-SV_v2.1_DEL_15_146739)","ISCA-46482","chr15:34726357-34872885","chr15:34434156-34580684","","No Evidence for Triplosensitivity","https://search.clinicalgenome.org/kb/gene-dosage/region/ISCA-46482","2021-08-09T13:31:43-04:00"
"15q14 population region (gnomAD-SV_v2.1_DEL_15_146738)","ISCA-46481","chr15:34710126-34856557","chr15:34417925-34564356","","No Evidence for Triplosensitivity","https://search.clinicalgenome.org/kb/gene-dosage/region/ISCA-46481","2021-08-09T13:32:35-04:00"
"15q13.3 population region (gnomAD-SV_v2.1_DEL_15_146627)","ISCA-46480","chr15:32886199-32898000","chr15:32593998-32605799","","No Evidence for Triplosensitivity","https://search.clinicalgenome.org/kb/gene-dosage/region/ISCA-46480","2021-08-17T08:27:45-04:00"
"15q13.3 population region (gnomAD-SV_v2.1_DEL_15_146625)","ISCA-46479","chr15:32864999-32898000","chr15:32572798-32605799","","No Evidence for Triplosensitivity","https://search.clinicalgenome.org/kb/gene-dosage/region/ISCA-46479","2021-08-09T13:47:16-04:00"
"15q13.3 population region (gnomAD-SV_v2.1_DEL_15_146614)","ISCA-46478","chr15:32774999-32780000","chr15:32482798-32487799","","No Evidence for Triplosensitivity","https://search.clinicalgenome.org/kb/gene-dosage/region/ISCA-46478","2021-08-09T13:48:25-04:00"
"15q13.3 population region (gnomAD-SV_v2.1_DEL_15_146612)","ISCA-46477","chr15:32743999-32755100","chr15:32451798-32462899","","No Evidence for Triplosensitivity","https://search.clinicalgenome.org/kb/gene-dosage/region/ISCA-46477","2021-08-09T13:48:44-04:00"
"15q13.3 population region (gnomAD-SV_v2.1_DEL_15_146609)","ISCA-46476","chr15:32692999-32698000","chr15:32400798-32405799","","No Evidence for Triplosensitivity","https://search.clinicalgenome.org/kb/gene-dosage/region/ISCA-46476","2021-08-09T13:49:09-04:00"
"15q13.3 population region (gnomAD-SV_v2.1_DUP_15_39790)","ISCA-46475","chr15:32690774-32734250","chr15:32398573-32442049","No Evidence for Haploinsufficiency","","https://search.clinicalgenome.org/kb/gene-dosage/region/ISCA-46475","2021-08-09T13:49:29-04:00"
"15q13.2 population region (gnomAD-SV_v2.1_DEL_15_146467)","ISCA-46474","chr15:30847949-30883100","chr15:30555746-30590897","","No Evidence for Triplosensitivity","https://search.clinicalgenome.org/kb/gene-dosage/region/ISCA-46474","2021-08-17T08:12:57-04:00"
"15q13.2 population region (gnomAD-SV_v2.1_DEL_15_146464)","ISCA-46473","chr15:30825199-30853100","chr15:30532996-30560897","","No Evidence for Triplosensitivity","https://search.clinicalgenome.org/kb/gene-dosage/region/ISCA-46473","2021-08-17T08:12:25-04:00"
"15q13.2 population region (gnomAD-SV_v2.1_DEL_15_146452)","ISCA-46472","chr15:30692999-30725200","chr15:30400796-30432997","","No Evidence for Triplosensitivity","https://search.clinicalgenome.org/kb/gene-dosage/region/ISCA-46472","2021-08-17T08:11:36-04:00"
"15q13.2 population region (gnomAD-SV_v2.1_DEL_15_146453)","ISCA-46471","chr15:30432998-30883100","chr15:30140795-30590897","","No Evidence for Triplosensitivity","https://search.clinicalgenome.org/kb/gene-dosage/region/ISCA-46471","2021-08-09T13:53:04-04:00"
"15q13.2 population region (gnomAD-SV_v2.1_DEL_15_146428)","ISCA-46470","chr15:30381948-30438500","chr15:30089745-30146297","","No Evidence for Triplosensitivity","https://search.clinicalgenome.org/kb/gene-dosage/region/ISCA-46470","2021-08-09T13:53:31-04:00"
"15q11.2 population region (gnomAD-SV_v2.1_DEL_15_145837)","ISCA-46469","chr15:21042049-21056300","chr15:20836720-20850971","","No Evidence for Triplosensitivity","https://search.clinicalgenome.org/kb/gene-dosage/region/ISCA-46469","2021-08-09T14:03:42-04:00"
"15q11.2 population region (gnomAD-SV_v2.1_DEL_15_145826)","ISCA-46468","chr15:20729174-20745525","chr15:20523935-20540286","","No Evidence for Triplosensitivity","https://search.clinicalgenome.org/kb/gene-dosage/region/ISCA-46468","2021-08-09T14:04:39-04:00"
"14q11.2 population region (gnomAD-SV_v2.1_DEL_14_140616)","ISCA-46467","chr14:24467999-24474000","chr14:23998790-24004791","","No Evidence for Triplosensitivity","https://search.clinicalgenome.org/kb/gene-dosage/region/ISCA-46467","2021-08-09T14:07:26-04:00"
"12q12 population region (gnomAD-SV_v2.1_DEL_12_127735)","ISCA-46466","chr12:40874766-40876424","chr12:40480964-40482622","","No Evidence for Triplosensitivity","https://search.clinicalgenome.org/kb/gene-dosage/region/ISCA-46466","2021-08-09T14:15:43-04:00"
"12p11.23 population region (gnomAD-SV_v2.1_DEL_12_126677)","ISCA-46465","chr12:27648141-27655163","chr12:27495208-27502230","","No Evidence for Triplosensitivity","https://search.clinicalgenome.org/kb/gene-dosage/region/ISCA-46465","2021-08-09T14:21:13-04:00"
"12p13.2 population region (gnomAD-SV_v2.1_DEL_12_125610)","ISCA-46464","chr12:11225999-11250600","chr12:11073400-11098001","","No Evidence for Triplosensitivity","https://search.clinicalgenome.org/kb/gene-dosage/region/ISCA-46464","2021-08-09T14:27:08-04:00"
"12p13.2 population region (gnomAD-SV_v2.1_DEL_12_125568)","ISCA-46463","chr12:10581599-10587675","chr12:10429000-10435076","","No Evidence for Triplosensitivity","https://search.clinicalgenome.org/kb/gene-dosage/region/ISCA-46463","2021-08-09T14:28:36-04:00"
"12p13.2 population region (gnomAD-SV_v2.1_DEL_12_125567)","ISCA-46462","chr12:10581544-10597003","chr12:10428945-10444404","","No Evidence for Triplosensitivity","https://search.clinicalgenome.org/kb/gene-dosage/region/ISCA-46462","2021-08-09T14:28:45-04:00"
"12p13.31 population region (gnomAD-SV_v2.1_DUP_12_33971)","ISCA-46461","chr12:8361449-8390896","chr12:8208853-8238300","No Evidence for Haploinsufficiency","","https://search.clinicalgenome.org/kb/gene-dosage/region/ISCA-46461","2021-08-09T14:32:05-04:00"
"11q14.3 population region (gnomAD-SV_v2.1_DEL_11_121860)","ISCA-46460","chr11:89762999-89783400","chr11:90029831-90050232","","No Evidence for Triplosensitivity","https://search.clinicalgenome.org/kb/gene-dosage/region/ISCA-46460","2021-08-09T14:41:00-04:00"
"11q14.3 population region (gnomAD-SV_v2.1_DUP_11_33042)","ISCA-46459","chr11:89520077-89657031","chr11:89786909-89923863","No Evidence for Haploinsufficiency","","https://search.clinicalgenome.org/kb/gene-dosage/region/ISCA-46459","2021-08-09T14:42:24-04:00"
"11q11 population region (gnomAD-SV_v2.1_DEL_11_119564)","ISCA-46458","chr11:55364275-55444015","chr11:55596799-55676539","","No Evidence for Triplosensitivity","https://search.clinicalgenome.org/kb/gene-dosage/region/ISCA-46458","2021-08-09T14:47:56-04:00"
"11q11 population region (gnomAD-SV_v2.1_DEL_11_119505)","ISCA-46457","chr11:55031602-55038540","chr11:55264126-55271064","","No Evidence for Triplosensitivity","https://search.clinicalgenome.org/kb/gene-dosage/region/ISCA-46457","2021-08-09T14:48:22-04:00"
"11p15.4 population region (gnomAD-SV_v2.1_DEL_11_116241)","ISCA-46456","chr11:7811175-7833378","chr11:7789628-7811831","","No Evidence for Triplosensitivity","https://search.clinicalgenome.org/kb/gene-dosage/region/ISCA-46456","2021-08-10T08:21:52-04:00"
"11p15.4 population region (gnomAD-SV_v2.1_DEL_11_116124)","ISCA-46455","chr11:5873988-5883493","chr11:5852758-5862263","","No Evidence for Triplosensitivity","https://search.clinicalgenome.org/kb/gene-dosage/region/ISCA-46455","2021-08-10T08:22:03-04:00"
"11p15.4 population region (gnomAD-SV_v2.1_DEL_11_116046)","ISCA-46454","chr11:4967746-4976658","chr11:4946516-4955428","","No Evidence for Triplosensitivity","https://search.clinicalgenome.org/kb/gene-dosage/region/ISCA-46454","2021-08-10T08:22:13-04:00"
"10q22.3 population region (gnomAD-SV_v2.1_DEL_10_112166)","ISCA-46453","chr10:81604499-81610800","chr10:79844743-79851044","","No Evidence for Triplosensitivity","https://search.clinicalgenome.org/kb/gene-dosage/region/ISCA-46453","2021-08-10T08:25:20-04:00"
"10q11.23 population region (gnomAD-SV_v2.1_DEL_10_110230)","ISCA-46452","chr10:51973199-51981300","chr10:50213439-50221540","","No Evidence for Triplosensitivity","https://search.clinicalgenome.org/kb/gene-dosage/region/ISCA-46452","2021-08-10T08:29:33-04:00"
"10q11.23 population region (gnomAD-SV_v2.1_DEL_10_110229)","ISCA-46451","chr10:51967199-51974400","chr10:50207439-50214640","","No Evidence for Triplosensitivity","https://search.clinicalgenome.org/kb/gene-dosage/region/ISCA-46451","2021-08-10T08:29:45-04:00"
"10q11.23 population region (gnomAD-SV_v2.1_DEL_10_110225)","ISCA-46450","chr10:51861999-51894650","chr10:50102239-50134890","","No Evidence for Triplosensitivity","https://search.clinicalgenome.org/kb/gene-dosage/region/ISCA-46450","2021-08-10T08:30:17-04:00"
"10q11.23 population region (gnomAD-SV_v2.1_DEL_10_110224)","ISCA-46449","chr10:51858299-51864600","chr10:50098539-50104840","","No Evidence for Triplosensitivity","https://search.clinicalgenome.org/kb/gene-dosage/region/ISCA-46449","2021-08-10T08:30:42-04:00"
"10q11.23 population region (gnomAD-SV_v2.1_DEL_10_110223)","ISCA-46448","chr10:51851849-51857400","chr10:50092089-50097640","","No Evidence for Triplosensitivity","https://search.clinicalgenome.org/kb/gene-dosage/region/ISCA-46448","2021-08-10T08:30:57-04:00"
"10q11.23 population region (gnomAD-SV_v2.1_DEL_10_110222)","ISCA-46447","chr10:51845699-51850800","chr10:50085939-50091040","","No Evidence for Triplosensitivity","https://search.clinicalgenome.org/kb/gene-dosage/region/ISCA-46447","2021-08-10T08:31:08-04:00"
"10q11.23 population region (gnomAD-SV_v2.1_DEL_10_110221)","ISCA-46446","chr10:51839699-51845100","chr10:50079939-50085340","","No Evidence for Triplosensitivity","https://search.clinicalgenome.org/kb/gene-dosage/region/ISCA-46446","2021-08-10T08:31:23-04:00"
"10q11.23 population region (gnomAD-SV_v2.1_DEL_10_110193)","ISCA-46445","chr10:51219499-51231000","chr10:73668724-73680225","","No Evidence for Triplosensitivity","https://search.clinicalgenome.org/kb/gene-dosage/region/ISCA-46445","2021-08-10T08:31:40-04:00"
"10q11.22 population region (gnomAD-SV_v2.1_DEL_10_110072)","ISCA-46444","chr10:48806124-48812000","chr10:46933236-46939112","","No Evidence for Triplosensitivity","https://search.clinicalgenome.org/kb/gene-dosage/region/ISCA-46444","2021-08-10T08:37:19-04:00"
"10q11.22 population region (gnomAD-SV_v2.1_DEL_10_110044)","ISCA-46443","chr10:48251999-48258000","chr10:47487361-47493362","","No Evidence for Triplosensitivity","https://search.clinicalgenome.org/kb/gene-dosage/region/ISCA-46443","2021-08-10T08:38:25-04:00"
"10q11.22 population region (gnomAD-SV_v2.1_DEL_10_110043)","ISCA-46442","chr10:48239999-48247800","chr10:47499361-47507162","","No Evidence for Triplosensitivity","https://search.clinicalgenome.org/kb/gene-dosage/region/ISCA-46442","2021-08-10T08:38:38-04:00"
"10q11.22 population region (gnomAD-SV_v2.1_DEL_10_110040)","ISCA-46441","chr10:48197999-48248000","chr10:46798971-46848972","","No Evidence for Triplosensitivity","https://search.clinicalgenome.org/kb/gene-dosage/region/ISCA-46441","2021-08-10T08:41:40-04:00"
"10q11.22 population region (gnomAD-SV_v2.1_DEL_10_110031)","ISCA-46440","chr10:48020299-48039225","chr10:50205831-50224757","","No Evidence for Triplosensitivity","https://search.clinicalgenome.org/kb/gene-dosage/region/ISCA-46440","2021-08-10T08:48:37-04:00"
"10q11.22 population region (gnomAD-SV_v2.1_DEL_10_110022)","ISCA-46439","chr10:47932799-47938200","chr10:50116898-50122299","","No Evidence for Triplosensitivity","https://search.clinicalgenome.org/kb/gene-dosage/region/ISCA-46439","2021-08-10T08:48:54-04:00"
"10q11.22 population region (gnomAD-SV_v2.1_DEL_10_110021)","ISCA-46438","chr10:47927849-47935000","chr10:50111946-50119097","","No Evidence for Triplosensitivity","https://search.clinicalgenome.org/kb/gene-dosage/region/ISCA-46438","2021-08-10T08:53:15-04:00"
"10q11.22 population region (gnomAD-SV_v2.1_DEL_10_110019)","ISCA-46437","chr10:47896499-47919300","chr10:50080601-50103402","","No Evidence for Triplosensitivity","https://search.clinicalgenome.org/kb/gene-dosage/region/ISCA-46437","2021-08-10T08:49:46-04:00"
"10q11.22 population region (gnomAD-SV_v2.1_DEL_10_110016)","ISCA-46436","chr10:47748899-47754600","chr10:46377639-46383340","","No Evidence for Triplosensitivity","https://search.clinicalgenome.org/kb/gene-dosage/region/ISCA-46436","2021-08-10T08:50:07-04:00"
"10q11.22 population region (gnomAD-SV_v2.1_DEL_10_110001)","ISCA-46435","chr10:47211299-47216400","chr10:48029382-48034483","","No Evidence for Triplosensitivity","https://search.clinicalgenome.org/kb/gene-dosage/region/ISCA-46435","2021-08-10T08:50:26-04:00"
"10q11.22 population region (gnomAD-SV_v2.1_DEL_10_110000)","ISCA-46434","chr10:47191199-47201400","chr10:48009306-48019507","","No Evidence for Triplosensitivity","https://search.clinicalgenome.org/kb/gene-dosage/region/ISCA-46434","2021-08-10T08:51:10-04:00"
"10q11.22 population region (gnomAD-SV_v2.1_DEL_10_109999)","ISCA-46433","chr10:47177699-47182800","chr10:46373069-46378170","","No Evidence for Triplosensitivity","https://search.clinicalgenome.org/kb/gene-dosage/region/ISCA-46433","2021-08-10T08:53:21-04:00"
"10q11.22 population region (gnomAD-SV_v2.1_DEL_10_109998)","ISCA-46432","chr10:47171999-47177000","chr10:46377769-46382770","","No Evidence for Triplosensitivity","https://search.clinicalgenome.org/kb/gene-dosage/region/ISCA-46432","2021-08-10T08:52:18-04:00"
"10q11.22 population region (gnomAD-SV_v2.1_DEL_10_109958)","ISCA-46431","chr10:46338599-46375000","chr10:45843151-45879552","","No Evidence for Triplosensitivity","https://search.clinicalgenome.org/kb/gene-dosage/region/ISCA-46431","2021-08-10T08:52:34-04:00"
"10q11.22 population region (gnomAD-SV_v2.1_DEL_10_109954)","ISCA-46430","chr10:46310649-46325800","chr10:45815201-45830352","","No Evidence for Triplosensitivity","https://search.clinicalgenome.org/kb/gene-dosage/region/ISCA-46430","2021-08-10T08:52:53-04:00"
"10p12.33 population region (gnomAD-SV_v2.1_DEL_10_108289)","ISCA-46429","chr10:18126899-18135000","chr10:17837946-17846047","","No Evidence for Triplosensitivity","https://search.clinicalgenome.org/kb/gene-dosage/region/ISCA-46429","2021-08-10T15:43:34-04:00"
"10p12.33 population region (gnomAD-SV_v2.1_DEL_10_108288)","ISCA-46428","chr10:18117799-18130100","chr10:17828846-17841147","","No Evidence for Triplosensitivity","https://search.clinicalgenome.org/kb/gene-dosage/region/ISCA-46428","2021-08-10T15:43:45-04:00"
"10p12.33 population region (gnomAD-SV_v2.1_DEL_10_108283)","ISCA-46427","chr10:17879999-17893800","chr10:17838000-17851801","","No Evidence for Triplosensitivity","https://search.clinicalgenome.org/kb/gene-dosage/region/ISCA-46427","2021-08-10T15:44:15-04:00"
"10p12.33 population region (gnomAD-SV_v2.1_DEL_10_108282)","ISCA-46426","chr10:17867999-17880000","chr10:17826000-17838001","","No Evidence for Triplosensitivity","https://search.clinicalgenome.org/kb/gene-dosage/region/ISCA-46426","2021-08-10T15:44:26-04:00"
"9q34.3 population region (gnomAD-SV_v2.1_DEL_9_106704)","ISCA-46425","chr9:138936849-138944500","chr9:136045003-136052654","","No Evidence for Triplosensitivity","https://search.clinicalgenome.org/kb/gene-dosage/region/ISCA-46425","2021-08-10T15:45:17-04:00"
"9q31.2 population region (gnomAD-SV_v2.1_DEL_9_104809)","ISCA-46424","chr9:110537534-110540595","chr9:107775253-107778314","","No Evidence for Triplosensitivity","https://search.clinicalgenome.org/kb/gene-dosage/region/ISCA-46424","2021-08-10T15:45:53-04:00"
"9q21.11 population region (gnomAD-SV_v2.1_DUP_9_27462)","ISCA-46423","chr9:70631499-70655275","chr9:41373825-41397601","No Evidence for Haploinsufficiency","","https://search.clinicalgenome.org/kb/gene-dosage/region/ISCA-46423","2021-08-17T08:15:37-04:00"
"9q21.11 population region (gnomAD-SV_v2.1_DUP_9_27460)","ISCA-46422","chr9:70557057-70693525","chr9:41447948-41584416","No Evidence for Haploinsufficiency","","https://search.clinicalgenome.org/kb/gene-dosage/region/ISCA-46422","2021-08-10T15:47:48-04:00"
"9q21.11 population region (gnomAD-SV_v2.1_DEL_9_102461)","ISCA-46421","chr9:69418924-69435100","chr9:64406506-64422682","","No Evidence for Triplosensitivity","https://search.clinicalgenome.org/kb/gene-dosage/region/ISCA-46421","2021-08-10T15:48:10-04:00"
"9q21.11 population region (gnomAD-SV_v2.1_DEL_9_102460)","ISCA-46420","chr9:69398749-69405200","chr9:64386331-64392782","","No Evidence for Triplosensitivity","https://search.clinicalgenome.org/kb/gene-dosage/region/ISCA-46420","2021-08-10T15:48:20-04:00"
"9q21.11 population region (gnomAD-SV_v2.1_DEL_9_102459)","ISCA-46419","chr9:69375499-69388225","chr9:64363081-64375807","","No Evidence for Triplosensitivity","https://search.clinicalgenome.org/kb/gene-dosage/region/ISCA-46419","2021-08-10T15:48:30-04:00"
"9q13 population region (gnomAD-SV_v2.1_DEL_9_102391)","ISCA-46418","chr9:67954499-67986500","chr9:67887053-67919054","","No Evidence for Triplosensitivity","https://search.clinicalgenome.org/kb/gene-dosage/region/ISCA-46418","2021-08-10T15:57:08-04:00"
"9q12 population region (gnomAD-SV_v2.1_DEL_9_102303)","ISCA-46417","chr9:65496999-65509000","chr9:39368304-39380305","","No Evidence for Triplosensitivity","https://search.clinicalgenome.org/kb/gene-dosage/region/ISCA-46417","2021-08-11T15:27:14-04:00"
"9p11.1 population region (gnomAD-SV_v2.1_DEL_9_102297)","ISCA-46416","chr9:47307099-47317679","chr9:41901558-41912138","","No Evidence for Triplosensitivity","https://search.clinicalgenome.org/kb/gene-dosage/region/ISCA-46416","2021-08-11T15:28:49-04:00"
"9p11.2 population region (gnomAD-SV_v2.1_DEL_9_102296)","ISCA-46415","chr9:47298999-47304000","chr9:41893458-41898459","","No Evidence for Triplosensitivity","https://search.clinicalgenome.org/kb/gene-dosage/region/ISCA-46415","2021-08-11T15:47:14-04:00"
"9p11.2 population region (gnomAD-SV_v2.1_DEL_9_102294)","ISCA-46414","chr9:47281174-47300125","chr9:41875633-41894584","","No Evidence for Triplosensitivity","https://search.clinicalgenome.org/kb/gene-dosage/region/ISCA-46414","2021-08-11T15:47:29-04:00"
"9p11.2 population region (gnomAD-SV_v2.1_DEL_9_102236)","ISCA-46413","chr9:46366999-46389000","chr9:67701487-67723488","","No Evidence for Triplosensitivity","https://search.clinicalgenome.org/kb/gene-dosage/region/ISCA-46413","2021-08-11T15:48:00-04:00"
"9p11.2 population region (gnomAD-SV_v2.1_DEL_9_102187)","ISCA-46412","chr9:45728849-45746725","chr9:67724915-67742791","","No Evidence for Triplosensitivity","https://search.clinicalgenome.org/kb/gene-dosage/region/ISCA-46412","2021-08-11T15:48:23-04:00"
"9p11.2 population region (gnomAD-SV_v2.1_DEL_9_102099)","ISCA-46411","chr9:44399899-44405000","chr9:42571218-42576319","","No Evidence for Triplosensitivity","https://search.clinicalgenome.org/kb/gene-dosage/region/ISCA-46411","2021-08-17T08:16:28-04:00"
"9p11.2 population region (gnomAD-SV_v2.1_DEL_9_102097)","ISCA-46410","chr9:44391999-44411000","chr9:42579118-42598119","","No Evidence for Triplosensitivity","https://search.clinicalgenome.org/kb/gene-dosage/region/ISCA-46410","2021-08-11T15:48:45-04:00"
"9p11.2 population region (gnomAD-SV_v2.1_DEL_9_102096)","ISCA-46409","chr9:44388999-44470300","chr9:42712222-42793523","","No Evidence for Triplosensitivity","https://search.clinicalgenome.org/kb/gene-dosage/region/ISCA-46409","2021-08-11T15:48:59-04:00"
"9p11.2 population region (gnomAD-SV_v2.1_DEL_9_102085)","ISCA-46408","chr9:44313499-44331000","chr9:42657618-42675119","","No Evidence for Triplosensitivity","https://search.clinicalgenome.org/kb/gene-dosage/region/ISCA-46408","2021-08-17T08:17:09-04:00"
"9p11.2 population region (gnomAD-SV_v2.1_DEL_9_102049)","ISCA-46407","chr9:43915599-43920850","chr9:67288703-67293954","","No Evidence for Triplosensitivity","https://search.clinicalgenome.org/kb/gene-dosage/region/ISCA-46407","2021-08-11T15:49:33-04:00"
"9p11.2 population region (gnomAD-SV_v2.1_DEL_9_102048)","ISCA-46406","chr9:43902774-43914325","chr9:61055297-61066848","","No Evidence for Triplosensitivity","https://search.clinicalgenome.org/kb/gene-dosage/region/ISCA-46406","2021-08-11T15:49:47-04:00"
"9p11.2 population region (gnomAD-SV_v2.1_DEL_9_102047)","ISCA-46405","chr9:43870599-43899100","chr9:61087440-61115941","","No Evidence for Triplosensitivity","https://search.clinicalgenome.org/kb/gene-dosage/region/ISCA-46405","2021-08-11T15:49:59-04:00"
"9p11.2 population region (gnomAD-SV_v2.1_DEL_9_102046)","ISCA-46404","chr9:43870599-43876000","chr9:61087440-61092841","","No Evidence for Triplosensitivity","https://search.clinicalgenome.org/kb/gene-dosage/region/ISCA-46404","2021-08-17T08:17:42-04:00"
"9p11.2 population region (gnomAD-SV_v2.1_DEL_9_102043)","ISCA-46403","chr9:43800749-43849800","chr9:67173745-67222796","","No Evidence for Triplosensitivity","https://search.clinicalgenome.org/kb/gene-dosage/region/ISCA-46403","2021-08-11T15:50:12-04:00"
"9p11.2 population region (gnomAD-SV_v2.1_DEL_9_102042)","ISCA-46402","chr9:43795899-43804300","chr9:67168889-67177290","","No Evidence for Triplosensitivity","https://search.clinicalgenome.org/kb/gene-dosage/region/ISCA-46402","2021-08-11T15:50:27-04:00"
"9p11.2 population region (gnomAD-SV_v2.1_DEL_9_102036)","ISCA-46401","chr9:43733799-43739000","chr9:67106870-67112071","","No Evidence for Triplosensitivity","https://search.clinicalgenome.org/kb/gene-dosage/region/ISCA-46401","2021-08-17T08:19:14-04:00"
"9p11.2 population region (gnomAD-SV_v2.1_DEL_9_102035)","ISCA-46400","chr9:43723999-43739000","chr9:67097078-67112079","","No Evidence for Triplosensitivity","https://search.clinicalgenome.org/kb/gene-dosage/region/ISCA-46400","2021-08-11T15:50:43-04:00"
"9p11.2 population region (gnomAD-SV_v2.1_DEL_9_102032)","ISCA-46399","chr9:43708999-43728000","chr9:67082041-67101042","","No Evidence for Triplosensitivity","https://search.clinicalgenome.org/kb/gene-dosage/region/ISCA-46399","2021-08-17T08:19:26-04:00"
"9p11.2 population region (gnomAD-SV_v2.1_DEL_9_102027)","ISCA-46398","chr9:43628499-43647400","chr9:61192272-61211173","","No Evidence for Triplosensitivity","https://search.clinicalgenome.org/kb/gene-dosage/region/ISCA-46398","2021-08-17T08:19:57-04:00"
"9p11.2 population region (gnomAD-SV_v2.1_DEL_9_102025)","ISCA-46397","chr9:43623999-43631000","chr9:61196784-61203785","","No Evidence for Triplosensitivity","https://search.clinicalgenome.org/kb/gene-dosage/region/ISCA-46397","2021-08-17T08:20:37-04:00"
"9p11.2 population region (gnomAD-SV_v2.1_DEL_9_102024)","ISCA-46396","chr9:43622999-43708000","chr9:61197782-61282783","","No Evidence for Triplosensitivity","https://search.clinicalgenome.org/kb/gene-dosage/region/ISCA-46396","2021-08-11T15:51:30-04:00"
"9p12 population region (gnomAD-SV_v2.1_DEL_9_101967)","ISCA-46395","chr9:42363999-42374800","chr9:40218981-40229782","","No Evidence for Triplosensitivity","https://search.clinicalgenome.org/kb/gene-dosage/region/ISCA-46395","2021-08-11T15:58:49-04:00"
"9p12 population region (gnomAD-SV_v2.1_DEL_9_101925)","ISCA-46394","chr9:41499999-41507000","chr9:60913727-60920728","","No Evidence for Triplosensitivity","https://search.clinicalgenome.org/kb/gene-dosage/region/ISCA-46394","2021-08-11T15:59:19-04:00"
"9p12 population region (gnomAD-SV_v2.1_DEL_9_101915)","ISCA-46393","chr9:41322999-41329000","chr9:42187993-42193994","","No Evidence for Triplosensitivity","https://search.clinicalgenome.org/kb/gene-dosage/region/ISCA-46393","2021-08-11T16:00:38-04:00"
"9p13.1 population region (gnomAD-SV_v2.1_DEL_9_101840)","ISCA-46392","chr9:40024899-40031800","chr9:67289628-67296529","","No Evidence for Triplosensitivity","https://search.clinicalgenome.org/kb/gene-dosage/region/ISCA-46392","2021-08-11T16:01:29-04:00"
"9p24.3 population region (gnomAD-SV_v2.1_DUP_9_26178)","ISCA-46391","chr9:111999-126000","chr9:111999-126000","No Evidence for Haploinsufficiency","","https://search.clinicalgenome.org/kb/gene-dosage/region/ISCA-46391","2021-08-11T16:04:30-04:00"
"8q24.3 population region (gnomAD-SV_v2.1_DEL_8_98285)","ISCA-46390","chr8:145479999-145502750","chr8:144256043-144278794","","No Evidence for Triplosensitivity","https://search.clinicalgenome.org/kb/gene-dosage/region/ISCA-46390","2021-08-17T08:21:51-04:00"
"8q24.3 population region (gnomAD-SV_v2.1_DEL_8_98283)","ISCA-46389","chr8:145312849-145332400","chr8:144257946-144277497","","No Evidence for Triplosensitivity","https://search.clinicalgenome.org/kb/gene-dosage/region/ISCA-46389","2021-08-11T16:06:53-04:00"
"8p23.1 population region (gnomAD-SV_v2.1_DEL_8_89725)","ISCA-46388","chr8:12291199-12311050","chr8:12433690-12453541","","No Evidence for Triplosensitivity","https://search.clinicalgenome.org/kb/gene-dosage/region/ISCA-46388","2021-08-11T16:44:52-04:00"
"8p23.1 population region (gnomAD-SV_v2.1_DUP_8_23819)","ISCA-46387","chr8:12251799-12297400","chr8:12394290-12439891","No Evidence for Haploinsufficiency","","https://search.clinicalgenome.org/kb/gene-dosage/region/ISCA-46387","2021-08-11T16:45:06-04:00"
"8p23.1 population region (gnomAD-SV_v2.1_DEL_8_89706)","ISCA-46386","chr8:11961999-11968000","chr8:12104490-12110491","","No Evidence for Triplosensitivity","https://search.clinicalgenome.org/kb/gene-dosage/region/ISCA-46386","2021-08-11T16:45:39-04:00"
"8p23.1 population region (gnomAD-SV_v2.1_DEL_8_89703)","ISCA-46385","chr8:11903999-11926000","chr8:12046490-12068491","","No Evidence for Triplosensitivity","https://search.clinicalgenome.org/kb/gene-dosage/region/ISCA-46385","2021-08-11T16:46:07-04:00"
"8p23.1 population region (gnomAD-SV_v2.1_DEL_8_89357)","ISCA-46384","chr8:7806249-7812100","chr8:7948727-7954578","","No Evidence for Triplosensitivity","https://search.clinicalgenome.org/kb/gene-dosage/region/ISCA-46384","2021-08-11T16:46:36-04:00"
"8p23.1 population region (gnomAD-SV_v2.1_DEL_8_89356)","ISCA-46383","chr8:7798999-7824100","chr8:7941477-7966578","","No Evidence for Triplosensitivity","https://search.clinicalgenome.org/kb/gene-dosage/region/ISCA-46383","2021-08-11T16:47:01-04:00"
"8p23.1 population region (gnomAD-SV_v2.1_DEL_8_89355)","ISCA-46382","chr8:7744999-7754100","chr8:7887477-7896578","","No Evidence for Triplosensitivity","https://search.clinicalgenome.org/kb/gene-dosage/region/ISCA-46382","2021-08-11T16:47:35-04:00"
"8p23.1 population region (gnomAD-SV_v2.1_DUP_8_23708)","ISCA-46381","chr8:7736999-7743100","chr8:7879477-7885578","No Evidence for Haploinsufficiency","","https://search.clinicalgenome.org/kb/gene-dosage/region/ISCA-46381","2021-08-17T08:28:46-04:00"
"8p23.1 population region (gnomAD-SV_v2.1_DEL_8_89353)","ISCA-46380","chr8:7736499-7764500","chr8:7878977-7906978","","No Evidence for Triplosensitivity","https://search.clinicalgenome.org/kb/gene-dosage/region/ISCA-46380","2021-08-11T16:48:24-04:00"
"8p23.3 population region (gnomAD-SV_v2.1_DEL_8_88408)","ISCA-46379","chr8:116099-129200","chr8:166099-179200","","No Evidence for Triplosensitivity","https://search.clinicalgenome.org/kb/gene-dosage/region/ISCA-46379","2021-08-11T16:54:31-04:00"
"8p23.3 population region (gnomAD-SV_v2.1_DEL_8_88399)","ISCA-46378","chr8:25899-33100","chr8:75899-83100","","No Evidence for Triplosensitivity","https://search.clinicalgenome.org/kb/gene-dosage/region/ISCA-46378","2021-08-11T16:54:13-04:00"
"7q35 population region (gnomAD-SV_v2.1_DEL_7_87112)","ISCA-46377","chr7:143408999-143417500","chr7:143711906-143720407","","No Evidence for Triplosensitivity","https://search.clinicalgenome.org/kb/gene-dosage/region/ISCA-46377","2021-08-11T16:55:47-04:00"
"7q34 population region (gnomAD-SV_v2.1_DEL_7_87016)","ISCA-46376","chr7:141765424-141794499","chr7:142065624-142094699","","No Evidence for Triplosensitivity","https://search.clinicalgenome.org/kb/gene-dosage/region/ISCA-46376","2021-08-11T16:57:23-04:00"
"7q34 population region (gnomAD-SV_v2.1_DEL_7_87015)","ISCA-46375","chr7:141754993-141780979","chr7:142055193-142081179","","No Evidence for Triplosensitivity","https://search.clinicalgenome.org/kb/gene-dosage/region/ISCA-46375","2021-08-11T16:57:11-04:00"
"7q22.1 population region (gnomAD-SV_v2.1_DEL_7_84412)","ISCA-46374","chr7:102300999-102331000","chr7:102660552-102690553","","No Evidence for Triplosensitivity","https://search.clinicalgenome.org/kb/gene-dosage/region/ISCA-46374","2021-08-12T08:34:50-04:00"
"7q22.1 population region (gnomAD-SV_v2.1_DEL_7_84190)","ISCA-46373","chr7:99461390-99463562","chr7:99863767-99865939","","No Evidence for Triplosensitivity","https://search.clinicalgenome.org/kb/gene-dosage/region/ISCA-46373","2021-08-12T08:35:42-04:00"
"7q11.23 population region (gnomAD-SV_v2.1_DEL_7_82638)","ISCA-46372","chr7:74468999-74476300","chr7:75054892-75062193","","No Evidence for Triplosensitivity","https://search.clinicalgenome.org/kb/gene-dosage/region/ISCA-46372","2021-08-12T08:40:05-04:00"
"7q11.23 population region (gnomAD-SV_v2.1_DEL_7_82637)","ISCA-46371","chr7:74452999-74459200","chr7:75038895-75045096","","No Evidence for Triplosensitivity","https://search.clinicalgenome.org/kb/gene-dosage/region/ISCA-46371","2021-08-12T08:40:18-04:00"
"7q11.23 population region (gnomAD-SV_v2.1_DEL_7_82636)","ISCA-46370","chr7:74420999-74428000","chr7:75006833-75013834","","No Evidence for Triplosensitivity","https://search.clinicalgenome.org/kb/gene-dosage/region/ISCA-46370","2021-08-12T08:40:44-04:00"
"7q11.23 population region (gnomAD-SV_v2.1_DEL_7_82621)","ISCA-46369","chr7:74223499-74230000","chr7:74809162-74815663","","No Evidence for Triplosensitivity","https://search.clinicalgenome.org/kb/gene-dosage/region/ISCA-46369","2021-08-12T08:41:09-04:00"
"7q11.21 population region (gnomAD-SV_v2.1_DEL_7_81890)","ISCA-46368","chr7:65110999-65144000","chr7:65646085-65679086","","No Evidence for Triplosensitivity","https://search.clinicalgenome.org/kb/gene-dosage/region/ISCA-46368","2021-08-12T08:46:25-04:00"
"7p22.1 population region (gnomAD-SV_v2.1_DEL_7_77893)","ISCA-46367","chr7:6818999-6827200","chr7:6779368-6787569","","No Evidence for Triplosensitivity","https://search.clinicalgenome.org/kb/gene-dosage/region/ISCA-46367","2021-08-12T08:48:57-04:00"
"7p22.1 population region (gnomAD-SV_v2.1_DEL_7_77769)","ISCA-46366","chr7:5976999-5982000","chr7:5937368-5942369","","No Evidence for Triplosensitivity","https://search.clinicalgenome.org/kb/gene-dosage/region/ISCA-46366","2021-08-12T08:49:20-04:00"
"7p22.1 population region (gnomAD-SV_v2.1_DEL_7_77765)","ISCA-46365","chr7:5940999-5953000","chr7:5901368-5913369","","No Evidence for Triplosensitivity","https://search.clinicalgenome.org/kb/gene-dosage/region/ISCA-46365","2021-08-12T08:49:47-04:00"
"5q35.3 population region (gnomAD-SV_v2.1_DEL_5_65880)","ISCA-46364","chr5:180787999-180857000","chr5:181360998-181429999","","No Evidence for Triplosensitivity","https://search.clinicalgenome.org/kb/gene-dosage/region/ISCA-46364","2021-08-12T09:48:34-04:00"
"5q35.3 population region (gnomAD-SV_v2.1_DEL_5_65831)","ISCA-46363","chr5:180375131-180430626","chr5:180948131-181003626","","No Evidence for Triplosensitivity","https://search.clinicalgenome.org/kb/gene-dosage/region/ISCA-46363","2021-08-12T09:49:09-04:00"
"5q31.3 population region (gnomAD-SV_v2.1_DEL_5_63328)","ISCA-46362","chr5:140222136-140238931","chr5:140842551-140859346","","No Evidence for Triplosensitivity","https://search.clinicalgenome.org/kb/gene-dosage/region/ISCA-46362","2021-08-12T09:50:09-04:00"
"5q13.2 population region (gnomAD-SV_v2.1_DEL_5_58900)","ISCA-46361","chr5:70326999-70335700","chr5:71031172-71039873","","No Evidence for Triplosensitivity","https://search.clinicalgenome.org/kb/gene-dosage/region/ISCA-46361","2021-08-12T09:55:24-04:00"
"5q13.2 population region (gnomAD-SV_v2.1_DUP_5_15442)","ISCA-46360","chr5:70324499-70404000","chr5:71028672-71108173","No Evidence for Haploinsufficiency","","https://search.clinicalgenome.org/kb/gene-dosage/region/ISCA-46360","2021-08-12T09:55:41-04:00"
"5q13.2 population region (gnomAD-SV_v2.1_DEL_5_58897)","ISCA-46359","chr5:70312999-70365100","chr5:71017172-71069273","","No Evidence for Triplosensitivity","https://search.clinicalgenome.org/kb/gene-dosage/region/ISCA-46359","2021-08-12T09:56:03-04:00"
"5q13.2 population region (gnomAD-SV_v2.1_DUP_5_15350)","ISCA-46358","chr5:69305399-69369100","chr5:70009572-70073273","No Evidence for Haploinsufficiency","","https://search.clinicalgenome.org/kb/gene-dosage/region/ISCA-46358","2021-08-12T09:56:26-04:00"
"4q13.3 population region (gnomAD-SV_v2.1_DEL_4_46753)","ISCA-46357","chr4:75483999-75493000","chr4:74448523-74457524","","No Evidence for Triplosensitivity","https://search.clinicalgenome.org/kb/gene-dosage/region/ISCA-46357","2021-08-12T10:05:16-04:00"
"4q13.3 population region (gnomAD-SV_v2.1_DEL_4_46744)","ISCA-46356","chr4:75315999-75323000","chr4:74450282-74457283","","No Evidence for Triplosensitivity","https://search.clinicalgenome.org/kb/gene-dosage/region/ISCA-46356","2021-08-12T10:05:27-04:00"
"4q13.2 population region (gnomAD-SV_v2.1_DEL_4_46404)","ISCA-46355","chr4:70152039-70261334","chr4:69286321-69395616","","No Evidence for Triplosensitivity","https://search.clinicalgenome.org/kb/gene-dosage/region/ISCA-46355","2021-08-12T10:10:11-04:00"
"4q13.2 population region (gnomAD-SV_v2.1_DEL_4_46401)","ISCA-46354","chr4:70138063-70247165","chr4:69272345-69381447","","No Evidence for Triplosensitivity","https://search.clinicalgenome.org/kb/gene-dosage/region/ISCA-46354","2021-08-12T10:09:57-04:00"
"4q13.2 population region (gnomAD-SV_v2.1_DEL_4_46399)","ISCA-46353","chr4:70126481-70235359","chr4:69260763-69369641","","No Evidence for Triplosensitivity","https://search.clinicalgenome.org/kb/gene-dosage/region/ISCA-46353","2021-08-12T10:10:37-04:00"
"4q13.2 population region (gnomAD-SV_v2.1_DEL_4_46398)","ISCA-46352","chr4:70123999-70171300","chr4:69258281-69305582","","No Evidence for Triplosensitivity","https://search.clinicalgenome.org/kb/gene-dosage/region/ISCA-46352","2021-08-06T16:28:37-04:00"
"4q13.2 population region (gnomAD-SV_v2.1_DEL_4_46396)","ISCA-46351","chr4:70123650-70232337","chr4:69257932-69366619","","No Evidence for Triplosensitivity","https://search.clinicalgenome.org/kb/gene-dosage/region/ISCA-46351","2021-08-06T16:28:05-04:00"
"3p12.3 population region (gnomAD-SV_v2.1_DEL_3_33722)","ISCA-46350","chr3:75767999-75796000","chr3:75718848-75746849","","No Evidence for Triplosensitivity","https://search.clinicalgenome.org/kb/gene-dosage/region/ISCA-46350","2021-08-06T16:26:00-04:00"
"2q21.2 population region (gnomAD-SV_v2.1_DUP_2_6167)","ISCA-46349","chr2:132853576-133213563","chr2:132096003-132455990","No Evidence for Haploinsufficiency","","https://search.clinicalgenome.org/kb/gene-dosage/region/ISCA-46349","2021-08-06T16:24:59-04:00"
"2q21.2 population region (gnomAD-SV_v2.1_DEL_2_22275)","ISCA-46348","chr2:132519999-132529000","chr2:131762426-131771427","","No Evidence for Triplosensitivity","https://search.clinicalgenome.org/kb/gene-dosage/region/ISCA-46348","2021-08-06T16:24:26-04:00"
"2q21.1 population region (gnomAD-SV_v2.1_DEL_2_22163)","ISCA-46347","chr2:131412799-131430000","chr2:130655226-130672427","","No Evidence for Triplosensitivity","https://search.clinicalgenome.org/kb/gene-dosage/region/ISCA-46347","2021-08-06T16:23:50-04:00"
"2q21.1 population region (gnomAD-SV_v2.1_DEL_2_22156)","ISCA-46346","chr2:131248899-131254600","chr2:130491326-130497027","","No Evidence for Triplosensitivity","https://search.clinicalgenome.org/kb/gene-dosage/region/ISCA-46346","2021-08-06T16:23:18-04:00"
"2q21.1 population region (gnomAD-SV_v2.1_DEL_2_22155)","ISCA-46345","chr2:131236999-131242000","chr2:130479426-130484427","","No Evidence for Triplosensitivity","https://search.clinicalgenome.org/kb/gene-dosage/region/ISCA-46345","2021-08-06T16:22:59-04:00"
"2q21.1 population region (gnomAD-SV_v2.1_DEL_2_22135)","ISCA-46344","chr2:130954938-130957387","chr2:130197365-130199814","","No Evidence for Triplosensitivity","https://search.clinicalgenome.org/kb/gene-dosage/region/ISCA-46344","2021-08-06T16:22:31-04:00"
"2q21.1 population region (gnomAD-SV_v2.1_DEL_2_22133)","ISCA-46343","chr2:130953999-130959000","chr2:130196426-130201427","","No Evidence for Triplosensitivity","https://search.clinicalgenome.org/kb/gene-dosage/region/ISCA-46343","2021-08-06T16:22:12-04:00"
"2p11.2 population region (gnomAD-SV_v2.1_DEL_2_19888)","ISCA-46342","chr2:87242199-87253600","chr2:87015076-87026477","","No Evidence for Triplosensitivity","https://search.clinicalgenome.org/kb/gene-dosage/region/ISCA-46342","2021-08-06T16:21:30-04:00"
"1q44 population region (gnomAD-SV_v2.1_DEL_1_13898)","ISCA-46341","chr1:248806699-248819725","chr1:248643398-248656424","","No Evidence for Triplosensitivity","https://search.clinicalgenome.org/kb/gene-dosage/region/ISCA-46341","2021-08-06T16:19:18-04:00"
"1q44 population region (gnomAD-SV_v2.1_DEL_1_13890)","ISCA-46340","chr1:248737999-248744000","chr1:248574698-248580699","","No Evidence for Triplosensitivity","https://search.clinicalgenome.org/kb/gene-dosage/region/ISCA-46340","2021-08-06T16:18:54-04:00"
"1q44 population region (gnomAD-SV_v2.1_DEL_1_13889)","ISCA-46339","chr1:248730999-248798200","chr1:248567698-248634899","","No Evidence for Triplosensitivity","https://search.clinicalgenome.org/kb/gene-dosage/region/ISCA-46339","2021-08-06T16:18:32-04:00"
"1q44 population region (gnomAD-SV_v2.1_DEL_1_13888)","ISCA-46338","chr1:248728999-248743000","chr1:248565698-248579699","","No Evidence for Triplosensitivity","https://search.clinicalgenome.org/kb/gene-dosage/region/ISCA-46338","2021-08-06T16:18:13-04:00"
"1q44 population region (gnomAD-SV_v2.1_DEL_1_13885)","ISCA-46337","chr1:248712454-248757403","chr1:248549153-248594102","","No Evidence for Triplosensitivity","https://search.clinicalgenome.org/kb/gene-dosage/region/ISCA-46337","2021-08-06T16:17:48-04:00"
"1q44 population region (gnomAD-SV_v2.1_DUP_1_3816)","ISCA-46336","chr1:248619999-248647000","chr1:248456698-248483699","No Evidence for Haploinsufficiency","","https://search.clinicalgenome.org/kb/gene-dosage/region/ISCA-46336","2021-08-06T16:16:10-04:00"
"1q32.2 population region (gnomAD-SV_v2.1_DEL_1_11282)","ISCA-46335","chr1:207708749-207718050","chr1:207535404-207544705","","No Evidence for Triplosensitivity","https://search.clinicalgenome.org/kb/gene-dosage/region/ISCA-46335","2021-08-16T16:07:48-04:00"
"1q25.2 population region (gnomAD-SV_v2.1_DEL_1_9549)","ISCA-46334","chr1:179455597-179458296","chr1:179486462-179489161","","No Evidence for Triplosensitivity","https://search.clinicalgenome.org/kb/gene-dosage/region/ISCA-46334","2021-08-06T16:13:00-04:00"
"1q23.3 population region (gnomAD-SV_v2.1_DEL_1_8646)","ISCA-46333","chr1:161529258-161610923","chr1:161559468-161641133","","No Evidence for Triplosensitivity","https://search.clinicalgenome.org/kb/gene-dosage/region/ISCA-46333","2021-08-06T16:11:44-04:00"
"1q21.3 population region (gnomAD-SV_v2.1_DEL_1_8087)","ISCA-46332","chr1:152760519-152771091","chr1:152788043-152798615","","No Evidence for Triplosensitivity","https://search.clinicalgenome.org/kb/gene-dosage/region/ISCA-46332","2021-08-06T16:10:29-04:00"
"1q21.3 population region (gnomAD-SV_v2.1_DEL_1_8075)","ISCA-46331","chr1:152555541-152587740","chr1:152583065-152615264","","No Evidence for Triplosensitivity","https://search.clinicalgenome.org/kb/gene-dosage/region/ISCA-46331","2021-08-06T16:10:01-04:00"
"1q21.2 population region (gnomAD-SV_v2.1_DEL_1_7863)","ISCA-46330","chr1:149396649-149406100","chr1:143902073-143911524","","No Evidence for Triplosensitivity","https://search.clinicalgenome.org/kb/gene-dosage/region/ISCA-46330","2021-08-06T16:05:57-04:00"
"1q21.2 population region (gnomAD-SV_v2.1_DEL_1_7859)","ISCA-46329","chr1:149368999-149433200","chr1:143874448-143938649","","No Evidence for Triplosensitivity","https://search.clinicalgenome.org/kb/gene-dosage/region/ISCA-46329","2021-08-06T16:05:33-04:00"
"1q21.2 population region (gnomAD-SV_v2.1_DEL_1_7798)","ISCA-46328","chr1:147944999-147955500","chr1:120900178-120910679","","No Evidence for Triplosensitivity","https://search.clinicalgenome.org/kb/gene-dosage/region/ISCA-46328","2021-08-06T16:04:36-04:00"
"1q21.2 population region (gnomAD-SV_v2.1_DEL_1_7795)","ISCA-46327","chr1:147931899-147982900","chr1:148459777-148510778","","No Evidence for Triplosensitivity","https://search.clinicalgenome.org/kb/gene-dosage/region/ISCA-46327","2021-08-06T16:04:14-04:00"
"1q21.2 population region (gnomAD-SV_v2.1_DEL_1_7781)","ISCA-46326","chr1:147559999-147630500","chr1:148087722-148158223","","No Evidence for Triplosensitivity","https://search.clinicalgenome.org/kb/gene-dosage/region/ISCA-46326","2021-08-06T16:03:29-04:00"
"1q21.2 population region (gnomAD-SV_v2.1_DEL_1_7778)","ISCA-46325","chr1:147433599-147455000","chr1:147961367-147982768","","No Evidence for Triplosensitivity","https://search.clinicalgenome.org/kb/gene-dosage/region/ISCA-46325","2021-08-06T16:02:47-04:00"
"1q21.1 population region (gnomAD-SV_v2.1_DEL_1_7699)","ISCA-46324","chr1:146025999-146089000","chr1:147017931-147080932","","No Evidence for Triplosensitivity","https://search.clinicalgenome.org/kb/gene-dosage/region/ISCA-46324","2021-08-06T15:56:29-04:00"
"1p13.3 population region (gnomAD-SV_v2.1_DEL_1_7022)","ISCA-46323","chr1:110230194-110254581","chr1:109687572-109711959","","No Evidence for Triplosensitivity","https://search.clinicalgenome.org/kb/gene-dosage/region/ISCA-46323","2021-08-06T15:55:10-04:00"
"1p13.3 population region (gnomAD-SV_v2.1_DEL_1_6959)","ISCA-46322","chr1:108923349-108996100","chr1:108380727-108453478","","No Evidence for Triplosensitivity","https://search.clinicalgenome.org/kb/gene-dosage/region/ISCA-46322","2021-08-06T15:54:12-04:00"
"1p21.1 population region (gnomAD-SV_v2.1_DUP_1_1884)","ISCA-46321","chr1:104190999-104303200","chr1:103648377-103760578","No Evidence for Haploinsufficiency","","https://search.clinicalgenome.org/kb/gene-dosage/region/ISCA-46321","2021-08-06T15:50:46-04:00"
"1p36.11 population region (gnomAD-SV_v2.1_DEL_1_1945)","ISCA-46320","chr1:25654999-25661350","chr1:25328508-25334859","","No Evidence for Triplosensitivity","https://search.clinicalgenome.org/kb/gene-dosage/region/ISCA-46320","2021-08-12T10:25:47-04:00"
"1p36.11 population region (gnomAD-SV_v2.1_DEL_1_1944)","ISCA-46319","chr1:25644399-25649500","chr1:25317908-25323009","","No Evidence for Triplosensitivity","https://search.clinicalgenome.org/kb/gene-dosage/region/ISCA-46319","2021-08-17T08:29:59-04:00"
"1p36.11 population region (gnomAD-SV_v2.1_DEL_1_1943)","ISCA-46318","chr1:25639499-25650000","chr1:25313008-25323509","","No Evidence for Triplosensitivity","https://search.clinicalgenome.org/kb/gene-dosage/region/ISCA-46318","2021-08-12T10:25:55-04:00"
"1p36.11 population region (gnomAD-SV_v2.1_DEL_1_1941)","ISCA-46317","chr1:25630899-25636000","chr1:25304408-25309509","","No Evidence for Triplosensitivity","https://search.clinicalgenome.org/kb/gene-dosage/region/ISCA-46317","2021-08-17T08:30:11-04:00"
"1p36.11 population region (gnomAD-SV_v2.1_DEL_1_1939)","ISCA-46316","chr1:25613999-25621000","chr1:25287508-25294509","","No Evidence for Triplosensitivity","https://search.clinicalgenome.org/kb/gene-dosage/region/ISCA-46316","2021-08-17T08:30:20-04:00"
"1p36.11 population region (gnomAD-SV_v2.1_DEL_1_1938)","ISCA-46315","chr1:25593699-25610200","chr1:25267208-25283709","","No Evidence for Triplosensitivity","https://search.clinicalgenome.org/kb/gene-dosage/region/ISCA-46315","2021-08-12T10:26:34-04:00"
"1p36.11 population region (gnomAD-SV_v2.1_DEL_1_1937)","ISCA-46314","chr1:25592799-25651000","chr1:25266308-25324509","","No Evidence for Triplosensitivity","https://search.clinicalgenome.org/kb/gene-dosage/region/ISCA-46314","2021-08-17T08:30:31-04:00"
"1p36.11 population region (gnomAD-SV_v2.1_DEL_1_1834)","ISCA-46313","chr1:24283999-24291000","chr1:23957509-23964510","","No Evidence for Triplosensitivity","https://search.clinicalgenome.org/kb/gene-dosage/region/ISCA-46313","2021-08-12T10:27:21-04:00"
"1p36.21 population region (gnomAD-SV_v2.1_DEL_1_1100)","ISCA-46312","chr1:13043099-13052800","chr1:13040162-13049863","","No Evidence for Triplosensitivity","https://search.clinicalgenome.org/kb/gene-dosage/region/ISCA-46312","2021-08-06T15:10:52-04:00"
"1p36.21 population region (gnomAD-SV_v2.1_DEL_1_1094)","ISCA-46311","chr1:12989199-12998900","chr1:12929369-12939070","","No Evidence for Triplosensitivity","https://search.clinicalgenome.org/kb/gene-dosage/region/ISCA-46311","2021-08-06T15:09:55-04:00"
"1p36.21 population region (gnomAD-SV_v2.1_DEL_1_1089)","ISCA-46310","chr1:12949999-12966000","chr1:12890169-12906170","","No Evidence for Triplosensitivity","https://search.clinicalgenome.org/kb/gene-dosage/region/ISCA-46310","2021-08-06T15:08:44-04:00"
"1p36.21 population region (gnomAD-SV_v2.1_DEL_1_1085)","ISCA-46309","chr1:12896424-12930275","chr1:12836571-12870422","","No Evidence for Triplosensitivity","https://search.clinicalgenome.org/kb/gene-dosage/region/ISCA-46309","2021-08-06T15:06:51-04:00"
"1p36.21 population region (gnomAD-SV_v2.1_DUP_1_507)","ISCA-46308","chr1:12894999-12940000","chr1:12835148-12880149","No Evidence for Haploinsufficiency","","https://search.clinicalgenome.org/kb/gene-dosage/region/ISCA-46308","2021-08-06T15:06:13-04:00"
"1p36.33 population region (gnomAD-SV_v2.1_DEL_1_195)","ISCA-46307","chr1:1640999-1647000","chr1:1709560-1715561","","No Evidence for Triplosensitivity","https://search.clinicalgenome.org/kb/gene-dosage/region/ISCA-46307","2021-08-06T15:03:11-04:00"
"1p36.33 population region (gnomAD-SV_v2.1_DEL_1_11)","ISCA-46306","chr1:363999-401750","chr1:455336-493087","","No Evidence for Triplosensitivity","https://search.clinicalgenome.org/kb/gene-dosage/region/ISCA-46306","2021-08-06T15:01:58-04:00"
"Xq28 region (includes MECP2)","ISCA-46304","chrX:153273980-153375749","chrX:154008529 -154110279","No Evidence for Haploinsufficiency","Sufficient Evidence for Triplosensitivity","https://search.clinicalgenome.org/kb/gene-dosage/region/ISCA-46304","2021-02-22T12:49:57-05:00"
"SOX9 upstream enhancer region","ISCA-46303","chr17:67892996-69792434","chr17:69896855 -71796293","Sufficient Evidence for Haploinsufficiency","Little Evidence for Triplosensitivity","https://search.clinicalgenome.org/kb/gene-dosage/region/ISCA-46303","2021-06-07T12:53:51-04:00"
"Xp21.2 region (includes NR0B1)","ISCA-46302","chrX:30195000-30355000","chrX:30176883 -30336883","No Evidence for Haploinsufficiency","Sufficient Evidence for Triplosensitivity","https://search.clinicalgenome.org/kb/gene-dosage/region/ISCA-46302","2020-07-22T13:58:57-04:00"
"15q24 recurrent region (LCR A-D, B-D, C-D, or B-E) (includes SIN3A)","ISCA-46300","chr15:75631787-75972909","chr15:75339446-75680568","Sufficient Evidence for Haploinsufficiency","No Evidence for Triplosensitivity","https://search.clinicalgenome.org/kb/gene-dosage/region/ISCA-46300","2026-05-09T01:27:55-04:00"
"Xp11.22 region (includes HUWE1)","ISCA-46299","chrX:53363456-53793054","chrX:53334251 -53766556","No Evidence for Haploinsufficiency","Sufficient Evidence for Triplosensitivity","https://search.clinicalgenome.org/kb/gene-dosage/region/ISCA-46299","2018-11-19T22:44:55-05:00"
"13q12.12 recurrent region (includes SACS, SGCG)","ISCA-46298","chr13:23544582-24881361","chr13:22970443-24307222","Little Evidence for Haploinsufficiency","No Evidence for Triplosensitivity","https://search.clinicalgenome.org/kb/gene-dosage/region/ISCA-46298","2026-06-16T17:09:23-04:00"
"16p12.2 recurrent region (distal, BP1-BP2) (includes OTOA)","ISCA-46297","chr16:21570113-21740423","chr16:21558792-21729102","Gene Associated with Autosomal Recessive Phenotype","","https://search.clinicalgenome.org/kb/gene-dosage/region/ISCA-46297","2025-07-18T22:05:30-04:00"
"15q24 recurrent region (LCR A-C)","ISCA-46296","chr15:72963715-75508312","chr15:72671374-75215971","Sufficient Evidence for Haploinsufficiency","Little Evidence for Triplosensitivity","https://search.clinicalgenome.org/kb/gene-dosage/region/ISCA-46296","2026-05-02T11:50:53-04:00"
"15q13.3 recurrent region (D-CHRNA7 to BP5) (includes CHRNA7, OTUD7A)","ISCA-46295","chr15:32019621-32445405","chr15:31727418-32153204","Emerging Evidence for Haploinsufficiency","","https://search.clinicalgenome.org/kb/gene-dosage/region/ISCA-46295","2026-02-11T23:00:56-05:00"
"22q11.2 recurrent region (distal type III, D-G, D-H, E-H, F-H, or F-G) (includes SMARCB1)","ISCA-46294","chr22:23831202-24632821","chr22:23489015-24236853","Sufficient Evidence for Haploinsufficiency","Little Evidence for Triplosensitivity","https://search.clinicalgenome.org/kb/gene-dosage/region/ISCA-46294","2025-12-08T17:15:42-05:00"
"7q11.23 recurrent distal region (includes HIP1, YWHAG)","ISCA-46291","chr7:75158048-76063176","chr7:75528718-76433859","Emerging Evidence for Haploinsufficiency","Little Evidence for Triplosensitivity","https://search.clinicalgenome.org/kb/gene-dosage/region/ISCA-46291","2023-04-20T09:44:58-04:00"
"Xp11.22p11.23 recurrent region (includes SHROOM4)","ISCA-46290","chrX:48306152-52103258","chrX: 48447780-52444264","No Evidence for Haploinsufficiency","Sufficient Evidence for Triplosensitivity","https://search.clinicalgenome.org/kb/gene-dosage/region/ISCA-46290","2017-12-14T14:45:05-05:00"
"2q21.1 recurrent region (includes ARHGEF4, GPR148)","ISCA-46288","chr2:131477509-131929693","chr2:130719936-131172120","Little Evidence for Haploinsufficiency","No Evidence for Triplosensitivity","https://search.clinicalgenome.org/kb/gene-dosage/region/ISCA-46288","2025-08-13T17:47:07-04:00"
"2p24.3 MYCN-DDX1 duplication region","ISCA-46287","chr2:15708677-16185337","chr2:15568553-16045215","","Emerging Evidence for Triplosensitivity","https://search.clinicalgenome.org/kb/gene-dosage/region/ISCA-46287","2017-08-07T12:19:27-04:00"
"15q13 recurrent region (BP3-BP4) (includes APBA2)","ISCA-46285","chr15:29156959-30368990","chr15:28916886-30076787","Little Evidence for Haploinsufficiency","No Evidence for Triplosensitivity","https://search.clinicalgenome.org/kb/gene-dosage/region/ISCA-46285","2025-08-11T15:12:43-04:00"
"22q11.2 recurrent region (central, B-D or C-D) (includes CRKL)","ISCA-37516","chr22:20731986-21465672","chr22:20377696-21111383","Emerging Evidence for Haploinsufficiency","Little Evidence for Triplosensitivity","https://search.clinicalgenome.org/kb/gene-dosage/region/ISCA-37516","2026-03-11T16:37:01-04:00"
"15q25.2q25.3 recurrent region (distal, LCR C-D)","ISCA-37514","chr15:85139652-85713001","chr15:84596421-85169770","Little Evidence for Haploinsufficiency","No Evidence for Triplosensitivity","https://search.clinicalgenome.org/kb/gene-dosage/region/ISCA-37514","2025-08-21T13:12:55-04:00"
"17q23.1q23.2 recurrent region (includes TBX2, TBX4)","ISCA-37501","chr17:58113002-60275809","chr17:60035641-62198448","Sufficient Evidence for Haploinsufficiency","Emerging Evidence for Triplosensitivity","https://search.clinicalgenome.org/kb/gene-dosage/region/ISCA-37501","2026-06-16T19:32:29-04:00"
"15q25.2 recurrent region (proximal, LCR-A/B-C) (includes RPS17)","ISCA-37500","chr15:83199987-84714733","chr15:82534140-84045981","Sufficient Evidence for Haploinsufficiency","No Evidence for Triplosensitivity","https://search.clinicalgenome.org/kb/gene-dosage/region/ISCA-37500","2025-07-17T20:47:51-04:00"
"11q13.2q13.4 recurrent region (includes SHANK2, FGFs)","ISCA-37498","chr11:67763646-71236931","chr11:67996175-71525885","Sufficient Evidence for Haploinsufficiency","No Evidence for Triplosensitivity","https://search.clinicalgenome.org/kb/gene-dosage/region/ISCA-37498","2026-06-14T02:12:09-04:00"
"10q11.2 recurrent region (LCR C-LCR D)","ISCA-37497","chr10:49389703-51053583","chr10:48181660-49845537","Little Evidence for Haploinsufficiency","Little Evidence for Triplosensitivity","https://search.clinicalgenome.org/kb/gene-dosage/region/ISCA-37497","2022-10-12T18:45:18-04:00"
"2q13 recurrent region (distal) (includes BCL2L11)","ISCA-37496","chr2:111392193-113104742","chr2:110634616-112347165","Emerging Evidence for Haploinsufficiency","Little Evidence for Triplosensitivity","https://search.clinicalgenome.org/kb/gene-dosage/region/ISCA-37496","2025-12-09T21:56:03-05:00"
"2q11.2 recurrent region (includes ARID5A, TMEM127)","ISCA-37495","chr2:96739012-97671429","chr2:96073264-97005692","Sufficient Evidence for Haploinsufficiency","Little Evidence for Triplosensitivity","https://search.clinicalgenome.org/kb/gene-dosage/region/ISCA-37495","2022-02-21T13:08:08-05:00"
"Xq28 recurrent region (int22h1/int22h2-flanked) (includes RAB39B)","ISCA-37494","chrX:154118603-154564401","chrX:154890328-155335092","Sufficient Evidence for Haploinsufficiency","Sufficient Evidence for Triplosensitivity","https://search.clinicalgenome.org/kb/gene-dosage/region/ISCA-37494","2018-08-30T20:13:52-04:00"
"1q43q44 terminal region (includes AKT3)","ISCA-37493","chr1:243287730-245318287","chr1:243124428-245154985","Sufficient Evidence for Haploinsufficiency","No Evidence for Triplosensitivity","https://search.clinicalgenome.org/kb/gene-dosage/region/ISCA-37493","2016-10-12T12:50:35-04:00"
"22q11.2 recurrent region (distal type II, E-F)","ISCA-37488","chr22:23119414-23649111","chr22:22776924-23306924","Little Evidence for Haploinsufficiency","No Evidence for Triplosensitivity","https://search.clinicalgenome.org/kb/gene-dosage/region/ISCA-37488","2026-03-16T17:57:36-04:00"
"16p11.2 recurrent region (distal, BP1-BP3, BP2-BP3, or BP1-BP4) (includes SH2B1)","ISCA-37486","chr16:28822635-29046499","chr16:28811314-29035178","Sufficient Evidence for Haploinsufficiency","Little Evidence for Triplosensitivity","https://search.clinicalgenome.org/kb/gene-dosage/region/ISCA-37486","2026-03-18T18:48:27-04:00"
"19q13.3 region (PSG gene cluster)","ISCA-37483","chr19:43242796-43741310","chr19:42738644-43237158","","","https://search.clinicalgenome.org/kb/gene-dosage/region/ISCA-37483","2014-03-13T15:11:38-04:00"
"3 copies: 16p centromere","ISCA-37481","chr16:34202088-35147508","chr16:34967717-35913137","","","https://search.clinicalgenome.org/kb/gene-dosage/region/ISCA-37481","2013-08-01T03:45:55-04:00"
"3 copies: 15q telomere","ISCA-37480","chr15:102161480-102521392","chr15:101621277-101981189","No Evidence for Haploinsufficiency","","https://search.clinicalgenome.org/kb/gene-dosage/region/ISCA-37480","2013-11-26T16:31:52-05:00"
"15q11.2q13 recurrent (PWS/AS) region (Class I, BP1-BP3 and Class II, BP2-BP3)","ISCA-37478","chr15:23747996-28379874","chr15:23465365-28134728","Sufficient Evidence for Haploinsufficiency","Sufficient Evidence for Triplosensitivity","https://search.clinicalgenome.org/kb/gene-dosage/region/ISCA-37478","2025-08-03T23:01:59-04:00"
"1 copy: 14q telomere; 3 copies: 14q telomere","ISCA-37477","chr14:106050000-107289540","chr14:105583663-106881350","","","https://search.clinicalgenome.org/kb/gene-dosage/region/ISCA-37477","2014-07-31T15:12:30-04:00"
"14q11.2 region (TCRA region)","ISCA-37476","chr14:22111109-23021097","chr14:21642889-22552154","","","https://search.clinicalgenome.org/kb/gene-dosage/region/ISCA-37476","2015-04-09T15:14:45-04:00"
"8p23.1 region (DEFB gene cluster)","ISCA-37472","chr8:7053186-8130689","chr8:7195664-8273167","","","https://search.clinicalgenome.org/kb/gene-dosage/region/ISCA-37472","2014-03-12T09:25:57-04:00"
"1 copy: 6p telomere | 3 copies: 6p telomere","ISCA-37471","chr6:259528-339802","chr6:259528-339802","","","https://search.clinicalgenome.org/kb/gene-dosage/region/ISCA-37471","2014-06-20T11:28:00-04:00"
"1 copy: 2q telomere|3 copies: 2q telomere","ISCA-37470","chr2:242930600-243102476","chr2:241988449-242157305","","","https://search.clinicalgenome.org/kb/gene-dosage/region/ISCA-37470","2014-04-24T15:14:09-04:00"
"1q21.2 region (polymorphic region)(non-unique; also maps to chromosomes 16, 7, and others in GRCh38)","ISCA-37469","chr1:148867551-149768855","chr16:34632766 -36224317","","","https://search.clinicalgenome.org/kb/gene-dosage/region/ISCA-37469","2020-10-22T10:29:58-04:00"
"Xp11.23 region (includes MAOA and MAOB)","ISCA-37468","chrX:43514154-43741720","chrX:43654906-43882474","Sufficient Evidence for Haploinsufficiency","No Evidence for Triplosensitivity","https://search.clinicalgenome.org/kb/gene-dosage/region/ISCA-37468","2017-10-11T11:29:12-04:00"
"7q36.3 ZRS (SHH cis-regulatory) duplication region (within LMBR1 intron 5)","ISCA-37467","chr7:156583796-156584568","chr7:156791102-156791874","No Evidence for Haploinsufficiency","Sufficient Evidence for Triplosensitivity","https://search.clinicalgenome.org/kb/gene-dosage/region/ISCA-37467","2018-02-14T21:01:20-05:00"
"15q11.2 recurrent region (BP1-BP2) (includes NIPA1)","ISCA-37448","chr15:22832519-23090897","chr15:22782170-23040134","Sufficient Evidence for Haploinsufficiency","","https://search.clinicalgenome.org/kb/gene-dosage/region/ISCA-37448","2021-04-12T19:38:54-04:00"
"DLK1-MEG3 Intergenic Region","ISCA-37447","chr14:101190852-101299552","chr14:100724515-100833215","Sufficient Evidence for Haploinsufficiency","No Evidence for Triplosensitivity","https://search.clinicalgenome.org/kb/gene-dosage/region/ISCA-37447","2024-09-13T09:53:50-04:00"
"22q11.2 recurrent (DGS) region (proximal, A-B, A-C, or A-D) (includes TBX1)","ISCA-37446","chr22:18912231-21465672","chr22:18924718-21111383","Sufficient Evidence for Haploinsufficiency","Sufficient Evidence for Triplosensitivity","https://search.clinicalgenome.org/kb/gene-dosage/region/ISCA-37446","2025-07-19T22:21:17-04:00"
"3q29 recurrent region (includes DLG1)","ISCA-37443","chr3:195756054-197344662","chr3:196029183-197617791","Sufficient Evidence for Haploinsufficiency","Little Evidence for Triplosensitivity","https://search.clinicalgenome.org/kb/gene-dosage/region/ISCA-37443","2024-02-18T15:26:54-05:00"
"6q24 region (includes PLAGL1)","ISCA-37442","chr6:144243292 -144416561","chr6:143922155-144095424","Little Evidence for Haploinsufficiency","Sufficient Evidence for Triplosensitivity","https://search.clinicalgenome.org/kb/gene-dosage/region/ISCA-37442","2016-05-24T10:51:51-04:00"
"11p11.2 (Potocki-Shaffer syndrome) region (includes ALX4, EXT2)","ISCA-37441","chr11:43894800-46152450","chr11:43873250-46130899","Sufficient Evidence for Haploinsufficiency","No Evidence for Triplosensitivity","https://search.clinicalgenome.org/kb/gene-dosage/region/ISCA-37441","2013-12-12T15:01:44-05:00"
"2p21 region (includes PREPL and SLC3A1)","ISCA-37440","chr2:44410272-44589641","chr2:44183133-44362502","Gene Associated with Autosomal Recessive Phenotype","No Evidence for Triplosensitivity","https://search.clinicalgenome.org/kb/gene-dosage/region/ISCA-37440","2012-03-21T10:40:11-04:00"
"Xq28 recurrent region (includes GDI1)","ISCA-37439","chrX:153624564-153783898","chrX:154396223-154555683","No Evidence for Haploinsufficiency","Sufficient Evidence for Triplosensitivity","https://search.clinicalgenome.org/kb/gene-dosage/region/ISCA-37439","2016-05-26T15:09:52-04:00"
"14q11.2 region including CHD8 and SUPT16H","ISCA-37438","chr14:21826900-21861987","chr14:21358741-21393828","Emerging Evidence for Haploinsufficiency","No Evidence for Triplosensitivity","https://search.clinicalgenome.org/kb/gene-dosage/region/ISCA-37438","2012-05-09T10:11:45-04:00"
"17p12 recurrent (HNPP/CMT1A) region (includes PMP22)","ISCA-37436","chr17:14097915-15422952","chr17:14194598-15519638","Sufficient Evidence for Haploinsufficiency","Sufficient Evidence for Triplosensitivity","https://search.clinicalgenome.org/kb/gene-dosage/region/ISCA-37436","2025-09-12T11:59:42-04:00"
"1p36 terminal region (includes GABRD)","ISCA-37434","chr1:834083-6289973","chr1:898703 -6229913","Sufficient Evidence for Haploinsufficiency","Emerging Evidence for Triplosensitivity","https://search.clinicalgenome.org/kb/gene-dosage/region/ISCA-37434","2016-05-31T14:23:38-04:00"
"22q11.2 recurrent (DGS) region (proximal, A-B) (includes TBX1)","ISCA-37433","chr22:18912231-20287208","chr22:18924718-20299685","","","https://search.clinicalgenome.org/kb/gene-dosage/region/ISCA-37433","2025-07-19T22:20:56-04:00"
"17q12 recurrent (RCAD syndrome) region (includes HNF1B)","ISCA-37432","chr17:34815072-36192489","chr17:36458167-37854616","Sufficient Evidence for Haploinsufficiency","Sufficient Evidence for Triplosensitivity","https://search.clinicalgenome.org/kb/gene-dosage/region/ISCA-37432","2026-05-11T18:54:39-04:00"
"17q11.2 recurrent region (type-1, -2, or -3) (includes NF1)","ISCA-37431","chr17:29036626-30328268","chr17:30780079-31937008","Sufficient Evidence for Haploinsufficiency","Emerging Evidence for Triplosensitivity","https://search.clinicalgenome.org/kb/gene-dosage/region/ISCA-37431","2025-12-03T13:20:55-05:00"
"17p13.3 (Miller-Dieker syndrome) region (includes YWHAE and PAFAH1B1)","ISCA-37430","chr17:1247833-2588909","chr17:1344539-2685615","Sufficient Evidence for Haploinsufficiency","Sufficient Evidence for Triplosensitivity","https://search.clinicalgenome.org/kb/gene-dosage/region/ISCA-37430","2016-11-09T23:19:51-05:00"
"4p16.3 terminal (Wolf-Hirschhorn syndrome) region","ISCA-37429","chr4:331568-2010962","chr4:337779 -2009235","Sufficient Evidence for Haploinsufficiency","Emerging Evidence for Triplosensitivity","https://search.clinicalgenome.org/kb/gene-dosage/region/ISCA-37429","2016-08-11T15:39:37-04:00"
"1q21.1 recurrent (TAR syndrome) region (proximal, BP1-BP3 or BP2-BP3) (includes RBM8A)","ISCA-37428","chr1:145386507-145748064","chr1:145686999-146048495","No Evidence for Haploinsufficiency","Little Evidence for Triplosensitivity","https://search.clinicalgenome.org/kb/gene-dosage/region/ISCA-37428","2026-06-01T22:56:56-04:00"
"5q35 recurrent (Sotos syndrome) region (includes NSD1)","ISCA-37425","chr5:175728979-177047793","chr5:176301976-177620792","Sufficient Evidence for Haploinsufficiency","Sufficient Evidence for Triplosensitivity","https://search.clinicalgenome.org/kb/gene-dosage/region/ISCA-37425","2025-04-08T14:59:24-04:00"
"10q22.3q23.2 recurrent region (includes BMPR1A)","ISCA-37424","chr10:81682843-88739388","chr10:79923087-86979631","Sufficient Evidence for Haploinsufficiency","Little Evidence for Triplosensitivity","https://search.clinicalgenome.org/kb/gene-dosage/region/ISCA-37424","2023-05-15T14:57:56-04:00"
"8p23.1 recurrent region (includes GATA4)","ISCA-37423","chr8:8100064-11766329","chr8:8242542-11908820","Sufficient Evidence for Haploinsufficiency","Emerging Evidence for Triplosensitivity","https://search.clinicalgenome.org/kb/gene-dosage/region/ISCA-37423","2022-06-10T15:54:05-04:00"
"1q21.1 recurrent region (distal, BP3-BP4) (includes GJA5) ","ISCA-37421","chr1:146577486-147394506","chr1:147105904-147917509","Sufficient Evidence for Haploinsufficiency","Emerging Evidence for Triplosensitivity","https://search.clinicalgenome.org/kb/gene-dosage/region/ISCA-37421","2026-04-30T21:41:51-04:00"
"17q21.31 recurrent (KdVS) region (includes KANSL1)","ISCA-37420","chr17:43705166-44164880","chr17:45627800-46087514","Sufficient Evidence for Haploinsufficiency","Little Evidence for Triplosensitivity","https://search.clinicalgenome.org/kb/gene-dosage/region/ISCA-37420","2025-08-02T19:56:45-04:00"
"17p11.2 recurrent (SMS/PLS) region (includes RAI1)","ISCA-37418","chr17:16810028-20213202","chr17:16906714-20309889","Sufficient Evidence for Haploinsufficiency","Sufficient Evidence for Triplosensitivity","https://search.clinicalgenome.org/kb/gene-dosage/region/ISCA-37418","2025-10-10T08:32:55-04:00"
"Xp22.31 recurrent region (includes STS)","ISCA-37417","chrX:6455812-8124954","chrX:6537771-8156913","Sufficient Evidence for Haploinsufficiency","","https://search.clinicalgenome.org/kb/gene-dosage/region/ISCA-37417","2021-07-01T10:52:38-04:00"
"16p13.11 recurrent region (BP1-BP3, BP2-BP3, or BP2-BP4) (includes MYH11)","ISCA-37415","chr16:15511711-16292265","chr16:15417854-16198408","Emerging Evidence for Haploinsufficiency","Emerging Evidence for Triplosensitivity","https://search.clinicalgenome.org/kb/gene-dosage/region/ISCA-37415","2024-08-16T09:08:41-04:00"
"15q13.3 recurrent region (BP3-BP5 or BP4-BP5) (includes CHRNA7)","ISCA-37411","chr15:31192889-32445405","chr15:30900686-32153204","Sufficient Evidence for Haploinsufficiency","Little Evidence for Triplosensitivity","https://search.clinicalgenome.org/kb/gene-dosage/region/ISCA-37411","2026-02-11T22:51:16-05:00"
"16p12.2 recurrent region (proximal) (includes EEF2K, CDR2)","ISCA-37409","chr16:21948445-22430804","chr16:21937124-22419483","Emerging Evidence for Haploinsufficiency","No Evidence for Triplosensitivity","https://search.clinicalgenome.org/kb/gene-dosage/region/ISCA-37409","2025-09-23T22:29:19-04:00"
"2p15p16.1 region (includes BCL11A) ","ISCA-37408","chr2:59139200-62488871","chr2:58912065-62261736","Sufficient Evidence for Haploinsufficiency","Little Evidence for Triplosensitivity","https://search.clinicalgenome.org/kb/gene-dosage/region/ISCA-37408","2024-09-10T12:40:03-04:00"
"16p13.3 region (includes CREBBP)","ISCA-37406","chr16:3775056-3930121","chr16:3725055-3880120","Sufficient Evidence for Haploinsufficiency","Little Evidence for Triplosensitivity","https://search.clinicalgenome.org/kb/gene-dosage/region/ISCA-37406","2016-06-09T14:25:35-04:00"
"2q13 recurrent region (proximal) (includes NPHP1) ","ISCA-37405","chr2:110862108-110983703","chr2:110104531-110228181","Gene Associated with Autosomal Recessive Phenotype","","https://search.clinicalgenome.org/kb/gene-dosage/region/ISCA-37405","2025-07-19T16:16:26-04:00"
"15q11.2q13 recurrent (PWS/AS) region (Class I, BP1-BP3)","ISCA-37404","chr15:22832519-28379874","chr15:22782170-28134728","","","https://search.clinicalgenome.org/kb/gene-dosage/region/ISCA-37404","2025-08-03T23:11:40-04:00"
"11p13 (WAGR syndrome) region","ISCA-37401","chr11:31803509-32510988","chr11:31781961-32489442","Sufficient Evidence for Haploinsufficiency","Little Evidence for Triplosensitivity","https://search.clinicalgenome.org/kb/gene-dosage/region/ISCA-37401","2016-05-24T10:22:19-04:00"
"16p11.2 recurrent region (proximal, BP4-BP5) (includes TBX6) ","ISCA-37400","chr16:29649997-30199852","chr16:29638676-30188531","Sufficient Evidence for Haploinsufficiency","Sufficient Evidence for Triplosensitivity","https://search.clinicalgenome.org/kb/gene-dosage/region/ISCA-37400","2026-03-18T19:09:02-04:00"
"22q11.2 recurrent region (distal type I, D-E or D-F)","ISCA-37397","chr22:21917117-22963077","chr22:21562828-22620608","Sufficient Evidence for Haploinsufficiency","Little Evidence for Triplosensitivity","https://search.clinicalgenome.org/kb/gene-dosage/region/ISCA-37397","2026-03-16T17:42:50-04:00"
"22q11.21 recurrent (CES) region (includes CECR2)","ISCA-37393","chr22:17392953-18591860","chr22:16912063-18109094","No Evidence for Haploinsufficiency","Sufficient Evidence for Triplosensitivity","https://search.clinicalgenome.org/kb/gene-dosage/region/ISCA-37393","2025-12-08T19:18:15-05:00"
"7q11.23 recurrent (Williams-Beuren syndrome) region (proximal) (includes ELN)","ISCA-37392","chr7:72744455-74142511","chr7:73330452-74728173","Sufficient Evidence for Haploinsufficiency","Sufficient Evidence for Triplosensitivity","https://search.clinicalgenome.org/kb/gene-dosage/region/ISCA-37392","2026-02-03T22:54:52-05:00"
"5p15 terminal (Cri du chat syndrome) region","ISCA-37390","chr5:37693-11347262","chr5:37695-11347150","Sufficient Evidence for Haploinsufficiency","Emerging Evidence for Triplosensitivity","https://search.clinicalgenome.org/kb/gene-dosage/region/ISCA-37390","2016-06-21T07:13:02-04:00"
"16p12.3 recurrent region (BP3-BP4) (includes XYLT1)","ISCA-46755","chr16:16856796-18167400","chr16:16762939-18073544","No Evidence for Haploinsufficiency","No Evidence for Triplosensitivity","https://search.clinicalgenome.org/kb/gene-dosage/region/ISCA-46755","2025-06-06T16:59:32-04:00"
"21q21.3 region (includes APP)","ISCA-46757","chr21:27106881-27945605","chr21:25734570-26573286","No Evidence for Haploinsufficiency","Sufficient Evidence for Triplosensitivity","https://search.clinicalgenome.org/kb/gene-dosage/region/ISCA-46757","2025-10-27T10:38:30-04:00"
"11p13 PAX6 Downstream Regulatory Region (within introns 5-7 of ELP4)","ISCA-46758","chr11:31648248-31666340","chr11:31626701-31644792","Sufficient Evidence for Haploinsufficiency","No Evidence for Triplosensitivity","https://search.clinicalgenome.org/kb/gene-dosage/region/ISCA-46758","2026-04-28T16:48:40-04:00"
"6p25.3 Region (includes FOXC1)","ISCA-46759","chr6:1348230-1713692","chr6:1347995-1713458","Sufficient Evidence for Haploinsufficiency","Sufficient Evidence for Triplosensitivity","https://search.clinicalgenome.org/kb/gene-dosage/region/ISCA-46759","2026-05-12T12:34:42-04:00"
"15q24 recurrent region (LCR D-E)","ISCA-46760","chr15:76115253-78151251","chr15:75822912-77858909","No Evidence for Haploinsufficiency","No Evidence for Triplosensitivity","https://search.clinicalgenome.org/kb/gene-dosage/region/ISCA-46760","2026-05-01T23:49:49-04:00"
